week_start_date,sku_id,category,current_price,current_quantity,cost_price,is_on_promo,normal_elasticity,promo_elasticity,final_elasticity,elasticity,competitor_price,margin_target,elasticity_p_value
2024-07-01,SKU0001,Electronics,11365.814729729733,148,8000,True,-0.6959,-1.2398,-1.2398,-1.2398,9291.879,0.18,0.4324
2024-07-08,SKU0001,Electronics,10764.77175,160,8000,True,-0.6959,-1.2398,-1.2398,-1.2398,8909.088000000002,0.18,0.4324
2024-07-15,SKU0001,Electronics,12962.745842696631,89,8000,False,-0.6959,-1.2398,-0.6959,-0.6959,8887.224,0.18,0.4324
2024-07-22,SKU0001,Electronics,12968.80761904762,84,8000,False,-0.6959,-1.2398,-0.6959,-0.6959,8627.472,0.18,0.4324
2024-07-29,SKU0001,Electronics,13073.121692307692,65,8000,False,-0.6959,-1.2398,-0.6959,-0.6959,8527.056,0.18,0.4324
2024-08-05,SKU0001,Electronics,11324.75448275862,116,8000,True,-0.6959,-1.2398,-1.2398,-1.2398,9106.059,0.18,0.4324
2024-08-12,SKU0001,Electronics,11012.749444444444,126,8000,True,-0.6959,-1.2398,-1.2398,-1.2398,8508.12,0.18,0.4324
2024-08-19,SKU0001,Electronics,12958.994933333332,75,8000,False,-0.6959,-1.2398,-0.6959,-0.6959,8629.923,0.18,0.4324
2024-08-26,SKU0001,Electronics,12547.79042857143,70,8000,False,-0.6959,-1.2398,-0.6959,-0.6959,8610.627,0.18,0.4324
2024-09-02,SKU0001,Electronics,11294.97757009346,107,8000,False,-0.6959,-1.2398,-0.6959,-0.6959,8829.624000000002,0.18,0.4324
2024-09-09,SKU0001,Electronics,12304.032068965518,87,8000,False,-0.6959,-1.2398,-0.6959,-0.6959,8768.259,0.18,0.4324
2024-09-16,SKU0001,Electronics,11837.069745762712,118,8000,True,-0.6959,-1.2398,-1.2398,-1.2398,9288.594,0.18,0.4324
2024-09-23,SKU0001,Electronics,10325.4685840708,113,8000,True,-0.6959,-1.2398,-1.2398,-1.2398,8588.733,0.18,0.4324
2024-09-30,SKU0001,Electronics,11826.990476190476,84,8000,False,-0.6959,-1.2398,-0.6959,-0.6959,8740.127999999999,0.18,0.4324
2024-10-07,SKU0001,Electronics,12693.994102564104,78,8000,False,-0.6959,-1.2398,-0.6959,-0.6959,8808.413999999999,0.18,0.4324
2024-10-14,SKU0001,Electronics,12409.781222222224,90,8000,False,-0.6959,-1.2398,-0.6959,-0.6959,8865.168,0.18,0.4324
2024-10-21,SKU0001,Electronics,11862.897014925373,67,8000,False,-0.6959,-1.2398,-0.6959,-0.6959,8319.69,0.18,0.4324
2024-10-28,SKU0001,Electronics,12639.402298850577,87,8000,False,-0.6959,-1.2398,-0.6959,-0.6959,7957.77,0.18,0.4324
2024-11-04,SKU0001,Electronics,11484.985757575758,99,8000,False,-0.6959,-1.2398,-0.6959,-0.6959,9075.159,0.18,0.4324
2024-11-11,SKU0001,Electronics,12297.007857142858,70,8000,False,-0.6959,-1.2398,-0.6959,-0.6959,8642.328,0.18,0.4324
2024-11-18,SKU0001,Electronics,11518.121627906976,86,8000,False,-0.6959,-1.2398,-0.6959,-0.6959,8580.126,0.18,0.4324
2024-11-25,SKU0001,Electronics,12688.610975609758,82,8000,False,-0.6959,-1.2398,-0.6959,-0.6959,8574.084,0.18,0.4324
2024-12-02,SKU0001,Electronics,12953.39792682927,82,8000,False,-0.6959,-1.2398,-0.6959,-0.6959,8674.653,0.18,0.4324
2024-12-09,SKU0001,Electronics,11568.77448275862,87,8000,False,-0.6959,-1.2398,-0.6959,-0.6959,8686.538999999999,0.18,0.4324
2024-12-16,SKU0001,Electronics,11564.656636363636,110,8000,False,-0.6959,-1.2398,-0.6959,-0.6959,8332.494,0.18,0.4324
2024-12-23,SKU0001,Electronics,12246.598068181816,88,8000,False,-0.6959,-1.2398,-0.6959,-0.6959,8959.263,0.18,0.4324
2024-12-30,SKU0001,Electronics,11824.967142857144,28,8000,False,-0.6959,-1.2398,-0.6959,-0.6959,8546.910000000002,0.18,0.4324
2024-07-01,SKU0002,Electronics,17489.128724137932,290,18000,True,-0.7486,-2.7505,-2.7505,-2.7505,21997.556666666667,0.18,0.4094
2024-07-08,SKU0002,Electronics,20573.90927272728,165,18000,True,-0.7486,-2.7505,-2.7505,-2.7505,21723.59,0.18,0.4094
2024-07-15,SKU0002,Electronics,22632.095,134,18000,False,-0.7486,-2.7505,-0.7486,-0.7486,22411.83333333333,0.18,0.4094
2024-07-22,SKU0002,Electronics,21607.813741935483,155,18000,False,-0.7486,-2.7505,-0.7486,-0.7486,21334.27333333333,0.18,0.4094
2024-07-29,SKU0002,Electronics,20338.68707070707,198,18000,False,-0.7486,-2.7505,-0.7486,-0.7486,20782.710000000003,0.18,0.4094
2024-08-05,SKU0002,Electronics,18583.051111111112,162,18000,True,-0.7486,-2.7505,-2.7505,-2.7505,21609.78,0.18,0.4094
2024-08-12,SKU0002,Electronics,17090.358301886794,265,18000,True,-0.7486,-2.7505,-2.7505,-2.7505,21622.846666666665,0.18,0.4094
2024-08-19,SKU0002,Electronics,21827.869545454545,176,18000,False,-0.7486,-2.7505,-0.7486,-0.7486,20600.79333333333,0.18,0.4094
2024-08-26,SKU0002,Electronics,21253.342880434782,184,18000,False,-0.7486,-2.7505,-0.7486,-0.7486,19758.88666666667,0.18,0.4094
2024-09-02,SKU0002,Electronics,20879.31704819277,166,18000,False,-0.7486,-2.7505,-0.7486,-0.7486,21139.32,0.18,0.4094
2024-09-09,SKU0002,Electronics,19738.9848255814,172,18000,False,-0.7486,-2.7505,-0.7486,-0.7486,21801.12,0.18,0.4094
2024-09-16,SKU0002,Electronics,19834.09093406593,182,18000,True,-0.7486,-2.7505,-2.7505,-2.7505,21829.05,0.18,0.4094
2024-09-23,SKU0002,Electronics,20824.511944444446,144,18000,True,-0.7486,-2.7505,-2.7505,-2.7505,21960.58666666667,0.18,0.4094
2024-09-30,SKU0002,Electronics,20404.06090909091,143,18000,False,-0.7486,-2.7505,-0.7486,-0.7486,21220.096666666668,0.18,0.4094
2024-10-07,SKU0002,Electronics,19022.431505376346,186,18000,False,-0.7486,-2.7505,-0.7486,-0.7486,21426.086666666662,0.18,0.4094
2024-10-14,SKU0002,Electronics,18808.38512820513,195,18000,False,-0.7486,-2.7505,-0.7486,-0.7486,20213.303333333333,0.18,0.4094
2024-10-21,SKU0002,Electronics,20765.11576642336,137,18000,False,-0.7486,-2.7505,-0.7486,-0.7486,21514.25333333333,0.18,0.4094
2024-10-28,SKU0002,Electronics,20329.988773584908,106,18000,False,-0.7486,-2.7505,-0.7486,-0.7486,20125.146666666667,0.18,0.4094
2024-11-04,SKU0002,Electronics,18942.458496732022,153,18000,False,-0.7486,-2.7505,-0.7486,-0.7486,21635.766666666663,0.18,0.4094
2024-11-11,SKU0002,Electronics,20616.85511450382,131,18000,False,-0.7486,-2.7505,-0.7486,-0.7486,20894.823333333334,0.18,0.4094
2024-11-18,SKU0002,Electronics,20434.725839416056,137,18000,False,-0.7486,-2.7505,-0.7486,-0.7486,20959.506666666664,0.18,0.4094
2024-11-25,SKU0002,Electronics,19166.984551724137,145,18000,False,-0.7486,-2.7505,-0.7486,-0.7486,19880.596666666668,0.18,0.4094
2024-12-02,SKU0002,Electronics,19491.642617449663,149,18000,False,-0.7486,-2.7505,-0.7486,-0.7486,20919.15333333333,0.18,0.4094
2024-12-09,SKU0002,Electronics,22274.446888888888,135,18000,False,-0.7486,-2.7505,-0.7486,-0.7486,20946.316666666666,0.18,0.4094
2024-12-16,SKU0002,Electronics,20733.3518125,160,18000,False,-0.7486,-2.7505,-0.7486,-0.7486,21328.81,0.18,0.4094
2024-12-23,SKU0002,Electronics,18828.93966442953,149,18000,False,-0.7486,-2.7505,-0.7486,-0.7486,21323.84333333333,0.18,0.4094
2024-12-30,SKU0002,Electronics,19276.56339622641,53,18000,False,-0.7486,-2.7505,-0.7486,-0.7486,21823.62,0.18,0.4094
2024-07-01,SKU0003,Electronics,33655.95154411765,136,30000,True,-1.176,1.7516,1.7516,1.7516,37729.95333333334,0.18,0.0164
2024-07-08,SKU0003,Electronics,35592.216636363635,110,30000,True,-1.176,1.7516,1.7516,1.7516,35575.65333333333,0.18,0.0164
2024-07-15,SKU0003,Electronics,33999.69010869566,92,30000,False,-1.176,1.7516,-1.176,-1.176,36753.05333333334,0.18,0.0164
2024-07-22,SKU0003,Electronics,39854.97824324325,74,30000,False,-1.176,1.7516,-1.176,-1.176,35209.58666666667,0.18,0.0164
2024-07-29,SKU0003,Electronics,35388.70777777778,81,30000,False,-1.176,1.7516,-1.176,-1.176,37493.18666666667,0.18,0.0164
2024-08-05,SKU0003,Electronics,35810.27141791045,134,30000,True,-1.176,1.7516,1.7516,1.7516,34683.34,0.18,0.0164
2024-08-12,SKU0003,Electronics,34130.762500000004,92,30000,True,-1.176,1.7516,1.7516,1.7516,35362.943333333336,0.18,0.0164
2024-08-19,SKU0003,Electronics,35240.46156626506,83,30000,False,-1.176,1.7516,-1.176,-1.176,35438.85,0.18,0.0164
2024-08-26,SKU0003,Electronics,39595.72041666667,72,30000,False,-1.176,1.7516,-1.176,-1.176,35939.41333333333,0.18,0.0164
2024-09-02,SKU0003,Electronics,33175.62925,80,30000,False,-1.176,1.7516,-1.176,-1.176,34944.41,0.18,0.0164
2024-09-09,SKU0003,Electronics,39214.8955,60,30000,False,-1.176,1.7516,-1.176,-1.176,36628.24333333333,0.18,0.0164
2024-09-16,SKU0003,Electronics,32389.18186915888,107,30000,True,-1.176,1.7516,1.7516,1.7516,35718.44666666666,0.18,0.0164
2024-09-23,SKU0003,Electronics,34117.82791666666,72,30000,True,-1.176,1.7516,1.7516,1.7516,34749.60666666667,0.18,0.0164
2024-09-30,SKU0003,Electronics,38628.74107142857,56,30000,False,-1.176,1.7516,-1.176,-1.176,36356.05666666666,0.18,0.0164
2024-10-07,SKU0003,Electronics,37755.49847457627,59,30000,False,-1.176,1.7516,-1.176,-1.176,34607.52,0.18,0.0164
2024-10-14,SKU0003,Electronics,33729.24307692308,52,30000,False,-1.176,1.7516,-1.176,-1.176,35107.996666666666,0.18,0.0164
2024-10-21,SKU0003,Electronics,,0,30000,False,-1.176,1.7516,-1.176,-1.176,36293.05666666667,0.18,0.0164
2024-10-28,SKU0003,Electronics,35525.3074137931,58,30000,False,-1.176,1.7516,-1.176,-1.176,36413.68333333333,0.18,0.0164
2024-11-04,SKU0003,Electronics,37814.83346153847,52,30000,False,-1.176,1.7516,-1.176,-1.176,36319.386666666665,0.18,0.0164
2024-11-11,SKU0003,Electronics,36284.1268,50,30000,False,-1.176,1.7516,-1.176,-1.176,33745.56,0.18,0.0164
2024-11-18,SKU0003,Electronics,35731.903018867924,53,30000,False,-1.176,1.7516,-1.176,-1.176,35538.46666666667,0.18,0.0164
2024-11-25,SKU0003,Electronics,36448.02127272728,55,30000,False,-1.176,1.7516,-1.176,-1.176,35169.68666666667,0.18,0.0164
2024-12-02,SKU0003,Electronics,36388.37235294117,51,30000,False,-1.176,1.7516,-1.176,-1.176,33846.153333333335,0.18,0.0164
2024-12-09,SKU0003,Electronics,39962.07047619048,42,30000,False,-1.176,1.7516,-1.176,-1.176,35889.98,0.18,0.0164
2024-12-16,SKU0003,Electronics,33258.333384615384,65,30000,False,-1.176,1.7516,-1.176,-1.176,35530.57,0.18,0.0164
2024-12-23,SKU0003,Electronics,37520.852333333336,60,30000,False,-1.176,1.7516,-1.176,-1.176,35355.130000000005,0.18,0.0164
2024-12-30,SKU0003,Electronics,35437.08,21,30000,False,-1.176,1.7516,-1.176,-1.176,34638.89333333333,0.18,0.0164
2024-07-01,SKU0004,Electronics,13417.998,80,9000,True,-1.8797,0.0483,0.0483,0.0483,9964.842,0.18,0.0018
2024-07-08,SKU0004,Electronics,14264.49883116883,77,9000,True,-1.8797,0.0483,0.0483,0.0483,9534.189,0.18,0.0018
2024-07-15,SKU0004,Electronics,14431.626274509805,51,9000,False,-1.8797,0.0483,-1.8797,-1.8797,10072.686,0.18,0.0018
2024-07-22,SKU0004,Electronics,14862.188333333334,60,9000,False,-1.8797,0.0483,-1.8797,-1.8797,9716.133,0.18,0.0018
2024-07-29,SKU0004,Electronics,13966.606000000002,50,9000,False,-1.8797,0.0483,-1.8797,-1.8797,9488.532,0.18,0.0018
2024-08-05,SKU0004,Electronics,14682.984473684211,38,9000,True,-1.8797,0.0483,0.0483,0.0483,9428.595,0.18,0.0018
2024-08-12,SKU0004,Electronics,12062.936233766231,77,9000,True,-1.8797,0.0483,0.0483,0.0483,9518.448,0.18,0.0018
2024-08-19,SKU0004,Electronics,14732.921463414636,41,9000,False,-1.8797,0.0483,-1.8797,-1.8797,9343.152,0.18,0.0018
2024-08-26,SKU0004,Electronics,13688.389782608694,46,9000,False,-1.8797,0.0483,-1.8797,-1.8797,9190.494,0.18,0.0018
2024-09-02,SKU0004,Electronics,14288.93487804878,41,9000,False,-1.8797,0.0483,-1.8797,-1.8797,9149.508,0.18,0.0018
2024-09-09,SKU0004,Electronics,14879.39,48,9000,False,-1.8797,0.0483,-1.8797,-1.8797,9121.425,0.18,0.0018
2024-09-16,SKU0004,Electronics,15152.817727272726,44,9000,True,-1.8797,0.0483,0.0483,0.0483,9155.928,0.18,0.0018
2024-09-23,SKU0004,Electronics,12552.135777777778,45,9000,True,-1.8797,0.0483,0.0483,0.0483,9673.731,0.18,0.0018
2024-09-30,SKU0004,Electronics,14937.976774193548,31,9000,False,-1.8797,0.0483,-1.8797,-1.8797,9598.941,0.18,0.0018
2024-10-07,SKU0004,Electronics,15414.63576923077,26,9000,False,-1.8797,0.0483,-1.8797,-1.8797,9934.503,0.18,0.0018
2024-10-14,SKU0004,Electronics,15976.591612903225,31,9000,False,-1.8797,0.0483,-1.8797,-1.8797,9402.384,0.18,0.0018
2024-10-21,SKU0004,Electronics,,0,9000,False,-1.8797,0.0483,-1.8797,-1.8797,9334.293,0.18,0.0018
2024-10-28,SKU0004,Electronics,14815.497272727274,33,9000,False,-1.8797,0.0483,-1.8797,-1.8797,9670.413,0.18,0.0018
2024-11-04,SKU0004,Electronics,14802.479,30,9000,False,-1.8797,0.0483,-1.8797,-1.8797,9066.33,0.18,0.0018
2024-11-11,SKU0004,Electronics,13181.651666666665,36,9000,False,-1.8797,0.0483,-1.8797,-1.8797,8992.794,0.18,0.0018
2024-11-18,SKU0004,Electronics,15180.907741935484,31,9000,False,-1.8797,0.0483,-1.8797,-1.8797,9248.925,0.18,0.0018
2024-11-25,SKU0004,Electronics,13551.309411764709,34,9000,False,-1.8797,0.0483,-1.8797,-1.8797,9571.263,0.18,0.0018
2024-12-02,SKU0004,Electronics,14730.058333333332,30,9000,False,-1.8797,0.0483,-1.8797,-1.8797,9508.14,0.18,0.0018
2024-12-09,SKU0004,Electronics,15188.52722222222,36,9000,False,-1.8797,0.0483,-1.8797,-1.8797,9621.006,0.18,0.0018
2024-12-16,SKU0004,Electronics,13524.729743589744,39,9000,False,-1.8797,0.0483,-1.8797,-1.8797,9545.754,0.18,0.0018
2024-12-23,SKU0004,Electronics,15065.611428571428,42,9000,False,-1.8797,0.0483,-1.8797,-1.8797,9421.083,0.18,0.0018
2024-12-30,SKU0004,Electronics,15872.2165,20,9000,False,-1.8797,0.0483,-1.8797,-1.8797,9798.875999999998,0.18,0.0018
2024-07-01,SKU0005,Electronics,6095.710044247788,226,6000,True,-2.4587,-3.7896,-3.7896,-3.7896,7019.933333333333,0.18,0.0
2024-07-08,SKU0005,Electronics,6271.0388047808765,251,6000,True,-2.4587,-3.7896,-3.7896,-3.7896,6837.543333333332,0.18,0.0
2024-07-15,SKU0005,Electronics,6503.269602272727,176,6000,False,-2.4587,-3.7896,-2.4587,-2.4587,7103.206666666666,0.18,0.0
2024-07-22,SKU0005,Electronics,7162.048831168831,154,6000,False,-2.4587,-3.7896,-2.4587,-2.4587,7222.073333333334,0.18,0.0
2024-07-29,SKU0005,Electronics,6539.227021276595,188,6000,False,-2.4587,-3.7896,-2.4587,-2.4587,7011.326666666667,0.18,0.0
2024-08-05,SKU0005,Electronics,6542.924242424242,198,6000,True,-2.4587,-3.7896,-3.7896,-3.7896,6981.126666666667,0.18,0.0
2024-08-12,SKU0005,Electronics,5574.29825203252,246,6000,True,-2.4587,-3.7896,-3.7896,-3.7896,6692.963333333333,0.18,0.0
2024-08-19,SKU0005,Electronics,7365.835112781955,133,6000,False,-2.4587,-3.7896,-2.4587,-2.4587,6836.616666666666,0.18,0.0
2024-08-26,SKU0005,Electronics,7403.694027777778,144,6000,False,-2.4587,-3.7896,-2.4587,-2.4587,6981.5,0.18,0.0
2024-09-02,SKU0005,Electronics,6538.924277108434,166,6000,False,-2.4587,-3.7896,-2.4587,-2.4587,6982.576666666667,0.18,0.0
2024-09-09,SKU0005,Electronics,6610.873712574849,167,6000,False,-2.4587,-3.7896,-2.4587,-2.4587,6798.326666666667,0.18,0.0
2024-09-16,SKU0005,Electronics,6807.267218543047,151,6000,True,-2.4587,-3.7896,-3.7896,-3.7896,6691.803333333333,0.18,0.0
2024-09-23,SKU0005,Electronics,7003.002993197279,147,6000,True,-2.4587,-3.7896,-3.7896,-3.7896,7044.883333333334,0.18,0.0
2024-09-30,SKU0005,Electronics,7430.572352941176,119,6000,False,-2.4587,-3.7896,-2.4587,-2.4587,6931.493333333333,0.18,0.0
2024-10-07,SKU0005,Electronics,7323.11343137255,102,6000,False,-2.4587,-3.7896,-2.4587,-2.4587,6810.596666666667,0.18,0.0
2024-10-14,SKU0005,Electronics,6798.538968253969,126,6000,False,-2.4587,-3.7896,-2.4587,-2.4587,6486.943333333334,0.18,0.0
2024-10-21,SKU0005,Electronics,7513.87,119,6000,False,-2.4587,-3.7896,-2.4587,-2.4587,6903.176666666666,0.18,0.0
2024-10-28,SKU0005,Electronics,6661.9385135135135,148,6000,False,-2.4587,-3.7896,-2.4587,-2.4587,6928.343333333333,0.18,0.0
2024-11-04,SKU0005,Electronics,7332.107203389831,118,6000,False,-2.4587,-3.7896,-2.4587,-2.4587,6873.906666666667,0.18,0.0
2024-11-11,SKU0005,Electronics,6250.545824175823,182,6000,False,-2.4587,-3.7896,-2.4587,-2.4587,6730.673333333333,0.18,0.0
2024-11-18,SKU0005,Electronics,6877.754587155963,109,6000,False,-2.4587,-3.7896,-2.4587,-2.4587,6849.463333333333,0.18,0.0
2024-11-25,SKU0005,Electronics,7390.714594594594,111,6000,False,-2.4587,-3.7896,-2.4587,-2.4587,6845.63,0.18,0.0
2024-12-02,SKU0005,Electronics,6453.30804054054,148,6000,False,-2.4587,-3.7896,-2.4587,-2.4587,6763.386666666666,0.18,0.0
2024-12-09,SKU0005,Electronics,6372.011168831169,154,6000,False,-2.4587,-3.7896,-2.4587,-2.4587,6953.849999999999,0.18,0.0
2024-12-16,SKU0005,Electronics,7031.024565217392,184,6000,False,-2.4587,-3.7896,-2.4587,-2.4587,6586.876666666666,0.18,0.0
2024-12-23,SKU0005,Electronics,7228.623154362417,149,6000,False,-2.4587,-3.7896,-2.4587,-2.4587,6924.813333333333,0.18,0.0
2024-12-30,SKU0005,Electronics,7157.452307692308,52,6000,False,-2.4587,-3.7896,-2.4587,-2.4587,6721.693333333334,0.18,0.0
2024-07-01,SKU0006,Electronics,44212.513983739846,246,42000,True,-2.0946,0.9605,0.9605,0.9605,53009.78666666666,0.18,0.0
2024-07-08,SKU0006,Electronics,45244.50772908366,251,42000,True,-2.0946,0.9605,0.9605,0.9605,54813.293333333335,0.18,0.0
2024-07-15,SKU0006,Electronics,51533.05091503268,153,42000,False,-2.0946,0.9605,-2.0946,-2.0946,52951.12666666667,0.18,0.0
2024-07-22,SKU0006,Electronics,49516.78375,152,42000,False,-2.0946,0.9605,-2.0946,-2.0946,53084.61000000001,0.18,0.0
2024-07-29,SKU0006,Electronics,51994.00327868853,122,42000,False,-2.0946,0.9605,-2.0946,-2.0946,51223.62333333333,0.18,0.0
2024-08-05,SKU0006,Electronics,44460.00686390533,169,42000,True,-2.0946,0.9605,0.9605,0.9605,51335.07333333333,0.18,0.0
2024-08-12,SKU0006,Electronics,43151.41611111111,216,42000,True,-2.0946,0.9605,0.9605,0.9605,51606.61000000001,0.18,0.0
2024-08-19,SKU0006,Electronics,50545.4302173913,138,42000,False,-2.0946,0.9605,-2.0946,-2.0946,50173.95,0.18,0.0
2024-08-26,SKU0006,Electronics,48130.12154929578,142,42000,False,-2.0946,0.9605,-2.0946,-2.0946,50159.23666666666,0.18,0.0
2024-09-02,SKU0006,Electronics,45300.341393939394,165,42000,False,-2.0946,0.9605,-2.0946,-2.0946,50859.25,0.18,0.0
2024-09-09,SKU0006,Electronics,53495.33605504587,109,42000,False,-2.0946,0.9605,-2.0946,-2.0946,50452.59333333333,0.18,0.0
2024-09-16,SKU0006,Electronics,49316.70675,200,42000,True,-2.0946,0.9605,0.9605,0.9605,50236.96,0.18,0.0
2024-09-23,SKU0006,Electronics,47362.936608187134,171,42000,True,-2.0946,0.9605,0.9605,0.9605,51432.263333333336,0.18,0.0
2024-09-30,SKU0006,Electronics,45790.220758620686,145,42000,False,-2.0946,0.9605,-2.0946,-2.0946,49873.35999999999,0.18,0.0
2024-10-07,SKU0006,Electronics,52816.81171641791,134,42000,False,-2.0946,0.9605,-2.0946,-2.0946,51935.80333333334,0.18,0.0
2024-10-14,SKU0006,Electronics,50026.123178294576,129,42000,False,-2.0946,0.9605,-2.0946,-2.0946,50316.76,0.18,0.0
2024-10-21,SKU0006,Electronics,50774.98419354839,124,42000,False,-2.0946,0.9605,-2.0946,-2.0946,49872.82333333333,0.18,0.0
2024-10-28,SKU0006,Electronics,47069.16386075949,158,42000,False,-2.0946,0.9605,-2.0946,-2.0946,50314.14666666667,0.18,0.0
2024-11-04,SKU0006,Electronics,48365.08834532374,139,42000,False,-2.0946,0.9605,-2.0946,-2.0946,50236.33666666667,0.18,0.0
2024-11-11,SKU0006,Electronics,49588.51517985611,139,42000,False,-2.0946,0.9605,-2.0946,-2.0946,52553.79666666667,0.18,0.0
2024-11-18,SKU0006,Electronics,47248.70134831461,178,42000,False,-2.0946,0.9605,-2.0946,-2.0946,51283.6,0.18,0.0
2024-11-25,SKU0006,Electronics,49377.9126056338,142,42000,False,-2.0946,0.9605,-2.0946,-2.0946,50765.05333333334,0.18,0.0
2024-12-02,SKU0006,Electronics,48233.51622222222,180,42000,False,-2.0946,0.9605,-2.0946,-2.0946,51110.13999999999,0.18,0.0
2024-12-09,SKU0006,Electronics,49867.544,160,42000,False,-2.0946,0.9605,-2.0946,-2.0946,50365.57,0.18,0.0
2024-12-16,SKU0006,Electronics,49010.68763975155,161,42000,False,-2.0946,0.9605,-2.0946,-2.0946,50096.4,0.18,0.0
2024-12-23,SKU0006,Electronics,53750.83913669065,139,42000,False,-2.0946,0.9605,-2.0946,-2.0946,50527.86666666667,0.18,0.0
2024-12-30,SKU0006,Electronics,49483.909565217386,46,42000,False,-2.0946,0.9605,-2.0946,-2.0946,49806.60333333333,0.18,0.0
2024-07-01,SKU0007,Electronics,17027.792166666666,120,12000,True,-2.5623,-1.1019,-1.1019,-1.1019,12403.875,0.18,0.0358
2024-07-08,SKU0007,Electronics,17404.739024390245,123,12000,True,-2.5623,-1.1019,-1.1019,-1.1019,12564.147,0.18,0.0358
2024-07-15,SKU0007,Electronics,20414.79265060241,83,12000,False,-2.5623,-1.1019,-2.5623,-2.5623,13062.69,0.18,0.0358
2024-07-22,SKU0007,Electronics,17430.3,78,12000,False,-2.5623,-1.1019,-2.5623,-2.5623,12515.721,0.18,0.0358
2024-07-29,SKU0007,Electronics,20674.2321875,64,12000,False,-2.5623,-1.1019,-2.5623,-2.5623,12230.19,0.18,0.0358
2024-08-05,SKU0007,Electronics,19754.347619047618,84,12000,True,-2.5623,-1.1019,-1.1019,-1.1019,12504.591,0.18,0.0358
2024-08-12,SKU0007,Electronics,15952.113739130436,115,12000,True,-2.5623,-1.1019,-1.1019,-1.1019,12208.899,0.18,0.0358
2024-08-19,SKU0007,Electronics,20217.863797468355,79,12000,False,-2.5623,-1.1019,-2.5623,-2.5623,12059.340000000002,0.18,0.0358
2024-08-26,SKU0007,Electronics,18829.28850574713,87,12000,False,-2.5623,-1.1019,-2.5623,-2.5623,12188.634,0.18,0.0358
2024-09-02,SKU0007,Electronics,20253.68297297297,74,12000,False,-2.5623,-1.1019,-2.5623,-2.5623,12457.431,0.18,0.0358
2024-09-09,SKU0007,Electronics,19182.55411764706,85,12000,False,-2.5623,-1.1019,-2.5623,-2.5623,12519.147,0.18,0.0358
2024-09-16,SKU0007,Electronics,16073.07017699115,113,12000,True,-2.5623,-1.1019,-1.1019,-1.1019,11811.543,0.18,0.0358
2024-09-23,SKU0007,Electronics,16284.120390625,128,12000,True,-2.5623,-1.1019,-1.1019,-1.1019,12199.101,0.18,0.0358
2024-09-30,SKU0007,Electronics,20700.04162162162,74,12000,False,-2.5623,-1.1019,-2.5623,-2.5623,11953.776,0.18,0.0358
2024-10-07,SKU0007,Electronics,17447.501341463412,82,12000,False,-2.5623,-1.1019,-2.5623,-2.5623,12293.061000000002,0.18,0.0358
2024-10-14,SKU0007,Electronics,17096.938674698795,83,12000,False,-2.5623,-1.1019,-2.5623,-2.5623,12170.103,0.18,0.0358
2024-10-21,SKU0007,Electronics,18052.95506849315,73,12000,False,-2.5623,-1.1019,-2.5623,-2.5623,11908.551,0.18,0.0358
2024-10-28,SKU0007,Electronics,18804.29544117648,68,12000,False,-2.5623,-1.1019,-2.5623,-2.5623,12060.981,0.18,0.0358
2024-11-04,SKU0007,Electronics,18373.10461538462,104,12000,False,-2.5623,-1.1019,-2.5623,-2.5623,11801.412000000002,0.18,0.0358
2024-11-11,SKU0007,Electronics,20417.5346031746,63,12000,False,-2.5623,-1.1019,-2.5623,-2.5623,12462.963000000002,0.18,0.0358
2024-11-18,SKU0007,Electronics,17388.284022988504,87,12000,False,-2.5623,-1.1019,-2.5623,-2.5623,11823.057,0.18,0.0358
2024-11-25,SKU0007,Electronics,20153.67891891892,74,12000,False,-2.5623,-1.1019,-2.5623,-2.5623,11415.702,0.18,0.0358
2024-12-02,SKU0007,Electronics,18520.22247311828,93,12000,False,-2.5623,-1.1019,-2.5623,-2.5623,12149.868,0.18,0.0358
2024-12-09,SKU0007,Electronics,18372.47875,80,12000,False,-2.5623,-1.1019,-2.5623,-2.5623,12467.931000000002,0.18,0.0358
2024-12-16,SKU0007,Electronics,18397.40542553192,94,12000,False,-2.5623,-1.1019,-2.5623,-2.5623,11742.78,0.18,0.0358
2024-12-23,SKU0007,Electronics,20292.97670731708,82,12000,False,-2.5623,-1.1019,-2.5623,-2.5623,12031.668,0.18,0.0358
2024-12-30,SKU0007,Electronics,20295.697222222225,18,12000,False,-2.5623,-1.1019,-2.5623,-2.5623,12423.456,0.18,0.0358
2024-07-01,SKU0008,Groceries,597.4270705244122,553,550,True,-0.4112,-0.4593,-0.4593,-0.4593,707.0266666666666,0.18,0.4138
2024-07-08,SKU0008,Groceries,629.7147558770343,553,550,True,-0.4112,-0.4593,-0.4593,-0.4593,680.8666666666667,0.18,0.4138
2024-07-15,SKU0008,Groceries,672.4651439539347,521,550,False,-0.4112,-0.4593,-0.4112,-0.4112,701.2766666666666,0.18,0.4138
2024-07-22,SKU0008,Groceries,741.4045029239766,342,550,False,-0.4112,-0.4593,-0.4112,-0.4112,703.6,0.18,0.4138
2024-07-29,SKU0008,Groceries,674.7499496221662,397,550,False,-0.4112,-0.4593,-0.4112,-0.4112,687.0266666666666,0.18,0.4138
2024-08-05,SKU0008,Groceries,587.6453747323341,467,550,True,-0.4112,-0.4593,-0.4593,-0.4593,707.6133333333333,0.18,0.4138
2024-08-12,SKU0008,Groceries,560.6041772151898,553,550,True,-0.4112,-0.4593,-0.4593,-0.4593,653.8533333333334,0.18,0.4138
2024-08-19,SKU0008,Groceries,738.5768842729971,337,550,False,-0.4112,-0.4593,-0.4112,-0.4112,694.0233333333334,0.18,0.4138
2024-08-26,SKU0008,Groceries,630.4831793478261,368,550,False,-0.4112,-0.4593,-0.4112,-0.4112,715.85,0.18,0.4138
2024-09-02,SKU0008,Groceries,675.1580270270271,370,550,False,-0.4112,-0.4593,-0.4112,-0.4112,676.7266666666666,0.18,0.4138
2024-09-09,SKU0008,Groceries,614.2448587570622,354,550,False,-0.4112,-0.4593,-0.4112,-0.4112,666.6033333333334,0.18,0.4138
2024-09-16,SKU0008,Groceries,581.8538049713193,523,550,True,-0.4112,-0.4593,-0.4593,-0.4593,677.4966666666666,0.18,0.4138
2024-09-23,SKU0008,Groceries,667.2858969072165,485,550,True,-0.4112,-0.4593,-0.4593,-0.4593,674.1833333333333,0.18,0.4138
2024-09-30,SKU0008,Groceries,701.379095477387,398,550,False,-0.4112,-0.4593,-0.4112,-0.4112,691.25,0.18,0.4138
2024-10-07,SKU0008,Groceries,738.6765060240964,415,550,False,-0.4112,-0.4593,-0.4112,-0.4112,678.17,0.18,0.4138
2024-10-14,SKU0008,Groceries,699.1014249363867,393,550,False,-0.4112,-0.4593,-0.4112,-0.4112,669.32,0.18,0.4138
2024-10-21,SKU0008,Groceries,719.5525476190477,420,550,False,-0.4112,-0.4593,-0.4112,-0.4112,664.8533333333334,0.18,0.4138
2024-10-28,SKU0008,Groceries,631.4804488778055,401,550,False,-0.4112,-0.4593,-0.4112,-0.4112,699.7833333333333,0.18,0.4138
2024-11-04,SKU0008,Groceries,663.046497461929,394,550,False,-0.4112,-0.4593,-0.4112,-0.4112,692.8233333333334,0.18,0.4138
2024-11-11,SKU0008,Groceries,630.1656612529002,431,550,False,-0.4112,-0.4593,-0.4112,-0.4112,662.0366666666667,0.18,0.4138
2024-11-18,SKU0008,Groceries,649.793164556962,395,550,False,-0.4112,-0.4593,-0.4112,-0.4112,681.71,0.18,0.4138
2024-11-25,SKU0008,Groceries,618.6715544041451,386,550,False,-0.4112,-0.4593,-0.4112,-0.4112,668.3266666666667,0.18,0.4138
2024-12-02,SKU0008,Groceries,696.2682766990292,412,550,False,-0.4112,-0.4593,-0.4112,-0.4112,667.5600000000001,0.18,0.4138
2024-12-09,SKU0008,Groceries,699.6560087719298,456,550,False,-0.4112,-0.4593,-0.4112,-0.4112,664.44,0.18,0.4138
2024-12-16,SKU0008,Groceries,610.9104303278688,488,550,False,-0.4112,-0.4593,-0.4112,-0.4112,650.5466666666666,0.18,0.4138
2024-12-23,SKU0008,Groceries,672.5657069408741,389,550,False,-0.4112,-0.4593,-0.4112,-0.4112,685.7833333333333,0.18,0.4138
2024-12-30,SKU0008,Groceries,680.3096551724137,116,550,False,-0.4112,-0.4593,-0.4112,-0.4112,682.4466666666667,0.18,0.4138
2024-07-01,SKU0009,Groceries,904.0922244488976,499,850,True,-2.3852,-0.6142,-0.6142,-0.6142,988.56,0.18,0.1053
2024-07-08,SKU0009,Groceries,1026.7689019607844,510,850,True,-2.3852,-0.6142,-0.6142,-0.6142,979.2433333333332,0.18,0.1053
2024-07-15,SKU0009,Groceries,978.5314383561644,438,850,False,-2.3852,-0.6142,-2.3852,-2.3852,1008.0133333333332,0.18,0.1053
2024-07-22,SKU0009,Groceries,1051.9751260504202,476,850,False,-2.3852,-0.6142,-2.3852,-2.3852,1010.8633333333332,0.18,0.1053
2024-07-29,SKU0009,Groceries,1049.4804825737265,373,850,False,-2.3852,-0.6142,-2.3852,-2.3852,974.56,0.18,0.1053
2024-08-05,SKU0009,Groceries,1054.3956705882351,425,850,True,-2.3852,-0.6142,-0.6142,-0.6142,962.05,0.18,0.1053
2024-08-12,SKU0009,Groceries,900.9998976109214,586,850,True,-2.3852,-0.6142,-0.6142,-0.6142,998.5033333333334,0.18,0.1053
2024-08-19,SKU0009,Groceries,1003.202960199005,402,850,False,-2.3852,-0.6142,-2.3852,-2.3852,985.1433333333332,0.18,0.1053
2024-08-26,SKU0009,Groceries,948.6687415730336,445,850,False,-2.3852,-0.6142,-2.3852,-2.3852,989.34,0.18,0.1053
2024-09-02,SKU0009,Groceries,1106.882718446602,412,850,False,-2.3852,-0.6142,-2.3852,-2.3852,993.9666666666668,0.18,0.1053
2024-09-09,SKU0009,Groceries,1005.9811312217194,442,850,False,-2.3852,-0.6142,-2.3852,-2.3852,978.7566666666668,0.18,0.1053
2024-09-16,SKU0009,Groceries,950.7843902439024,533,850,True,-2.3852,-0.6142,-0.6142,-0.6142,938.8033333333332,0.18,0.1053
2024-09-23,SKU0009,Groceries,1089.7303921568628,459,850,True,-2.3852,-0.6142,-0.6142,-0.6142,949.9433333333332,0.18,0.1053
2024-09-30,SKU0009,Groceries,949.4795923913044,368,850,False,-2.3852,-0.6142,-2.3852,-2.3852,960.6066666666666,0.18,0.1053
2024-10-07,SKU0009,Groceries,1052.2140463917526,388,850,False,-2.3852,-0.6142,-2.3852,-2.3852,962.5866666666668,0.18,0.1053
2024-10-14,SKU0009,Groceries,1041.746194225722,381,850,False,-2.3852,-0.6142,-2.3852,-2.3852,954.1433333333334,0.18,0.1053
2024-10-21,SKU0009,Groceries,1072.6477040816328,392,850,False,-2.3852,-0.6142,-2.3852,-2.3852,930.2233333333334,0.18,0.1053
2024-10-28,SKU0009,Groceries,1020.3427851458886,377,850,False,-2.3852,-0.6142,-2.3852,-2.3852,956.4933333333332,0.18,0.1053
2024-11-04,SKU0009,Groceries,974.2408146639513,491,850,False,-2.3852,-0.6142,-2.3852,-2.3852,977.0533333333332,0.18,0.1053
2024-11-11,SKU0009,Groceries,1124.8147416413374,329,850,False,-2.3852,-0.6142,-2.3852,-2.3852,971.72,0.18,0.1053
2024-11-18,SKU0009,Groceries,959.7908396946564,393,850,False,-2.3852,-0.6142,-2.3852,-2.3852,950.7766666666666,0.18,0.1053
2024-11-25,SKU0009,Groceries,1015.3093529411764,340,850,False,-2.3852,-0.6142,-2.3852,-2.3852,987.0166666666668,0.18,0.1053
2024-12-02,SKU0009,Groceries,1053.202338902148,419,850,False,-2.3852,-0.6142,-2.3852,-2.3852,1005.4166666666666,0.18,0.1053
2024-12-09,SKU0009,Groceries,1018.607,420,850,False,-2.3852,-0.6142,-2.3852,-2.3852,1008.0666666666666,0.18,0.1053
2024-12-16,SKU0009,Groceries,1109.3946173469387,392,850,False,-2.3852,-0.6142,-2.3852,-2.3852,969.6933333333332,0.18,0.1053
2024-12-23,SKU0009,Groceries,1034.3833333333332,408,850,False,-2.3852,-0.6142,-2.3852,-2.3852,974.1166666666668,0.18,0.1053
2024-12-30,SKU0009,Groceries,1140.6059016393442,122,850,False,-2.3852,-0.6142,-2.3852,-2.3852,987.4433333333332,0.18,0.1053
2024-07-01,SKU0010,Groceries,613.8863333333334,540,420,True,0.613,0.3654,0.3654,0.3654,495.0630000000001,0.18,0.4763
2024-07-08,SKU0010,Groceries,663.0662932790224,491,420,True,0.613,0.3654,0.3654,0.3654,481.5630000000001,0.18,0.4763
2024-07-15,SKU0010,Groceries,671.475380952381,420,420,False,0.613,0.3654,0.613,0.613,486.444,0.18,0.4763
2024-07-22,SKU0010,Groceries,726.5293349168645,421,420,False,0.613,0.3654,0.613,0.613,439.095,0.18,0.4763
2024-07-29,SKU0010,Groceries,712.4327803738317,428,420,False,0.613,0.3654,0.613,0.613,469.866,0.18,0.4763
2024-08-05,SKU0010,Groceries,577.8016294642857,448,420,True,0.613,0.3654,0.3654,0.3654,488.133,0.18,0.4763
2024-08-12,SKU0010,Groceries,576.7786931818182,528,420,True,0.613,0.3654,0.3654,0.3654,478.029,0.18,0.4763
2024-08-19,SKU0010,Groceries,602.6372727272728,451,420,False,0.613,0.3654,0.613,0.613,469.242,0.18,0.4763
2024-08-26,SKU0010,Groceries,704.3757333333334,375,420,False,0.613,0.3654,0.613,0.613,472.176,0.18,0.4763
2024-09-02,SKU0010,Groceries,601.9449417249417,429,420,False,0.613,0.3654,0.613,0.613,471.636,0.18,0.4763
2024-09-09,SKU0010,Groceries,703.0051980198019,404,420,False,0.613,0.3654,0.613,0.613,472.518,0.18,0.4763
2024-09-16,SKU0010,Groceries,639.8742948717949,468,420,True,0.613,0.3654,0.3654,0.3654,460.653,0.18,0.4763
2024-09-23,SKU0010,Groceries,601.0783700440529,454,420,True,0.613,0.3654,0.3654,0.3654,443.394,0.18,0.4763
2024-09-30,SKU0010,Groceries,663.9,376,420,False,0.613,0.3654,0.613,0.613,455.013,0.18,0.4763
2024-10-07,SKU0010,Groceries,631.3169920844327,379,420,False,0.613,0.3654,0.613,0.613,457.89,0.18,0.4763
2024-10-14,SKU0010,Groceries,635.8582644628099,363,420,False,0.613,0.3654,0.613,0.613,463.605,0.18,0.4763
2024-10-21,SKU0010,Groceries,633.2385204081633,392,420,False,0.613,0.3654,0.613,0.613,461.334,0.18,0.4763
2024-10-28,SKU0010,Groceries,607.4834550561798,356,420,False,0.613,0.3654,0.613,0.613,445.656,0.18,0.4763
2024-11-04,SKU0010,Groceries,686.9634501347709,371,420,False,0.613,0.3654,0.613,0.613,459.093,0.18,0.4763
2024-11-11,SKU0010,Groceries,627.2824719101123,356,420,False,0.613,0.3654,0.613,0.613,457.455,0.18,0.4763
2024-11-18,SKU0010,Groceries,597.9219132653061,392,420,False,0.613,0.3654,0.613,0.613,477.49500000000006,0.18,0.4763
2024-11-25,SKU0010,Groceries,658.6899519230769,416,420,False,0.613,0.3654,0.613,0.613,464.502,0.18,0.4763
2024-12-02,SKU0010,Groceries,668.3640121580546,329,420,False,0.613,0.3654,0.613,0.613,459.8130000000001,0.18,0.4763
2024-12-09,SKU0010,Groceries,647.5236283185841,452,420,False,0.613,0.3654,0.613,0.613,463.58400000000006,0.18,0.4763
2024-12-16,SKU0010,Groceries,704.9001639344262,366,420,False,0.613,0.3654,0.613,0.613,448.503,0.18,0.4763
2024-12-23,SKU0010,Groceries,687.6192410714285,448,420,False,0.613,0.3654,0.613,0.613,455.514,0.18,0.4763
2024-12-30,SKU0010,Groceries,619.5778181818182,110,420,False,0.613,0.3654,0.613,0.613,469.395,0.18,0.4763
2024-07-01,SKU0011,Groceries,629.6557370517928,502,520,True,-1.1961,-0.7101,-0.7101,-0.7101,613.5066666666667,0.18,0.0299
2024-07-08,SKU0011,Groceries,592.039979757085,494,520,True,-1.1961,-0.7101,-0.7101,-0.7101,587.6966666666666,0.18,0.0299
2024-07-15,SKU0011,Groceries,602.9266666666666,522,520,False,-1.1961,-0.7101,-1.1961,-1.1961,624.5833333333334,0.18,0.0299
2024-07-22,SKU0011,Groceries,660.395799086758,438,520,False,-1.1961,-0.7101,-1.1961,-1.1961,603.6766666666667,0.18,0.0299
2024-07-29,SKU0011,Groceries,671.6736021505377,372,520,False,-1.1961,-0.7101,-1.1961,-1.1961,614.62,0.18,0.0299
2024-08-05,SKU0011,Groceries,549.28177734375,512,520,True,-1.1961,-0.7101,-0.7101,-0.7101,583.2366666666667,0.18,0.0299
2024-08-12,SKU0011,Groceries,567.433638095238,525,520,True,-1.1961,-0.7101,-0.7101,-0.7101,595.8933333333333,0.18,0.0299
2024-08-19,SKU0011,Groceries,605.5384696016771,477,520,False,-1.1961,-0.7101,-1.1961,-1.1961,599.9766666666667,0.18,0.0299
2024-08-26,SKU0011,Groceries,679.145686746988,415,520,False,-1.1961,-0.7101,-1.1961,-1.1961,589.8733333333333,0.18,0.0299
2024-09-02,SKU0011,Groceries,607.2881341107872,343,520,False,-1.1961,-0.7101,-1.1961,-1.1961,560.98,0.18,0.0299
2024-09-09,SKU0011,Groceries,670.5385828877005,374,520,False,-1.1961,-0.7101,-1.1961,-1.1961,585.0933333333334,0.18,0.0299
2024-09-16,SKU0011,Groceries,604.4868446601943,412,520,True,-1.1961,-0.7101,-0.7101,-0.7101,591.2633333333333,0.18,0.0299
2024-09-23,SKU0011,Groceries,639.9916431924883,426,520,True,-1.1961,-0.7101,-0.7101,-0.7101,587.1333333333333,0.18,0.0299
2024-09-30,SKU0011,Groceries,611.213896713615,426,520,False,-1.1961,-0.7101,-1.1961,-1.1961,572.5533333333333,0.18,0.0299
2024-10-07,SKU0011,Groceries,652.8729945054945,364,520,False,-1.1961,-0.7101,-1.1961,-1.1961,600.38,0.18,0.0299
2024-10-14,SKU0011,Groceries,619.7361290322581,403,520,False,-1.1961,-0.7101,-1.1961,-1.1961,578.2233333333334,0.18,0.0299
2024-10-21,SKU0011,Groceries,649.091981707317,328,520,False,-1.1961,-0.7101,-1.1961,-1.1961,591.4366666666666,0.18,0.0299
2024-10-28,SKU0011,Groceries,605.5665847665848,407,520,False,-1.1961,-0.7101,-1.1961,-1.1961,573.6966666666667,0.18,0.0299
2024-11-04,SKU0011,Groceries,628.9028708133972,418,520,False,-1.1961,-0.7101,-1.1961,-1.1961,579.9933333333333,0.18,0.0299
2024-11-11,SKU0011,Groceries,561.8966935483871,372,520,False,-1.1961,-0.7101,-1.1961,-1.1961,590.3066666666667,0.18,0.0299
2024-11-18,SKU0011,Groceries,607.8173529411765,374,520,False,-1.1961,-0.7101,-1.1961,-1.1961,574.3766666666667,0.18,0.0299
2024-11-25,SKU0011,Groceries,681.7166261398175,329,520,False,-1.1961,-0.7101,-1.1961,-1.1961,601.9866666666667,0.18,0.0299
2024-12-02,SKU0011,Groceries,672.4438749999999,400,520,False,-1.1961,-0.7101,-1.1961,-1.1961,578.12,0.18,0.0299
2024-12-09,SKU0011,Groceries,579.3114081145584,419,520,False,-1.1961,-0.7101,-1.1961,-1.1961,586.8633333333333,0.18,0.0299
2024-12-16,SKU0011,Groceries,652.444793187348,411,520,False,-1.1961,-0.7101,-1.1961,-1.1961,584.1666666666666,0.18,0.0299
2024-12-23,SKU0011,Groceries,565.537393939394,495,520,False,-1.1961,-0.7101,-1.1961,-1.1961,574.6333333333333,0.18,0.0299
2024-12-30,SKU0011,Groceries,634.1355172413793,87,520,False,-1.1961,-0.7101,-1.1961,-1.1961,602.2266666666667,0.18,0.0299
2024-07-01,SKU0012,Groceries,398.05596868884544,511,360,True,-1.5067,-1.6217,-1.6217,-1.6217,452.5633333333333,0.18,0.0428
2024-07-08,SKU0012,Groceries,381.3418801996672,601,360,True,-1.5067,-1.6217,-1.6217,-1.6217,434.15,0.18,0.0428
2024-07-15,SKU0012,Groceries,480.081075,400,360,False,-1.5067,-1.6217,-1.5067,-1.5067,418.2633333333333,0.18,0.0428
2024-07-22,SKU0012,Groceries,454.5520437956205,411,360,False,-1.5067,-1.6217,-1.5067,-1.5067,429.5033333333333,0.18,0.0428
2024-07-29,SKU0012,Groceries,414.6221836228288,403,360,False,-1.5067,-1.6217,-1.5067,-1.5067,447.2833333333333,0.18,0.0428
2024-08-05,SKU0012,Groceries,388.7786301369863,438,360,True,-1.5067,-1.6217,-1.6217,-1.6217,419.47,0.18,0.0428
2024-08-12,SKU0012,Groceries,406.9563064833006,509,360,True,-1.5067,-1.6217,-1.6217,-1.6217,422.01,0.18,0.0428
2024-08-19,SKU0012,Groceries,439.4178133333333,375,360,False,-1.5067,-1.6217,-1.5067,-1.5067,415.2133333333333,0.18,0.0428
2024-08-26,SKU0012,Groceries,416.7897368421053,380,360,False,-1.5067,-1.6217,-1.5067,-1.5067,435.0266666666666,0.18,0.0428
2024-09-02,SKU0012,Groceries,484.2520215633424,371,360,False,-1.5067,-1.6217,-1.5067,-1.5067,417.7166666666667,0.18,0.0428
2024-09-09,SKU0012,Groceries,471.35939024390245,410,360,False,-1.5067,-1.6217,-1.5067,-1.5067,423.13,0.18,0.0428
2024-09-16,SKU0012,Groceries,447.6279136690648,417,360,True,-1.5067,-1.6217,-1.6217,-1.6217,437.48333333333335,0.18,0.0428
2024-09-23,SKU0012,Groceries,439.182937062937,429,360,True,-1.5067,-1.6217,-1.6217,-1.6217,423.8,0.18,0.0428
2024-09-30,SKU0012,Groceries,427.439298642534,442,360,False,-1.5067,-1.6217,-1.5067,-1.5067,417.9666666666667,0.18,0.0428
2024-10-07,SKU0012,Groceries,476.4547028423773,387,360,False,-1.5067,-1.6217,-1.5067,-1.5067,424.49,0.18,0.0428
2024-10-14,SKU0012,Groceries,468.9181470588236,340,360,False,-1.5067,-1.6217,-1.5067,-1.5067,410.39,0.18,0.0428
2024-10-21,SKU0012,Groceries,412.0132236842105,456,360,False,-1.5067,-1.6217,-1.5067,-1.5067,393.82666666666665,0.18,0.0428
2024-10-28,SKU0012,Groceries,465.7163235294117,340,360,False,-1.5067,-1.6217,-1.5067,-1.5067,416.0633333333333,0.18,0.0428
2024-11-04,SKU0012,Groceries,492.0666763005781,346,360,False,-1.5067,-1.6217,-1.5067,-1.5067,428.1833333333333,0.18,0.0428
2024-11-11,SKU0012,Groceries,479.2570899470899,378,360,False,-1.5067,-1.6217,-1.5067,-1.5067,418.48,0.18,0.0428
2024-11-18,SKU0012,Groceries,449.619429280397,403,360,False,-1.5067,-1.6217,-1.5067,-1.5067,404.9933333333333,0.18,0.0428
2024-11-25,SKU0012,Groceries,461.022875,400,360,False,-1.5067,-1.6217,-1.5067,-1.5067,406.23333333333335,0.18,0.0428
2024-12-02,SKU0012,Groceries,433.79599009900994,404,360,False,-1.5067,-1.6217,-1.5067,-1.5067,416.5133333333333,0.18,0.0428
2024-12-09,SKU0012,Groceries,482.91,381,360,False,-1.5067,-1.6217,-1.5067,-1.5067,418.5033333333333,0.18,0.0428
2024-12-16,SKU0012,Groceries,451.692206235012,417,360,False,-1.5067,-1.6217,-1.5067,-1.5067,432.73,0.18,0.0428
2024-12-23,SKU0012,Groceries,459.044925,400,360,False,-1.5067,-1.6217,-1.5067,-1.5067,418.9333333333333,0.18,0.0428
2024-12-30,SKU0012,Groceries,485.86706896551726,116,360,False,-1.5067,-1.6217,-1.5067,-1.5067,440.4433333333333,0.18,0.0428
2024-07-01,SKU0013,Groceries,356.0337330754352,517,280,True,-1.9587,0.3268,0.3268,0.3268,297.924,0.18,0.025
2024-07-08,SKU0013,Groceries,399.7072781065089,507,280,True,-1.9587,0.3268,0.3268,0.3268,297.879,0.18,0.025
2024-07-15,SKU0013,Groceries,417.9704842615012,413,280,False,-1.9587,0.3268,-1.9587,-1.9587,302.118,0.18,0.025
2024-07-22,SKU0013,Groceries,390.1468564356436,404,280,False,-1.9587,0.3268,-1.9587,-1.9587,314.559,0.18,0.025
2024-07-29,SKU0013,Groceries,431.7048641304348,368,280,False,-1.9587,0.3268,-1.9587,-1.9587,294.879,0.18,0.025
2024-08-05,SKU0013,Groceries,356.55744000000004,375,280,True,-1.9587,0.3268,0.3268,0.3268,298.92900000000003,0.18,0.025
2024-08-12,SKU0013,Groceries,365.0321651376147,545,280,True,-1.9587,0.3268,0.3268,0.3268,298.737,0.18,0.025
2024-08-19,SKU0013,Groceries,371.3194134078212,358,280,False,-1.9587,0.3268,-1.9587,-1.9587,293.232,0.18,0.025
2024-08-26,SKU0013,Groceries,448.5067575757576,330,280,False,-1.9587,0.3268,-1.9587,-1.9587,289.269,0.18,0.025
2024-09-02,SKU0013,Groceries,413.6094985250737,339,280,False,-1.9587,0.3268,-1.9587,-1.9587,292.281,0.18,0.025
2024-09-09,SKU0013,Groceries,451.8671043771044,297,280,False,-1.9587,0.3268,-1.9587,-1.9587,292.647,0.18,0.025
2024-09-16,SKU0013,Groceries,420.75124705882354,425,280,True,-1.9587,0.3268,0.3268,0.3268,292.62,0.18,0.025
2024-09-23,SKU0013,Groceries,353.2856476683937,386,280,True,-1.9587,0.3268,0.3268,0.3268,288.864,0.18,0.025
2024-09-30,SKU0013,Groceries,425.7144179104478,335,280,False,-1.9587,0.3268,-1.9587,-1.9587,278.60099999999994,0.18,0.025
2024-10-07,SKU0013,Groceries,436.9296987951808,332,280,False,-1.9587,0.3268,-1.9587,-1.9587,291.537,0.18,0.025
2024-10-14,SKU0013,Groceries,422.0385444743935,371,280,False,-1.9587,0.3268,-1.9587,-1.9587,280.968,0.18,0.025
2024-10-21,SKU0013,Groceries,422.2243537414966,294,280,False,-1.9587,0.3268,-1.9587,-1.9587,292.845,0.18,0.025
2024-10-28,SKU0013,Groceries,427.71039164490855,383,280,False,-1.9587,0.3268,-1.9587,-1.9587,280.344,0.18,0.025
2024-11-04,SKU0013,Groceries,372.05565326633166,398,280,False,-1.9587,0.3268,-1.9587,-1.9587,286.725,0.18,0.025
2024-11-11,SKU0013,Groceries,411.86107246376815,345,280,False,-1.9587,0.3268,-1.9587,-1.9587,298.434,0.18,0.025
2024-11-18,SKU0013,Groceries,446.13421875000006,320,280,False,-1.9587,0.3268,-1.9587,-1.9587,296.715,0.18,0.025
2024-11-25,SKU0013,Groceries,429.95584905660377,318,280,False,-1.9587,0.3268,-1.9587,-1.9587,286.326,0.18,0.025
2024-12-02,SKU0013,Groceries,450.9329722222222,360,280,False,-1.9587,0.3268,-1.9587,-1.9587,290.427,0.18,0.025
2024-12-09,SKU0013,Groceries,391.0876283618582,409,280,False,-1.9587,0.3268,-1.9587,-1.9587,287.601,0.18,0.025
2024-12-16,SKU0013,Groceries,448.7682336182336,351,280,False,-1.9587,0.3268,-1.9587,-1.9587,283.047,0.18,0.025
2024-12-23,SKU0013,Groceries,381.9715183246073,382,280,False,-1.9587,0.3268,-1.9587,-1.9587,285.651,0.18,0.025
2024-12-30,SKU0013,Groceries,447.888064516129,93,280,False,-1.9587,0.3268,-1.9587,-1.9587,303.06300000000005,0.18,0.025
2024-07-01,SKU0014,Apparel,546.6552688172043,279,500,True,-0.8937,-1.4484,-1.4484,-1.4484,616.3333333333334,0.18,0.152
2024-07-08,SKU0014,Apparel,592.103598615917,289,500,True,-0.8937,-1.4484,-1.4484,-1.4484,635.64,0.18,0.152
2024-07-15,SKU0014,Apparel,560.5282464454976,211,500,False,-0.8937,-1.4484,-0.8937,-0.8937,628.42,0.18,0.152
2024-07-22,SKU0014,Apparel,559.6224124513618,257,500,False,-0.8937,-1.4484,-0.8937,-0.8937,595.8433333333334,0.18,0.152
2024-07-29,SKU0014,Apparel,616.8419330855019,269,500,False,-0.8937,-1.4484,-0.8937,-0.8937,595.62,0.18,0.152
2024-08-05,SKU0014,Apparel,528.6118309859155,284,500,True,-0.8937,-1.4484,-1.4484,-1.4484,610.5233333333334,0.18,0.152
2024-08-12,SKU0014,Apparel,495.8768954248367,306,500,True,-0.8937,-1.4484,-1.4484,-1.4484,614.9833333333332,0.18,0.152
2024-08-19,SKU0014,Apparel,665.526914893617,188,500,False,-0.8937,-1.4484,-0.8937,-0.8937,623.3733333333333,0.18,0.152
2024-08-26,SKU0014,Apparel,555.4611065573771,244,500,False,-0.8937,-1.4484,-0.8937,-0.8937,609.39,0.18,0.152
2024-09-02,SKU0014,Apparel,555.5355072463768,207,500,False,-0.8937,-1.4484,-0.8937,-0.8937,597.2233333333334,0.18,0.152
2024-09-09,SKU0014,Apparel,591.1568487394958,238,500,False,-0.8937,-1.4484,-0.8937,-0.8937,603.3000000000001,0.18,0.152
2024-09-16,SKU0014,Apparel,618.6322685185186,216,500,True,-0.8937,-1.4484,-1.4484,-1.4484,603.0066666666667,0.18,0.152
2024-09-23,SKU0014,Apparel,540.2530152671756,262,500,True,-0.8937,-1.4484,-1.4484,-1.4484,576.59,0.18,0.152
2024-09-30,SKU0014,Apparel,588.625752688172,186,500,False,-0.8937,-1.4484,-0.8937,-0.8937,570.3566666666667,0.18,0.152
2024-10-07,SKU0014,Apparel,659.6547239263804,163,500,False,-0.8937,-1.4484,-0.8937,-0.8937,564.25,0.18,0.152
2024-10-14,SKU0014,Apparel,566.726018957346,211,500,False,-0.8937,-1.4484,-0.8937,-0.8937,576.79,0.18,0.152
2024-10-21,SKU0014,Apparel,614.4367661691542,201,500,False,-0.8937,-1.4484,-0.8937,-0.8937,610.9166666666666,0.18,0.152
2024-10-28,SKU0014,Apparel,636.3632638888889,144,500,False,-0.8937,-1.4484,-0.8937,-0.8937,609.66,0.18,0.152
2024-11-04,SKU0014,Apparel,640.3337062937063,143,500,False,-0.8937,-1.4484,-0.8937,-0.8937,606.5933333333334,0.18,0.152
2024-11-11,SKU0014,Apparel,595.9025789473684,190,500,False,-0.8937,-1.4484,-0.8937,-0.8937,625.3066666666667,0.18,0.152
2024-11-18,SKU0014,Apparel,655.3739195979899,199,500,False,-0.8937,-1.4484,-0.8937,-0.8937,580.82,0.18,0.152
2024-11-25,SKU0014,Apparel,588.6470338983052,236,500,False,-0.8937,-1.4484,-0.8937,-0.8937,590.1999999999999,0.18,0.152
2024-12-02,SKU0014,Apparel,624.1784259259259,216,500,False,-0.8937,-1.4484,-0.8937,-0.8937,610.04,0.18,0.152
2024-12-09,SKU0014,Apparel,604.8936,200,500,False,-0.8937,-1.4484,-0.8937,-0.8937,615.9866666666667,0.18,0.152
2024-12-16,SKU0014,Apparel,654.2057142857143,168,500,False,-0.8937,-1.4484,-0.8937,-0.8937,608.6999999999999,0.18,0.152
2024-12-23,SKU0014,Apparel,662.3462962962963,216,500,False,-0.8937,-1.4484,-0.8937,-0.8937,621.74,0.18,0.152
2024-12-30,SKU0014,Apparel,613.3589855072463,69,500,False,-0.8937,-1.4484,-0.8937,-0.8937,566.08,0.18,0.152
2024-07-01,SKU0015,Apparel,1949.1378758169933,306,1600,True,-3.0115,-1.2282,-1.2282,-1.2282,1923.9466666666667,0.18,0.0248
2024-07-08,SKU0015,Apparel,1791.5662536873156,339,1600,True,-3.0115,-1.2282,-1.2282,-1.2282,1987.7033333333336,0.18,0.0248
2024-07-15,SKU0015,Apparel,1851.642190082645,242,1600,False,-3.0115,-1.2282,-3.0115,-3.0115,2010.44,0.18,0.0248
2024-07-22,SKU0015,Apparel,2070.231445086705,173,1600,False,-3.0115,-1.2282,-3.0115,-3.0115,1967.75,0.18,0.0248
2024-07-29,SKU0015,Apparel,2107.2696650717703,209,1600,False,-3.0115,-1.2282,-3.0115,-3.0115,1857.3166666666664,0.18,0.0248
2024-08-05,SKU0015,Apparel,1695.235250965251,259,1600,True,-3.0115,-1.2282,-1.2282,-1.2282,1912.16,0.18,0.0248
2024-08-12,SKU0015,Apparel,1858.70025,240,1600,True,-3.0115,-1.2282,-1.2282,-1.2282,1996.3233333333333,0.18,0.0248
2024-08-19,SKU0015,Apparel,1922.006666666667,264,1600,False,-3.0115,-1.2282,-3.0115,-3.0115,1992.6066666666663,0.18,0.0248
2024-08-26,SKU0015,Apparel,1890.442753036437,247,1600,False,-3.0115,-1.2282,-3.0115,-3.0115,1876.65,0.18,0.0248
2024-09-02,SKU0015,Apparel,1966.627411167513,197,1600,False,-3.0115,-1.2282,-3.0115,-3.0115,1849.15,0.18,0.0248
2024-09-09,SKU0015,Apparel,1978.7430454545447,220,1600,False,-3.0115,-1.2282,-3.0115,-3.0115,1857.1866666666667,0.18,0.0248
2024-09-16,SKU0015,Apparel,1991.1634517766497,197,1600,True,-3.0115,-1.2282,-1.2282,-1.2282,1900.1933333333327,0.18,0.0248
2024-09-23,SKU0015,Apparel,1788.1482578397215,287,1600,True,-3.0115,-1.2282,-1.2282,-1.2282,1852.0633333333333,0.18,0.0248
2024-09-30,SKU0015,Apparel,2178.071161290323,155,1600,False,-3.0115,-1.2282,-3.0115,-3.0115,1746.11,0.18,0.0248
2024-10-07,SKU0015,Apparel,2111.020196078431,153,1600,False,-3.0115,-1.2282,-3.0115,-3.0115,1804.1233333333328,0.18,0.0248
2024-10-14,SKU0015,Apparel,2133.9313829787234,188,1600,False,-3.0115,-1.2282,-3.0115,-3.0115,1875.756666666667,0.18,0.0248
2024-10-21,SKU0015,Apparel,1934.548492462312,199,1600,False,-3.0115,-1.2282,-3.0115,-3.0115,1869.9133333333327,0.18,0.0248
2024-10-28,SKU0015,Apparel,2141.2216993464053,153,1600,False,-3.0115,-1.2282,-3.0115,-3.0115,1808.1833333333327,0.18,0.0248
2024-11-04,SKU0015,Apparel,1821.0870386266088,233,1600,False,-3.0115,-1.2282,-3.0115,-3.0115,1839.9766666666667,0.18,0.0248
2024-11-11,SKU0015,Apparel,1899.3555154639173,194,1600,False,-3.0115,-1.2282,-3.0115,-3.0115,1871.6633333333327,0.18,0.0248
2024-11-18,SKU0015,Apparel,1901.6316746411485,209,1600,False,-3.0115,-1.2282,-3.0115,-3.0115,1803.743333333333,0.18,0.0248
2024-11-25,SKU0015,Apparel,1902.8020833333333,216,1600,False,-3.0115,-1.2282,-3.0115,-3.0115,1920.473333333333,0.18,0.0248
2024-12-02,SKU0015,Apparel,1800.1029281767956,181,1600,False,-3.0115,-1.2282,-3.0115,-3.0115,1872.743333333333,0.18,0.0248
2024-12-09,SKU0015,Apparel,1902.559640718563,167,1600,False,-3.0115,-1.2282,-3.0115,-3.0115,1881.733333333333,0.18,0.0248
2024-12-16,SKU0015,Apparel,2054.9614673913047,184,1600,False,-3.0115,-1.2282,-3.0115,-3.0115,1843.1166666666668,0.18,0.0248
2024-12-23,SKU0015,Apparel,2025.683855932204,236,1600,False,-3.0115,-1.2282,-3.0115,-3.0115,1869.6066666666663,0.18,0.0248
2024-12-30,SKU0015,Apparel,2130.5320689655173,58,1600,False,-3.0115,-1.2282,-3.0115,-3.0115,1901.0333333333333,0.18,0.0248
2024-07-01,SKU0016,Apparel,3117.6830456852795,197,2200,True,-1.4252,0.4284,0.4284,0.4284,2386.2960000000003,0.18,0.0011
2024-07-08,SKU0016,Apparel,3489.191674876848,203,2200,True,-1.4252,0.4284,0.4284,0.4284,2530.5,0.18,0.0011
2024-07-15,SKU0016,Apparel,3244.687177033493,209,2200,False,-1.4252,0.4284,-1.4252,-1.4252,2471.25,0.18,0.0011
2024-07-22,SKU0016,Apparel,3111.96877094972,179,2200,False,-1.4252,0.4284,-1.4252,-1.4252,2369.3250000000003,0.18,0.0011
2024-07-29,SKU0016,Apparel,3210.71,207,2200,False,-1.4252,0.4284,-1.4252,-1.4252,2554.9950000000003,0.18,0.0011
2024-08-05,SKU0016,Apparel,2991.200210526316,190,2200,True,-1.4252,0.4284,0.4284,0.4284,2471.277,0.18,0.0011
2024-08-12,SKU0016,Apparel,3143.5027165354327,254,2200,True,-1.4252,0.4284,0.4284,0.4284,2371.815,0.18,0.0011
2024-08-19,SKU0016,Apparel,3673.5808943089432,123,2200,False,-1.4252,0.4284,-1.4252,-1.4252,2330.187,0.18,0.0011
2024-08-26,SKU0016,Apparel,3174.7750943396227,159,2200,False,-1.4252,0.4284,-1.4252,-1.4252,2428.2180000000003,0.18,0.0011
2024-09-02,SKU0016,Apparel,3190.368043478261,138,2200,False,-1.4252,0.4284,-1.4252,-1.4252,2424.351,0.18,0.0011
2024-09-09,SKU0016,Apparel,3501.968059701492,134,2200,False,-1.4252,0.4284,-1.4252,-1.4252,2370.699,0.18,0.0011
2024-09-16,SKU0016,Apparel,2945.5521808510643,188,2200,True,-1.4252,0.4284,0.4284,0.4284,2456.8740000000003,0.18,0.0011
2024-09-23,SKU0016,Apparel,3212.6412432432435,185,2200,True,-1.4252,0.4284,0.4284,0.4284,2375.946,0.18,0.0011
2024-09-30,SKU0016,Apparel,3607.086884057971,138,2200,False,-1.4252,0.4284,-1.4252,-1.4252,2425.2270000000003,0.18,0.0011
2024-10-07,SKU0016,Apparel,3110.956073619632,163,2200,False,-1.4252,0.4284,-1.4252,-1.4252,2410.383,0.18,0.0011
2024-10-14,SKU0016,Apparel,3555.1359146341465,164,2200,False,-1.4252,0.4284,-1.4252,-1.4252,2532.9390000000003,0.18,0.0011
2024-10-21,SKU0016,Apparel,3521.338447204969,161,2200,False,-1.4252,0.4284,-1.4252,-1.4252,2294.835,0.18,0.0011
2024-10-28,SKU0016,Apparel,3262.5747777777774,180,2200,False,-1.4252,0.4284,-1.4252,-1.4252,2451.543,0.18,0.0011
2024-11-04,SKU0016,Apparel,3286.216875,160,2200,False,-1.4252,0.4284,-1.4252,-1.4252,2366.8080000000004,0.18,0.0011
2024-11-11,SKU0016,Apparel,3286.936129032258,186,2200,False,-1.4252,0.4284,-1.4252,-1.4252,2352.498,0.18,0.0011
2024-11-18,SKU0016,Apparel,3168.904882352941,170,2200,False,-1.4252,0.4284,-1.4252,-1.4252,2331.012,0.18,0.0011
2024-11-25,SKU0016,Apparel,3765.582521008404,119,2200,False,-1.4252,0.4284,-1.4252,-1.4252,2374.701,0.18,0.0011
2024-12-02,SKU0016,Apparel,3522.4783743842363,203,2200,False,-1.4252,0.4284,-1.4252,-1.4252,2325.1560000000004,0.18,0.0011
2024-12-09,SKU0016,Apparel,3115.6553205128203,156,2200,False,-1.4252,0.4284,-1.4252,-1.4252,2421.363,0.18,0.0011
2024-12-16,SKU0016,Apparel,3599.9182432432435,148,2200,False,-1.4252,0.4284,-1.4252,-1.4252,2391.261,0.18,0.0011
2024-12-23,SKU0016,Apparel,3482.246891891892,148,2200,False,-1.4252,0.4284,-1.4252,-1.4252,2353.242,0.18,0.0011
2024-12-30,SKU0016,Apparel,3349.78511627907,43,2200,False,-1.4252,0.4284,-1.4252,-1.4252,2472.771,0.18,0.0011
2024-07-01,SKU0017,Apparel,3453.066962457338,293,2800,True,-0.2452,1.7034,1.7034,1.7034,3332.853333333333,0.18,0.8675
2024-07-08,SKU0017,Apparel,3391.101433224756,307,2800,True,-0.2452,1.7034,1.7034,1.7034,3304.066666666667,0.18,0.8675
2024-07-15,SKU0017,Apparel,3283.9393214285715,280,2800,False,-0.2452,1.7034,-0.2452,-0.2452,3351.48,0.18,0.8675
2024-07-22,SKU0017,Apparel,3215.488008298755,241,2800,False,-0.2452,1.7034,-0.2452,-0.2452,3280.4933333333333,0.18,0.8675
2024-07-29,SKU0017,Apparel,3550.7322705314014,207,2800,False,-0.2452,1.7034,-0.2452,-0.2452,3358.6733333333336,0.18,0.8675
2024-08-05,SKU0017,Apparel,3332.218899082569,218,2800,True,-0.2452,1.7034,1.7034,1.7034,3422.63,0.18,0.8675
2024-08-12,SKU0017,Apparel,3162.177138047138,297,2800,True,-0.2452,1.7034,1.7034,1.7034,3448.023333333333,0.18,0.8675
2024-08-19,SKU0017,Apparel,3447.4572321428573,224,2800,False,-0.2452,1.7034,-0.2452,-0.2452,3351.063333333333,0.18,0.8675
2024-08-26,SKU0017,Apparel,3364.064363636364,220,2800,False,-0.2452,1.7034,-0.2452,-0.2452,3256.693333333333,0.18,0.8675
2024-09-02,SKU0017,Apparel,3264.59436440678,236,2800,False,-0.2452,1.7034,-0.2452,-0.2452,3246.09,0.18,0.8675
2024-09-09,SKU0017,Apparel,3101.287130801688,237,2800,False,-0.2452,1.7034,-0.2452,-0.2452,3179.2899999999995,0.18,0.8675
2024-09-16,SKU0017,Apparel,3101.155482625483,259,2800,True,-0.2452,1.7034,1.7034,1.7034,3309.313333333333,0.18,0.8675
2024-09-23,SKU0017,Apparel,3292.7007843137253,204,2800,True,-0.2452,1.7034,1.7034,1.7034,3075.083333333333,0.18,0.8675
2024-09-30,SKU0017,Apparel,3184.3835071090048,211,2800,False,-0.2452,1.7034,-0.2452,-0.2452,3265.63,0.18,0.8675
2024-10-07,SKU0017,Apparel,3660.8866216216215,148,2800,False,-0.2452,1.7034,-0.2452,-0.2452,3134.96,0.18,0.8675
2024-10-14,SKU0017,Apparel,3474.632389937108,159,2800,False,-0.2452,1.7034,-0.2452,-0.2452,3281.603333333333,0.18,0.8675
2024-10-21,SKU0017,Apparel,3135.4697872340425,235,2800,False,-0.2452,1.7034,-0.2452,-0.2452,3327.9166666666665,0.18,0.8675
2024-10-28,SKU0017,Apparel,3391.0671875000003,192,2800,False,-0.2452,1.7034,-0.2452,-0.2452,3211.313333333333,0.18,0.8675
2024-11-04,SKU0017,Apparel,3480.072038216561,157,2800,False,-0.2452,1.7034,-0.2452,-0.2452,3225.84,0.18,0.8675
2024-11-11,SKU0017,Apparel,3308.60358490566,212,2800,False,-0.2452,1.7034,-0.2452,-0.2452,3241.363333333333,0.18,0.8675
2024-11-18,SKU0017,Apparel,3216.1628426395937,197,2800,False,-0.2452,1.7034,-0.2452,-0.2452,3322.53,0.18,0.8675
2024-11-25,SKU0017,Apparel,3618.543901098901,182,2800,False,-0.2452,1.7034,-0.2452,-0.2452,3301.77,0.18,0.8675
2024-12-02,SKU0017,Apparel,3216.587862903226,248,2800,False,-0.2452,1.7034,-0.2452,-0.2452,3260.02,0.18,0.8675
2024-12-09,SKU0017,Apparel,3461.1377637130804,237,2800,False,-0.2452,1.7034,-0.2452,-0.2452,3215.1866666666665,0.18,0.8675
2024-12-16,SKU0017,Apparel,3540.543025641026,195,2800,False,-0.2452,1.7034,-0.2452,-0.2452,3165.57,0.18,0.8675
2024-12-23,SKU0017,Apparel,3697.56808988764,178,2800,False,-0.2452,1.7034,-0.2452,-0.2452,3335.22,0.18,0.8675
2024-12-30,SKU0017,Apparel,3200.5550000000003,66,2800,False,-0.2452,1.7034,-0.2452,-0.2452,3360.906666666667,0.18,0.8675
2024-07-01,SKU0018,Apparel,2166.896,275,1900,True,-2.1046,0.5354,0.5354,0.5354,2455.14,0.18,0.0
2024-07-08,SKU0018,Apparel,2294.5230147058824,272,1900,True,-2.1046,0.5354,0.5354,0.5354,2503.33,0.18,0.0
2024-07-15,SKU0018,Apparel,2188.7948299319723,294,1900,False,-2.1046,0.5354,-2.1046,-2.1046,2424.396666666667,0.18,0.0
2024-07-22,SKU0018,Apparel,2543.8825333333334,225,1900,False,-2.1046,0.5354,-2.1046,-2.1046,2539.94,0.18,0.0
2024-07-29,SKU0018,Apparel,2241.001120689655,232,1900,False,-2.1046,0.5354,-2.1046,-2.1046,2469.34,0.18,0.0
2024-08-05,SKU0018,Apparel,2127.3171482889734,263,1900,True,-2.1046,0.5354,0.5354,0.5354,2336.8,0.18,0.0
2024-08-12,SKU0018,Apparel,2146.25543071161,267,1900,True,-2.1046,0.5354,0.5354,0.5354,2443.5666666666666,0.18,0.0
2024-08-19,SKU0018,Apparel,2271.5921782178216,202,1900,False,-2.1046,0.5354,-2.1046,-2.1046,2368.45,0.18,0.0
2024-08-26,SKU0018,Apparel,2519.269308176101,159,1900,False,-2.1046,0.5354,-2.1046,-2.1046,2334.9966666666664,0.18,0.0
2024-09-02,SKU0018,Apparel,2141.3346153846155,247,1900,False,-2.1046,0.5354,-2.1046,-2.1046,2380.28,0.18,0.0
2024-09-09,SKU0018,Apparel,2239.747866108786,239,1900,False,-2.1046,0.5354,-2.1046,-2.1046,2408.0466666666666,0.18,0.0
2024-09-16,SKU0018,Apparel,1991.637287449393,247,1900,True,-2.1046,0.5354,0.5354,0.5354,2437.883333333333,0.18,0.0
2024-09-23,SKU0018,Apparel,2154.5809126984127,252,1900,True,-2.1046,0.5354,0.5354,0.5354,2193.3700000000003,0.18,0.0
2024-09-30,SKU0018,Apparel,2474.454375,192,1900,False,-2.1046,0.5354,-2.1046,-2.1046,2291.103333333333,0.18,0.0
2024-10-07,SKU0018,Apparel,2104.749041666667,240,1900,False,-2.1046,0.5354,-2.1046,-2.1046,2307.1,0.18,0.0
2024-10-14,SKU0018,Apparel,2402.345327102804,214,1900,False,-2.1046,0.5354,-2.1046,-2.1046,2416.64,0.18,0.0
2024-10-21,SKU0018,Apparel,2439.419847715736,197,1900,False,-2.1046,0.5354,-2.1046,-2.1046,2355.5866666666666,0.18,0.0
2024-10-28,SKU0018,Apparel,2503.488469945355,183,1900,False,-2.1046,0.5354,-2.1046,-2.1046,2311.5766666666664,0.18,0.0
2024-11-04,SKU0018,Apparel,2400.936871794872,195,1900,False,-2.1046,0.5354,-2.1046,-2.1046,2248.19,0.18,0.0
2024-11-11,SKU0018,Apparel,2137.9541397849466,186,1900,False,-2.1046,0.5354,-2.1046,-2.1046,2277.763333333334,0.18,0.0
2024-11-18,SKU0018,Apparel,2113.4211764705883,255,1900,False,-2.1046,0.5354,-2.1046,-2.1046,2311.523333333333,0.18,0.0
2024-11-25,SKU0018,Apparel,2518.6985964912283,171,1900,False,-2.1046,0.5354,-2.1046,-2.1046,2365.873333333333,0.18,0.0
2024-12-02,SKU0018,Apparel,2525.0463157894737,190,1900,False,-2.1046,0.5354,-2.1046,-2.1046,2402.44,0.18,0.0
2024-12-09,SKU0018,Apparel,2432.884292682927,205,1900,False,-2.1046,0.5354,-2.1046,-2.1046,2322.47,0.18,0.0
2024-12-16,SKU0018,Apparel,2371.411398963731,193,1900,False,-2.1046,0.5354,-2.1046,-2.1046,2360.0366666666664,0.18,0.0
2024-12-23,SKU0018,Apparel,2572.2429943502825,177,1900,False,-2.1046,0.5354,-2.1046,-2.1046,2330.6833333333334,0.18,0.0
2024-12-30,SKU0018,Apparel,2531.1751948051947,77,1900,False,-2.1046,0.5354,-2.1046,-2.1046,2374.4233333333336,0.18,0.0
2024-07-01,SKU0019,Apparel,1988.4967213114755,244,1500,True,-0.552,-0.2365,-0.2365,-0.2365,1681.149,0.18,0.4149
2024-07-08,SKU0019,Apparel,2012.9172690763053,249,1500,True,-0.552,-0.2365,-0.2365,-0.2365,1681.218,0.18,0.4149
2024-07-15,SKU0019,Apparel,2496.694424242424,165,1500,False,-0.552,-0.2365,-0.552,-0.552,1657.5600000000002,0.18,0.4149
2024-07-22,SKU0019,Apparel,2169.375396825397,189,1500,False,-0.552,-0.2365,-0.552,-0.552,1703.7210000000002,0.18,0.4149
2024-07-29,SKU0019,Apparel,2100.099491525424,177,1500,False,-0.552,-0.2365,-0.552,-0.552,1643.6760000000002,0.18,0.4149
2024-08-05,SKU0019,Apparel,2326.422209944752,181,1500,True,-0.552,-0.2365,-0.2365,-0.2365,1616.625,0.18,0.4149
2024-08-12,SKU0019,Apparel,2093.309854368932,206,1500,True,-0.552,-0.2365,-0.2365,-0.2365,1615.374,0.18,0.4149
2024-08-19,SKU0019,Apparel,2135.56683908046,174,1500,False,-0.552,-0.2365,-0.552,-0.552,1538.655,0.18,0.4149
2024-08-26,SKU0019,Apparel,2465.167214285714,140,1500,False,-0.552,-0.2365,-0.552,-0.552,1620.687,0.18,0.4149
2024-09-02,SKU0019,Apparel,2204.4210215053763,186,1500,False,-0.552,-0.2365,-0.552,-0.552,1606.227,0.18,0.4149
2024-09-09,SKU0019,Apparel,2427.046858638744,191,1500,False,-0.552,-0.2365,-0.552,-0.552,1571.4840000000002,0.18,0.4149
2024-09-16,SKU0019,Apparel,1972.1724460431656,139,1500,True,-0.552,-0.2365,-0.2365,-0.2365,1586.307,0.18,0.4149
2024-09-23,SKU0019,Apparel,2221.672,175,1500,True,-0.552,-0.2365,-0.2365,-0.2365,1609.581,0.18,0.4149
2024-09-30,SKU0019,Apparel,2393.242708333333,144,1500,False,-0.552,-0.2365,-0.552,-0.552,1516.662,0.18,0.4149
2024-10-07,SKU0019,Apparel,2326.5832450331127,151,1500,False,-0.552,-0.2365,-0.552,-0.552,1589.1570000000002,0.18,0.4149
2024-10-14,SKU0019,Apparel,2236.999580838324,167,1500,False,-0.552,-0.2365,-0.552,-0.552,1589.3580000000002,0.18,0.4149
2024-10-21,SKU0019,Apparel,2546.600542635659,129,1500,False,-0.552,-0.2365,-0.552,-0.552,1624.044,0.18,0.4149
2024-10-28,SKU0019,Apparel,2215.430070422535,142,1500,False,-0.552,-0.2365,-0.552,-0.552,1623.0510000000002,0.18,0.4149
2024-11-04,SKU0019,Apparel,2262.445446428572,112,1500,False,-0.552,-0.2365,-0.552,-0.552,1617.972,0.18,0.4149
2024-11-11,SKU0019,Apparel,2123.823167701863,161,1500,False,-0.552,-0.2365,-0.552,-0.552,1590.09,0.18,0.4149
2024-11-18,SKU0019,Apparel,2252.807658227848,158,1500,False,-0.552,-0.2365,-0.552,-0.552,1587.039,0.18,0.4149
2024-11-25,SKU0019,Apparel,2188.696315789474,190,1500,False,-0.552,-0.2365,-0.552,-0.552,1648.6140000000005,0.18,0.4149
2024-12-02,SKU0019,Apparel,2197.8348502994013,167,1500,False,-0.552,-0.2365,-0.552,-0.552,1578.768,0.18,0.4149
2024-12-09,SKU0019,Apparel,2239.4924025974024,154,1500,False,-0.552,-0.2365,-0.552,-0.552,1617.816,0.18,0.4149
2024-12-16,SKU0019,Apparel,2304.3934193548384,155,1500,False,-0.552,-0.2365,-0.552,-0.552,1549.317,0.18,0.4149
2024-12-23,SKU0019,Apparel,2501.359770114943,174,1500,False,-0.552,-0.2365,-0.552,-0.552,1612.275,0.18,0.4149
2024-12-30,SKU0019,Apparel,2256.6981818181816,44,1500,False,-0.552,-0.2365,-0.552,-0.552,1586.139,0.18,0.4149
2024-07-01,SKU0020,Home & Kitchen,6440.128702702703,185,5000,True,-1.4459,-0.424,-0.424,-0.424,5752.7300000000005,0.18,0.0038
2024-07-08,SKU0020,Home & Kitchen,6072.317958115184,191,5000,True,-1.4459,-0.424,-0.424,-0.424,5955.106666666667,0.18,0.0038
2024-07-15,SKU0020,Home & Kitchen,6689.66940397351,151,5000,False,-1.4459,-0.424,-1.4459,-1.4459,5538.173333333333,0.18,0.0038
2024-07-22,SKU0020,Home & Kitchen,6830.231925465839,161,5000,False,-1.4459,-0.424,-1.4459,-1.4459,5848.349999999999,0.18,0.0038
2024-07-29,SKU0020,Home & Kitchen,5989.131746987951,166,5000,False,-1.4459,-0.424,-1.4459,-1.4459,5603.346666666667,0.18,0.0038
2024-08-05,SKU0020,Home & Kitchen,5477.056040609137,197,5000,True,-1.4459,-0.424,-0.424,-0.424,5740.506666666667,0.18,0.0038
2024-08-12,SKU0020,Home & Kitchen,5734.906274509804,204,5000,True,-1.4459,-0.424,-0.424,-0.424,5673.91,0.18,0.0038
2024-08-19,SKU0020,Home & Kitchen,5861.3431543624165,149,5000,False,-1.4459,-0.424,-1.4459,-1.4459,5567.293333333334,0.18,0.0038
2024-08-26,SKU0020,Home & Kitchen,6615.333223140496,121,5000,False,-1.4459,-0.424,-1.4459,-1.4459,5537.833333333333,0.18,0.0038
2024-09-02,SKU0020,Home & Kitchen,5842.618333333333,150,5000,False,-1.4459,-0.424,-1.4459,-1.4459,5570.316666666667,0.18,0.0038
2024-09-09,SKU0020,Home & Kitchen,6330.739735099338,151,5000,False,-1.4459,-0.424,-1.4459,-1.4459,5799.266666666666,0.18,0.0038
2024-09-16,SKU0020,Home & Kitchen,5823.536666666667,144,5000,True,-1.4459,-0.424,-0.424,-0.424,5603.786666666667,0.18,0.0038
2024-09-23,SKU0020,Home & Kitchen,5928.423548387097,155,5000,True,-1.4459,-0.424,-0.424,-0.424,5586.176666666666,0.18,0.0038
2024-09-30,SKU0020,Home & Kitchen,6977.861880341881,117,5000,False,-1.4459,-0.424,-1.4459,-1.4459,5674.69,0.18,0.0038
2024-10-07,SKU0020,Home & Kitchen,6703.553490566038,106,5000,False,-1.4459,-0.424,-1.4459,-1.4459,5715.133333333334,0.18,0.0038
2024-10-14,SKU0020,Home & Kitchen,5835.88852112676,142,5000,False,-1.4459,-0.424,-1.4459,-1.4459,5417.493333333333,0.18,0.0038
2024-10-21,SKU0020,Home & Kitchen,5782.302549019608,153,5000,False,-1.4459,-0.424,-1.4459,-1.4459,5283.586666666666,0.18,0.0038
2024-10-28,SKU0020,Home & Kitchen,6425.248333333334,108,5000,False,-1.4459,-0.424,-1.4459,-1.4459,5523.400000000001,0.18,0.0038
2024-11-04,SKU0020,Home & Kitchen,6581.63775,120,5000,False,-1.4459,-0.424,-1.4459,-1.4459,5532.783333333333,0.18,0.0038
2024-11-11,SKU0020,Home & Kitchen,6785.795035460994,141,5000,False,-1.4459,-0.424,-1.4459,-1.4459,5616.6033333333335,0.18,0.0038
2024-11-18,SKU0020,Home & Kitchen,6515.853145161291,124,5000,False,-1.4459,-0.424,-1.4459,-1.4459,5578.803333333333,0.18,0.0038
2024-11-25,SKU0020,Home & Kitchen,6059.7546875,160,5000,False,-1.4459,-0.424,-1.4459,-1.4459,5660.066666666667,0.18,0.0038
2024-12-02,SKU0020,Home & Kitchen,6506.539784172662,139,5000,False,-1.4459,-0.424,-1.4459,-1.4459,5800.363333333334,0.18,0.0038
2024-12-09,SKU0020,Home & Kitchen,7045.738151260505,119,5000,False,-1.4459,-0.424,-1.4459,-1.4459,5461.996666666667,0.18,0.0038
2024-12-16,SKU0020,Home & Kitchen,6686.0552447552445,143,5000,False,-1.4459,-0.424,-1.4459,-1.4459,6021.836666666667,0.18,0.0038
2024-12-23,SKU0020,Home & Kitchen,6057.756887417218,151,5000,False,-1.4459,-0.424,-1.4459,-1.4459,5888.086666666667,0.18,0.0038
2024-12-30,SKU0020,Home & Kitchen,6412.426956521739,46,5000,False,-1.4459,-0.424,-1.4459,-1.4459,5598.733333333334,0.18,0.0038
2024-07-01,SKU0021,Home & Kitchen,3832.793788546256,227,3800,True,-3.1029,1.4392,1.4392,1.4392,4796.333333333333,0.18,0.0014
2024-07-08,SKU0021,Home & Kitchen,4099.50976635514,214,3800,True,-3.1029,1.4392,1.4392,1.4392,4859.856666666667,0.18,0.0014
2024-07-15,SKU0021,Home & Kitchen,4194.815392156863,204,3800,False,-3.1029,1.4392,-3.1029,-3.1029,4723.63,0.18,0.0014
2024-07-22,SKU0021,Home & Kitchen,4183.550535714286,224,3800,False,-3.1029,1.4392,-3.1029,-3.1029,4634.44,0.18,0.0014
2024-07-29,SKU0021,Home & Kitchen,4787.170543478261,184,3800,False,-3.1029,1.4392,-3.1029,-3.1029,4885.503333333333,0.18,0.0014
2024-08-05,SKU0021,Home & Kitchen,4290.579908675799,219,3800,True,-3.1029,1.4392,1.4392,1.4392,4596.56,0.18,0.0014
2024-08-12,SKU0021,Home & Kitchen,3876.5426356589146,258,3800,True,-3.1029,1.4392,1.4392,1.4392,4528.54,0.18,0.0014
2024-08-19,SKU0021,Home & Kitchen,4126.503092783505,194,3800,False,-3.1029,1.4392,-3.1029,-3.1029,4563.490000000001,0.18,0.0014
2024-08-26,SKU0021,Home & Kitchen,4572.962071428571,140,3800,False,-3.1029,1.4392,-3.1029,-3.1029,4682.14,0.18,0.0014
2024-09-02,SKU0021,Home & Kitchen,4531.96574074074,162,3800,False,-3.1029,1.4392,-3.1029,-3.1029,4522.126666666667,0.18,0.0014
2024-09-09,SKU0021,Home & Kitchen,4687.971183431952,169,3800,False,-3.1029,1.4392,-3.1029,-3.1029,4602.3966666666665,0.18,0.0014
2024-09-16,SKU0021,Home & Kitchen,3944.031,170,3800,True,-3.1029,1.4392,1.4392,1.4392,4645.12,0.18,0.0014
2024-09-23,SKU0021,Home & Kitchen,4401.249111111111,180,3800,True,-3.1029,1.4392,1.4392,1.4392,4524.68,0.18,0.0014
2024-09-30,SKU0021,Home & Kitchen,4488.182781456953,151,3800,False,-3.1029,1.4392,-3.1029,-3.1029,4649.3966666666665,0.18,0.0014
2024-10-07,SKU0021,Home & Kitchen,4189.599946524065,187,3800,False,-3.1029,1.4392,-3.1029,-3.1029,4674.563333333333,0.18,0.0014
2024-10-14,SKU0021,Home & Kitchen,4467.011856287425,167,3800,False,-3.1029,1.4392,-3.1029,-3.1029,4624.03,0.18,0.0014
2024-10-21,SKU0021,Home & Kitchen,4584.734516129033,124,3800,False,-3.1029,1.4392,-3.1029,-3.1029,4443.8133333333335,0.18,0.0014
2024-10-28,SKU0021,Home & Kitchen,4036.7173291925465,161,3800,False,-3.1029,1.4392,-3.1029,-3.1029,4591.626666666667,0.18,0.0014
2024-11-04,SKU0021,Home & Kitchen,4408.4857142857145,161,3800,False,-3.1029,1.4392,-3.1029,-3.1029,4673.513333333333,0.18,0.0014
2024-11-11,SKU0021,Home & Kitchen,4622.057083333333,144,3800,False,-3.1029,1.4392,-3.1029,-3.1029,4703.613333333334,0.18,0.0014
2024-11-18,SKU0021,Home & Kitchen,4806.501578947368,133,3800,False,-3.1029,1.4392,-3.1029,-3.1029,4563.303333333333,0.18,0.0014
2024-11-25,SKU0021,Home & Kitchen,4233.123287671233,146,3800,False,-3.1029,1.4392,-3.1029,-3.1029,4449.856666666667,0.18,0.0014
2024-12-02,SKU0021,Home & Kitchen,4590.736544117647,136,3800,False,-3.1029,1.4392,-3.1029,-3.1029,4675.406666666667,0.18,0.0014
2024-12-09,SKU0021,Home & Kitchen,4531.966271186441,118,3800,False,-3.1029,1.4392,-3.1029,-3.1029,4480.7733333333335,0.18,0.0014
2024-12-16,SKU0021,Home & Kitchen,4692.965467625899,139,3800,False,-3.1029,1.4392,-3.1029,-3.1029,4786.54,0.18,0.0014
2024-12-23,SKU0021,Home & Kitchen,4668.392017543859,114,3800,False,-3.1029,1.4392,-3.1029,-3.1029,4550.416666666667,0.18,0.0014
2024-12-30,SKU0021,Home & Kitchen,4679.5255,40,3800,False,-3.1029,1.4392,-3.1029,-3.1029,4508.183333333333,0.18,0.0014
2024-07-01,SKU0022,Home & Kitchen,4560.938724832215,149,3200,True,-0.426,-2.2586,-2.2586,-2.2586,3651.15,0.18,0.6605
2024-07-08,SKU0022,Home & Kitchen,4670.624109589041,146,3200,True,-0.426,-2.2586,-2.2586,-2.2586,3490.431,0.18,0.6605
2024-07-15,SKU0022,Home & Kitchen,4595.522189781023,137,3200,False,-0.426,-2.2586,-0.426,-0.426,3540.642,0.18,0.6605
2024-07-22,SKU0022,Home & Kitchen,4553.8673913043485,138,3200,False,-0.426,-2.2586,-0.426,-0.426,3509.997,0.18,0.6605
2024-07-29,SKU0022,Home & Kitchen,4617.0655,140,3200,False,-0.426,-2.2586,-0.426,-0.426,3646.2,0.18,0.6605
2024-08-05,SKU0022,Home & Kitchen,5071.524715447154,123,3200,True,-0.426,-2.2586,-2.2586,-2.2586,3640.398,0.18,0.6605
2024-08-12,SKU0022,Home & Kitchen,4616.613409090909,132,3200,True,-0.426,-2.2586,-2.2586,-2.2586,3430.563,0.18,0.6605
2024-08-19,SKU0022,Home & Kitchen,4998.507379310345,145,3200,False,-0.426,-2.2586,-0.426,-0.426,3451.6200000000003,0.18,0.6605
2024-08-26,SKU0022,Home & Kitchen,5166.123636363636,99,3200,False,-0.426,-2.2586,-0.426,-0.426,3684.477,0.18,0.6605
2024-09-02,SKU0022,Home & Kitchen,5470.501530612245,98,3200,False,-0.426,-2.2586,-0.426,-0.426,3396.5310000000004,0.18,0.6605
2024-09-09,SKU0022,Home & Kitchen,5058.56288,125,3200,False,-0.426,-2.2586,-0.426,-0.426,3376.2870000000003,0.18,0.6605
2024-09-16,SKU0022,Home & Kitchen,4921.905307692307,130,3200,True,-0.426,-2.2586,-2.2586,-2.2586,3403.164,0.18,0.6605
2024-09-23,SKU0022,Home & Kitchen,4888.919492753624,138,3200,True,-0.426,-2.2586,-2.2586,-2.2586,3320.328,0.18,0.6605
2024-09-30,SKU0022,Home & Kitchen,4599.209145299145,117,3200,False,-0.426,-2.2586,-0.426,-0.426,3418.344,0.18,0.6605
2024-10-07,SKU0022,Home & Kitchen,5248.946075949367,79,3200,False,-0.426,-2.2586,-0.426,-0.426,3402.945,0.18,0.6605
2024-10-14,SKU0022,Home & Kitchen,4650.556744186047,86,3200,False,-0.426,-2.2586,-0.426,-0.426,3378.714,0.18,0.6605
2024-10-21,SKU0022,Home & Kitchen,4595.833984375,128,3200,False,-0.426,-2.2586,-0.426,-0.426,3266.277,0.18,0.6605
2024-10-28,SKU0022,Home & Kitchen,4791.305614035087,114,3200,False,-0.426,-2.2586,-0.426,-0.426,3534.309,0.18,0.6605
2024-11-04,SKU0022,Home & Kitchen,4831.494244604317,139,3200,False,-0.426,-2.2586,-0.426,-0.426,3379.497,0.18,0.6605
2024-11-11,SKU0022,Home & Kitchen,4965.3725,128,3200,False,-0.426,-2.2586,-0.426,-0.426,3457.398,0.18,0.6605
2024-11-18,SKU0022,Home & Kitchen,4867.098071428572,140,3200,False,-0.426,-2.2586,-0.426,-0.426,3534.768,0.18,0.6605
2024-11-25,SKU0022,Home & Kitchen,5245.504673913043,92,3200,False,-0.426,-2.2586,-0.426,-0.426,3272.286,0.18,0.6605
2024-12-02,SKU0022,Home & Kitchen,5530.544948453608,97,3200,False,-0.426,-2.2586,-0.426,-0.426,3355.542,0.18,0.6605
2024-12-09,SKU0022,Home & Kitchen,4934.149912280703,114,3200,False,-0.426,-2.2586,-0.426,-0.426,3444.8880000000004,0.18,0.6605
2024-12-16,SKU0022,Home & Kitchen,4581.406972477064,109,3200,False,-0.426,-2.2586,-0.426,-0.426,3615.291,0.18,0.6605
2024-12-23,SKU0022,Home & Kitchen,4695.831946902655,113,3200,False,-0.426,-2.2586,-0.426,-0.426,3367.536,0.18,0.6605
2024-12-30,SKU0022,Home & Kitchen,4518.63947368421,38,3200,False,-0.426,-2.2586,-0.426,-0.426,3512.634,0.18,0.6605
2024-07-01,SKU0023,Home & Kitchen,6928.561953488373,215,6500,True,-1.175,-0.1143,-0.1143,-0.1143,8359.42,0.18,0.012
2024-07-08,SKU0023,Home & Kitchen,7906.217929515418,227,6500,True,-1.175,-0.1143,-0.1143,-0.1143,8352.519999999999,0.18,0.012
2024-07-15,SKU0023,Home & Kitchen,8107.874768211921,151,6500,False,-1.175,-0.1143,-1.175,-1.175,8633.233333333332,0.18,0.012
2024-07-22,SKU0023,Home & Kitchen,7759.417464114833,209,6500,False,-1.175,-0.1143,-1.175,-1.175,8451.230000000001,0.18,0.012
2024-07-29,SKU0023,Home & Kitchen,7513.580069444444,144,6500,False,-1.175,-0.1143,-1.175,-1.175,8029.616666666666,0.18,0.012
2024-08-05,SKU0023,Home & Kitchen,7809.113446327684,177,6500,True,-1.175,-0.1143,-0.1143,-0.1143,7874.023333333333,0.18,0.012
2024-08-12,SKU0023,Home & Kitchen,7051.167131147541,244,6500,True,-1.175,-0.1143,-0.1143,-0.1143,8468.58,0.18,0.012
2024-08-19,SKU0023,Home & Kitchen,7261.9575147929,169,6500,False,-1.175,-0.1143,-1.175,-1.175,7796.3,0.18,0.012
2024-08-26,SKU0023,Home & Kitchen,7774.797552083334,192,6500,False,-1.175,-0.1143,-1.175,-1.175,8548.423333333332,0.18,0.012
2024-09-02,SKU0023,Home & Kitchen,8354.049485294117,136,6500,False,-1.175,-0.1143,-1.175,-1.175,8086.836666666667,0.18,0.012
2024-09-09,SKU0023,Home & Kitchen,7433.197804878048,164,6500,False,-1.175,-0.1143,-1.175,-1.175,8261.81,0.18,0.012
2024-09-16,SKU0023,Home & Kitchen,7679.285384615384,182,6500,True,-1.175,-0.1143,-0.1143,-0.1143,7885.876666666667,0.18,0.012
2024-09-23,SKU0023,Home & Kitchen,6929.682425742575,202,6500,True,-1.175,-0.1143,-0.1143,-0.1143,7971.053333333333,0.18,0.012
2024-09-30,SKU0023,Home & Kitchen,8461.372318840578,138,6500,False,-1.175,-0.1143,-1.175,-1.175,8055.163333333333,0.18,0.012
2024-10-07,SKU0023,Home & Kitchen,7289.248098591549,142,6500,False,-1.175,-0.1143,-1.175,-1.175,7894.563333333334,0.18,0.012
2024-10-14,SKU0023,Home & Kitchen,8412.730814814817,135,6500,False,-1.175,-0.1143,-1.175,-1.175,8040.98,0.18,0.012
2024-10-21,SKU0023,Home & Kitchen,7673.203636363637,165,6500,False,-1.175,-0.1143,-1.175,-1.175,8222.87,0.18,0.012
2024-10-28,SKU0023,Home & Kitchen,8348.845859375,128,6500,False,-1.175,-0.1143,-1.175,-1.175,8201.176666666666,0.18,0.012
2024-11-04,SKU0023,Home & Kitchen,8363.429104477613,134,6500,False,-1.175,-0.1143,-1.175,-1.175,7953.593333333333,0.18,0.012
2024-11-11,SKU0023,Home & Kitchen,8308.785,130,6500,False,-1.175,-0.1143,-1.175,-1.175,7926.243333333333,0.18,0.012
2024-11-18,SKU0023,Home & Kitchen,7469.078538011696,171,6500,False,-1.175,-0.1143,-1.175,-1.175,7888.643333333333,0.18,0.012
2024-11-25,SKU0023,Home & Kitchen,8082.064680851065,141,6500,False,-1.175,-0.1143,-1.175,-1.175,7933.606666666667,0.18,0.012
2024-12-02,SKU0023,Home & Kitchen,7344.316216216216,148,6500,False,-1.175,-0.1143,-1.175,-1.175,7950.526666666668,0.18,0.012
2024-12-09,SKU0023,Home & Kitchen,7909.3345238095235,168,6500,False,-1.175,-0.1143,-1.175,-1.175,8329.433333333332,0.18,0.012
2024-12-16,SKU0023,Home & Kitchen,8419.453450704224,142,6500,False,-1.175,-0.1143,-1.175,-1.175,8303.76,0.18,0.012
2024-12-23,SKU0023,Home & Kitchen,8117.3201234567905,162,6500,False,-1.175,-0.1143,-1.175,-1.175,7786.496666666666,0.18,0.012
2024-12-30,SKU0023,Home & Kitchen,7864.133749999999,40,6500,False,-1.175,-0.1143,-1.175,-1.175,7976.5,0.18,0.012
2024-07-01,SKU0024,Home & Kitchen,2069.930049019608,204,1800,True,-1.7296,-2.4856,-2.4856,-2.4856,2255.72,0.18,0.0001
2024-07-08,SKU0024,Home & Kitchen,1947.138846153846,234,1800,True,-1.7296,-2.4856,-2.4856,-2.4856,2245.7566666666667,0.18,0.0001
2024-07-15,SKU0024,Home & Kitchen,2191.8325,184,1800,False,-1.7296,-2.4856,-1.7296,-1.7296,2335.143333333333,0.18,0.0001
2024-07-22,SKU0024,Home & Kitchen,2521.9957971014496,138,1800,False,-1.7296,-2.4856,-1.7296,-1.7296,2289.2833333333333,0.18,0.0001
2024-07-29,SKU0024,Home & Kitchen,2533.24686440678,118,1800,False,-1.7296,-2.4856,-1.7296,-1.7296,2282.813333333333,0.18,0.0001
2024-08-05,SKU0024,Home & Kitchen,2158.037724137931,145,1800,True,-1.7296,-2.4856,-2.4856,-2.4856,2215.11,0.18,0.0001
2024-08-12,SKU0024,Home & Kitchen,1930.6571204188483,191,1800,True,-1.7296,-2.4856,-2.4856,-2.4856,2195.4266666666667,0.18,0.0001
2024-08-19,SKU0024,Home & Kitchen,2116.3672789115644,147,1800,False,-1.7296,-2.4856,-1.7296,-1.7296,2187.4733333333334,0.18,0.0001
2024-08-26,SKU0024,Home & Kitchen,2423.966544117647,136,1800,False,-1.7296,-2.4856,-1.7296,-1.7296,2143.396666666667,0.18,0.0001
2024-09-02,SKU0024,Home & Kitchen,2521.876201550388,129,1800,False,-1.7296,-2.4856,-1.7296,-1.7296,2244.0766666666664,0.18,0.0001
2024-09-09,SKU0024,Home & Kitchen,2275.6207633587787,131,1800,False,-1.7296,-2.4856,-1.7296,-1.7296,2180.24,0.18,0.0001
2024-09-16,SKU0024,Home & Kitchen,2168.308735632184,174,1800,True,-1.7296,-2.4856,-2.4856,-2.4856,2134.793333333333,0.18,0.0001
2024-09-23,SKU0024,Home & Kitchen,1971.526555555556,180,1800,True,-1.7296,-2.4856,-2.4856,-2.4856,2076.193333333333,0.18,0.0001
2024-09-30,SKU0024,Home & Kitchen,2152.868486842105,152,1800,False,-1.7296,-2.4856,-1.7296,-1.7296,2106.986666666666,0.18,0.0001
2024-10-07,SKU0024,Home & Kitchen,2379.0537719298245,114,1800,False,-1.7296,-2.4856,-1.7296,-1.7296,2079.483333333333,0.18,0.0001
2024-10-14,SKU0024,Home & Kitchen,2098.769935897436,156,1800,False,-1.7296,-2.4856,-1.7296,-1.7296,2072.9333333333334,0.18,0.0001
2024-10-21,SKU0024,Home & Kitchen,2388.4046825396827,126,1800,False,-1.7296,-2.4856,-1.7296,-1.7296,2077.556666666667,0.18,0.0001
2024-10-28,SKU0024,Home & Kitchen,2370.2206164383565,146,1800,False,-1.7296,-2.4856,-1.7296,-1.7296,2178.54,0.18,0.0001
2024-11-04,SKU0024,Home & Kitchen,2130.9225899280573,139,1800,False,-1.7296,-2.4856,-1.7296,-1.7296,2059.2366666666667,0.18,0.0001
2024-11-11,SKU0024,Home & Kitchen,2528.680483870968,124,1800,False,-1.7296,-2.4856,-1.7296,-1.7296,2085.5333333333333,0.18,0.0001
2024-11-18,SKU0024,Home & Kitchen,2449.703140495868,121,1800,False,-1.7296,-2.4856,-1.7296,-1.7296,2191.1666666666665,0.18,0.0001
2024-11-25,SKU0024,Home & Kitchen,2443.9421505376345,93,1800,False,-1.7296,-2.4856,-1.7296,-1.7296,2041.3333333333333,0.18,0.0001
2024-12-02,SKU0024,Home & Kitchen,2520.25,85,1800,False,-1.7296,-2.4856,-1.7296,-1.7296,2249.3166666666666,0.18,0.0001
2024-12-09,SKU0024,Home & Kitchen,2332.904060150376,133,1800,False,-1.7296,-2.4856,-1.7296,-1.7296,2105.11,0.18,0.0001
2024-12-16,SKU0024,Home & Kitchen,2409.1235294117646,136,1800,False,-1.7296,-2.4856,-1.7296,-1.7296,2082.9133333333334,0.18,0.0001
2024-12-23,SKU0024,Home & Kitchen,2233.517424242425,132,1800,False,-1.7296,-2.4856,-1.7296,-1.7296,2189.616666666667,0.18,0.0001
2024-12-30,SKU0024,Home & Kitchen,2405.7806896551724,29,1800,False,-1.7296,-2.4856,-1.7296,-1.7296,2201.53,0.18,0.0001
2024-07-01,SKU0025,Home & Kitchen,1864.3228571428567,168,1400,True,-0.5381,-1.2162,-1.2162,-1.2162,1582.677,0.18,0.3465
2024-07-08,SKU0025,Home & Kitchen,1972.768083832336,167,1400,True,-0.5381,-1.2162,-1.2162,-1.2162,1662.783,0.18,0.3465
2024-07-15,SKU0025,Home & Kitchen,2017.453188405797,138,1400,False,-0.5381,-1.2162,-0.5381,-0.5381,1534.7969999999998,0.18,0.3465
2024-07-22,SKU0025,Home & Kitchen,2036.4882550335567,149,1400,False,-0.5381,-1.2162,-0.5381,-0.5381,1559.457,0.18,0.3465
2024-07-29,SKU0025,Home & Kitchen,1887.925460526316,152,1400,False,-0.5381,-1.2162,-0.5381,-0.5381,1528.4399999999998,0.18,0.3465
2024-08-05,SKU0025,Home & Kitchen,1883.8190173410403,173,1400,True,-0.5381,-1.2162,-1.2162,-1.2162,1591.4130000000002,0.18,0.3465
2024-08-12,SKU0025,Home & Kitchen,1695.103654822335,197,1400,True,-0.5381,-1.2162,-1.2162,-1.2162,1587.0600000000002,0.18,0.3465
2024-08-19,SKU0025,Home & Kitchen,2243.764827586207,116,1400,False,-0.5381,-1.2162,-0.5381,-0.5381,1539.351,0.18,0.3465
2024-08-26,SKU0025,Home & Kitchen,2247.850101010101,99,1400,False,-0.5381,-1.2162,-0.5381,-0.5381,1511.637,0.18,0.3465
2024-09-02,SKU0025,Home & Kitchen,1916.880683760684,117,1400,False,-0.5381,-1.2162,-0.5381,-0.5381,1498.323,0.18,0.3465
2024-09-09,SKU0025,Home & Kitchen,2183.378679245284,106,1400,False,-0.5381,-1.2162,-0.5381,-0.5381,1511.55,0.18,0.3465
2024-09-16,SKU0025,Home & Kitchen,2028.0198113207548,159,1400,True,-0.5381,-1.2162,-1.2162,-1.2162,1549.299,0.18,0.3465
2024-09-23,SKU0025,Home & Kitchen,1959.9196774193551,155,1400,True,-0.5381,-1.2162,-1.2162,-1.2162,1630.38,0.18,0.3465
2024-09-30,SKU0025,Home & Kitchen,2130.9629310344826,116,1400,False,-0.5381,-1.2162,-0.5381,-0.5381,1518.3,0.18,0.3465
2024-10-07,SKU0025,Home & Kitchen,2082.7257017543857,114,1400,False,-0.5381,-1.2162,-0.5381,-0.5381,1522.107,0.18,0.3465
2024-10-14,SKU0025,Home & Kitchen,1929.0293277310925,119,1400,False,-0.5381,-1.2162,-0.5381,-0.5381,1537.083,0.18,0.3465
2024-10-21,SKU0025,Home & Kitchen,2204.5571074380164,121,1400,False,-0.5381,-1.2162,-0.5381,-0.5381,1516.581,0.18,0.3465
2024-10-28,SKU0025,Home & Kitchen,2166.344,95,1400,False,-0.5381,-1.2162,-0.5381,-0.5381,1455.579,0.18,0.3465
2024-11-04,SKU0025,Home & Kitchen,2003.6263,100,1400,False,-0.5381,-1.2162,-0.5381,-0.5381,1469.1090000000002,0.18,0.3465
2024-11-11,SKU0025,Home & Kitchen,2136.8580373831774,107,1400,False,-0.5381,-1.2162,-0.5381,-0.5381,1491.5100000000002,0.18,0.3465
2024-11-18,SKU0025,Home & Kitchen,2043.392595419848,131,1400,False,-0.5381,-1.2162,-0.5381,-0.5381,1547.7300000000002,0.18,0.3465
2024-11-25,SKU0025,Home & Kitchen,2138.970168067227,119,1400,False,-0.5381,-1.2162,-0.5381,-0.5381,1548.438,0.18,0.3465
2024-12-02,SKU0025,Home & Kitchen,2214.941927710843,83,1400,False,-0.5381,-1.2162,-0.5381,-0.5381,1447.5,0.18,0.3465
2024-12-09,SKU0025,Home & Kitchen,1873.581037735849,106,1400,False,-0.5381,-1.2162,-0.5381,-0.5381,1556.376,0.18,0.3465
2024-12-16,SKU0025,Home & Kitchen,1939.9453900709216,141,1400,False,-0.5381,-1.2162,-0.5381,-0.5381,1514.889,0.18,0.3465
2024-12-23,SKU0025,Home & Kitchen,2156.081833333333,120,1400,False,-0.5381,-1.2162,-0.5381,-0.5381,1582.9830000000002,0.18,0.3465
2024-12-30,SKU0025,Home & Kitchen,2000.7028571428568,42,1400,False,-0.5381,-1.2162,-0.5381,-0.5381,1512.513,0.18,0.3465
2024-07-01,SKU0026,Beauty & Personal Care,1057.8051862464183,349,900,True,-0.9546,-0.1081,-0.1081,-0.1081,1160.51,0.18,0.0175
2024-07-08,SKU0026,Beauty & Personal Care,1158.2476875,320,900,True,-0.9546,-0.1081,-0.1081,-0.1081,1135.5766666666666,0.18,0.0175
2024-07-15,SKU0026,Beauty & Personal Care,1098.46761732852,277,900,False,-0.9546,-0.1081,-0.9546,-0.9546,1072.763333333333,0.18,0.0175
2024-07-22,SKU0026,Beauty & Personal Care,1078.294494680851,376,900,False,-0.9546,-0.1081,-0.9546,-0.9546,1068.3733333333332,0.18,0.0175
2024-07-29,SKU0026,Beauty & Personal Care,1222.8123999999998,250,900,False,-0.9546,-0.1081,-0.9546,-0.9546,1115.3433333333332,0.18,0.0175
2024-08-05,SKU0026,Beauty & Personal Care,1125.4799712643678,348,900,True,-0.9546,-0.1081,-0.1081,-0.1081,1079.4033333333334,0.18,0.0175
2024-08-12,SKU0026,Beauty & Personal Care,1079.0165206185568,388,900,True,-0.9546,-0.1081,-0.1081,-0.1081,1172.49,0.18,0.0175
2024-08-19,SKU0026,Beauty & Personal Care,1214.4027272727271,220,900,False,-0.9546,-0.1081,-0.9546,-0.9546,1115.1666666666667,0.18,0.0175
2024-08-26,SKU0026,Beauty & Personal Care,1049.0762828947368,304,900,False,-0.9546,-0.1081,-0.9546,-0.9546,1108.736666666667,0.18,0.0175
2024-09-02,SKU0026,Beauty & Personal Care,1022.6588349514564,309,900,False,-0.9546,-0.1081,-0.9546,-0.9546,1105.3933333333334,0.18,0.0175
2024-09-09,SKU0026,Beauty & Personal Care,1111.612249134948,289,900,False,-0.9546,-0.1081,-0.9546,-0.9546,1038.1933333333334,0.18,0.0175
2024-09-16,SKU0026,Beauty & Personal Care,1049.6297178683385,319,900,True,-0.9546,-0.1081,-0.1081,-0.1081,1114.17,0.18,0.0175
2024-09-23,SKU0026,Beauty & Personal Care,1085.9155663430422,309,900,True,-0.9546,-0.1081,-0.1081,-0.1081,1098.6333333333332,0.18,0.0175
2024-09-30,SKU0026,Beauty & Personal Care,1238.3344495412844,218,900,False,-0.9546,-0.1081,-0.9546,-0.9546,1121.4266666666665,0.18,0.0175
2024-10-07,SKU0026,Beauty & Personal Care,1040.6910843373494,249,900,False,-0.9546,-0.1081,-0.9546,-0.9546,1047.2733333333333,0.18,0.0175
2024-10-14,SKU0026,Beauty & Personal Care,1203.957429906542,214,900,False,-0.9546,-0.1081,-0.9546,-0.9546,1061.9466666666667,0.18,0.0175
2024-10-21,SKU0026,Beauty & Personal Care,1167.9902734375,256,900,False,-0.9546,-0.1081,-0.9546,-0.9546,1149.2233333333334,0.18,0.0175
2024-10-28,SKU0026,Beauty & Personal Care,1194.2490456431533,241,900,False,-0.9546,-0.1081,-0.9546,-0.9546,1086.87,0.18,0.0175
2024-11-04,SKU0026,Beauty & Personal Care,1120.4039726027395,219,900,False,-0.9546,-0.1081,-0.9546,-0.9546,1055.89,0.18,0.0175
2024-11-11,SKU0026,Beauty & Personal Care,1228.951592920354,226,900,False,-0.9546,-0.1081,-0.9546,-0.9546,1053.2766666666666,0.18,0.0175
2024-11-18,SKU0026,Beauty & Personal Care,1194.335,270,900,False,-0.9546,-0.1081,-0.9546,-0.9546,1080.1233333333332,0.18,0.0175
2024-11-25,SKU0026,Beauty & Personal Care,1214.4831325301204,249,900,False,-0.9546,-0.1081,-0.9546,-0.9546,1111.41,0.18,0.0175
2024-12-02,SKU0026,Beauty & Personal Care,1037.7702631578948,266,900,False,-0.9546,-0.1081,-0.9546,-0.9546,1081.72,0.18,0.0175
2024-12-09,SKU0026,Beauty & Personal Care,1134.831235059761,251,900,False,-0.9546,-0.1081,-0.9546,-0.9546,1024.3033333333333,0.18,0.0175
2024-12-16,SKU0026,Beauty & Personal Care,1128.8602173913043,230,900,False,-0.9546,-0.1081,-0.9546,-0.9546,1101.39,0.18,0.0175
2024-12-23,SKU0026,Beauty & Personal Care,1103.1535222672064,247,900,False,-0.9546,-0.1081,-0.9546,-0.9546,1111.4633333333334,0.18,0.0175
2024-12-30,SKU0026,Beauty & Personal Care,1136.1429347826088,92,900,False,-0.9546,-0.1081,-0.9546,-0.9546,1119.8666666666668,0.18,0.0175
2024-07-01,SKU0027,Beauty & Personal Care,547.534233983287,359,500,True,-3.588,-0.2553,-0.2553,-0.2553,639.87,0.18,0.0182
2024-07-08,SKU0027,Beauty & Personal Care,601.6751612903225,372,500,True,-3.588,-0.2553,-0.2553,-0.2553,643.6366666666667,0.18,0.0182
2024-07-15,SKU0027,Beauty & Personal Care,546.3645983379502,361,500,False,-3.588,-0.2553,-3.588,-3.588,600.8233333333334,0.18,0.0182
2024-07-22,SKU0027,Beauty & Personal Care,634.0997674418604,301,500,False,-3.588,-0.2553,-3.588,-3.588,614.8466666666667,0.18,0.0182
2024-07-29,SKU0027,Beauty & Personal Care,542.3810542168675,332,500,False,-3.588,-0.2553,-3.588,-3.588,604.38,0.18,0.0182
2024-08-05,SKU0027,Beauty & Personal Care,513.2430659025788,349,500,True,-3.588,-0.2553,-0.2553,-0.2553,600.7533333333333,0.18,0.0182
2024-08-12,SKU0027,Beauty & Personal Care,576.1457104557641,373,500,True,-3.588,-0.2553,-0.2553,-0.2553,606.1966666666667,0.18,0.0182
2024-08-19,SKU0027,Beauty & Personal Care,604.7351778656126,253,500,False,-3.588,-0.2553,-3.588,-3.588,594.2966666666666,0.18,0.0182
2024-08-26,SKU0027,Beauty & Personal Care,567.1234322033898,236,500,False,-3.588,-0.2553,-3.588,-3.588,598.61,0.18,0.0182
2024-09-02,SKU0027,Beauty & Personal Care,564.7859807073955,311,500,False,-3.588,-0.2553,-3.588,-3.588,611.4666666666667,0.18,0.0182
2024-09-09,SKU0027,Beauty & Personal Care,569.7482868525897,251,500,False,-3.588,-0.2553,-3.588,-3.588,606.7266666666666,0.18,0.0182
2024-09-16,SKU0027,Beauty & Personal Care,508.9106336088154,363,500,True,-3.588,-0.2553,-0.2553,-0.2553,619.44,0.18,0.0182
2024-09-23,SKU0027,Beauty & Personal Care,518.8192737430168,358,500,True,-3.588,-0.2553,-0.2553,-0.2553,607.5733333333334,0.18,0.0182
2024-09-30,SKU0027,Beauty & Personal Care,581.8930769230769,260,500,False,-3.588,-0.2553,-3.588,-3.588,615.0133333333333,0.18,0.0182
2024-10-07,SKU0027,Beauty & Personal Care,605.9150627615063,239,500,False,-3.588,-0.2553,-3.588,-3.588,619.4466666666667,0.18,0.0182
2024-10-14,SKU0027,Beauty & Personal Care,583.5656299212598,254,500,False,-3.588,-0.2553,-3.588,-3.588,616.99,0.18,0.0182
2024-10-21,SKU0027,Beauty & Personal Care,567.4632862190812,283,500,False,-3.588,-0.2553,-3.588,-3.588,608.6466666666666,0.18,0.0182
2024-10-28,SKU0027,Beauty & Personal Care,557.3281993569132,311,500,False,-3.588,-0.2553,-3.588,-3.588,586.3633333333333,0.18,0.0182
2024-11-04,SKU0027,Beauty & Personal Care,538.4255521472392,326,500,False,-3.588,-0.2553,-3.588,-3.588,575.3033333333333,0.18,0.0182
2024-11-11,SKU0027,Beauty & Personal Care,540.1899373040752,319,500,False,-3.588,-0.2553,-3.588,-3.588,614.0466666666667,0.18,0.0182
2024-11-18,SKU0027,Beauty & Personal Care,632.2025570776256,219,500,False,-3.588,-0.2553,-3.588,-3.588,598.6833333333333,0.18,0.0182
2024-11-25,SKU0027,Beauty & Personal Care,588.6111313868613,274,500,False,-3.588,-0.2553,-3.588,-3.588,621.8000000000001,0.18,0.0182
2024-12-02,SKU0027,Beauty & Personal Care,622.320637254902,204,500,False,-3.588,-0.2553,-3.588,-3.588,611.2333333333333,0.18,0.0182
2024-12-09,SKU0027,Beauty & Personal Care,591.8904081632653,294,500,False,-3.588,-0.2553,-3.588,-3.588,604.0966666666667,0.18,0.0182
2024-12-16,SKU0027,Beauty & Personal Care,577.9532781456953,302,500,False,-3.588,-0.2553,-3.588,-3.588,609.15,0.18,0.0182
2024-12-23,SKU0027,Beauty & Personal Care,543.6350500000001,400,500,False,-3.588,-0.2553,-3.588,-3.588,590.2433333333333,0.18,0.0182
2024-12-30,SKU0027,Beauty & Personal Care,610.9785365853659,82,500,False,-3.588,-0.2553,-3.588,-3.588,601.3433333333334,0.18,0.0182
2024-07-01,SKU0028,Beauty & Personal Care,615.7898969072164,485,650,True,-1.3107,0.0316,0.0316,0.0316,890.6333333333333,0.18,0.0513
2024-07-08,SKU0028,Beauty & Personal Care,638.034036939314,379,650,True,-1.3107,0.0316,0.0316,0.0316,869.3006666666666,0.18,0.0513
2024-07-15,SKU0028,Beauty & Personal Care,659.2072062663185,383,650,False,-1.3107,0.0316,-1.3107,-1.3107,861.993,0.18,0.0513
2024-07-22,SKU0028,Beauty & Personal Care,657.2926785714286,392,650,False,-1.3107,0.0316,-1.3107,-1.3107,854.3626666666668,0.18,0.0513
2024-07-29,SKU0028,Beauty & Personal Care,670.8455462184875,357,650,False,-1.3107,0.0316,-1.3107,-1.3107,894.7656666666667,0.18,0.0513
2024-08-05,SKU0028,Beauty & Personal Care,646.712043478261,460,650,True,-1.3107,0.0316,0.0316,0.0316,843.0913333333334,0.18,0.0513
2024-08-12,SKU0028,Beauty & Personal Care,592.5198398169337,437,650,True,-1.3107,0.0316,0.0316,0.0316,818.5173333333333,0.18,0.0513
2024-08-19,SKU0028,Beauty & Personal Care,608.2240506329114,395,650,False,-1.3107,0.0316,-1.3107,-1.3107,852.6613333333335,0.18,0.0513
2024-08-26,SKU0028,Beauty & Personal Care,602.6339634146342,328,650,False,-1.3107,0.0316,-1.3107,-1.3107,874.8996666666668,0.18,0.0513
2024-09-02,SKU0028,Beauty & Personal Care,630.0118691588785,321,650,False,-1.3107,0.0316,-1.3107,-1.3107,857.3620000000001,0.18,0.0513
2024-09-09,SKU0028,Beauty & Personal Care,607.0270277777777,360,650,False,-1.3107,0.0316,-1.3107,-1.3107,823.8560000000001,0.18,0.0513
2024-09-16,SKU0028,Beauty & Personal Care,561.6410361445783,415,650,True,-1.3107,0.0316,0.0316,0.0316,807.4513333333334,0.18,0.0513
2024-09-23,SKU0028,Beauty & Personal Care,638.5955949367088,395,650,True,-1.3107,0.0316,0.0316,0.0316,798.5596666666667,0.18,0.0513
2024-09-30,SKU0028,Beauty & Personal Care,666.8770512820513,312,650,False,-1.3107,0.0316,-1.3107,-1.3107,826.529,0.18,0.0513
2024-10-07,SKU0028,Beauty & Personal Care,640.2212820512821,312,650,False,-1.3107,0.0316,-1.3107,-1.3107,804.6756666666666,0.18,0.0513
2024-10-14,SKU0028,Beauty & Personal Care,648.3743396226415,318,650,False,-1.3107,0.0316,-1.3107,-1.3107,812.9843333333334,0.18,0.0513
2024-10-21,SKU0028,Beauty & Personal Care,685.9923566878981,314,650,False,-1.3107,0.0316,-1.3107,-1.3107,874.0526666666668,0.18,0.0513
2024-10-28,SKU0028,Beauty & Personal Care,607.7901285347043,389,650,False,-1.3107,0.0316,-1.3107,-1.3107,840.3340000000002,0.18,0.0513
2024-11-04,SKU0028,Beauty & Personal Care,655.7637662337662,231,650,False,-1.3107,0.0316,-1.3107,-1.3107,840.7593333333334,0.18,0.0513
2024-11-11,SKU0028,Beauty & Personal Care,586.6230154639175,388,650,False,-1.3107,0.0316,-1.3107,-1.3107,826.4300000000002,0.18,0.0513
2024-11-18,SKU0028,Beauty & Personal Care,606.6238323353293,334,650,False,-1.3107,0.0316,-1.3107,-1.3107,817.5603333333335,0.18,0.0513
2024-11-25,SKU0028,Beauty & Personal Care,674.0340689655172,290,650,False,-1.3107,0.0316,-1.3107,-1.3107,845.68,0.18,0.0513
2024-12-02,SKU0028,Beauty & Personal Care,596.0381388012618,317,650,False,-1.3107,0.0316,-1.3107,-1.3107,842.5230000000001,0.18,0.0513
2024-12-09,SKU0028,Beauty & Personal Care,654.5672695035461,282,650,False,-1.3107,0.0316,-1.3107,-1.3107,808.544,0.18,0.0513
2024-12-16,SKU0028,Beauty & Personal Care,635.6736125654451,382,650,False,-1.3107,0.0316,-1.3107,-1.3107,848.5766666666667,0.18,0.0513
2024-12-23,SKU0028,Beauty & Personal Care,640.362475,400,650,False,-1.3107,0.0316,-1.3107,-1.3107,857.2960000000002,0.18,0.0513
2024-12-30,SKU0028,Beauty & Personal Care,643.4200884955752,113,650,False,-1.3107,0.0316,-1.3107,-1.3107,869.924,0.18,0.0513
2024-07-01,SKU0029,Beauty & Personal Care,2028.8534293948128,347,1800,True,0.5161,-2.1207,-2.1207,-2.1207,2294.13,0.18,0.552
2024-07-08,SKU0029,Beauty & Personal Care,2159.392346041056,341,1800,True,0.5161,-2.1207,-2.1207,-2.1207,2342.26,0.18,0.552
2024-07-15,SKU0029,Beauty & Personal Care,2014.844579124579,297,1800,False,0.5161,-2.1207,0.5161,0.5161,2280.063333333333,0.18,0.552
2024-07-22,SKU0029,Beauty & Personal Care,2276.1378368794326,282,1800,False,0.5161,-2.1207,0.5161,0.5161,2291.326666666667,0.18,0.552
2024-07-29,SKU0029,Beauty & Personal Care,2055.652777777778,306,1800,False,0.5161,-2.1207,0.5161,0.5161,2322.363333333333,0.18,0.552
2024-08-05,SKU0029,Beauty & Personal Care,2114.504730878187,353,1800,True,0.5161,-2.1207,-2.1207,-2.1207,2282.403333333333,0.18,0.552
2024-08-12,SKU0029,Beauty & Personal Care,1954.2902450980391,408,1800,True,0.5161,-2.1207,-2.1207,-2.1207,2369.15,0.18,0.552
2024-08-19,SKU0029,Beauty & Personal Care,2327.35811965812,234,1800,False,0.5161,-2.1207,0.5161,0.5161,2249.6733333333336,0.18,0.552
2024-08-26,SKU0029,Beauty & Personal Care,2169.8926907630525,249,1800,False,0.5161,-2.1207,0.5161,0.5161,2075.4500000000003,0.18,0.552
2024-09-02,SKU0029,Beauty & Personal Care,2146.976052631579,228,1800,False,0.5161,-2.1207,0.5161,0.5161,2202.3366666666666,0.18,0.552
2024-09-09,SKU0029,Beauty & Personal Care,2368.656485355649,239,1800,False,0.5161,-2.1207,0.5161,0.5161,2222.2466666666664,0.18,0.552
2024-09-16,SKU0029,Beauty & Personal Care,1976.811415929204,339,1800,True,0.5161,-2.1207,-2.1207,-2.1207,2246.116666666667,0.18,0.552
2024-09-23,SKU0029,Beauty & Personal Care,1976.352342857143,350,1800,True,0.5161,-2.1207,-2.1207,-2.1207,2141.866666666667,0.18,0.552
2024-09-30,SKU0029,Beauty & Personal Care,2121.727641921397,229,1800,False,0.5161,-2.1207,0.5161,0.5161,2223.3966666666665,0.18,0.552
2024-10-07,SKU0029,Beauty & Personal Care,2032.8441772151896,237,1800,False,0.5161,-2.1207,0.5161,0.5161,2191.016666666667,0.18,0.552
2024-10-14,SKU0029,Beauty & Personal Care,2215.611576923077,260,1800,False,0.5161,-2.1207,0.5161,0.5161,2219.3366666666666,0.18,0.552
2024-10-21,SKU0029,Beauty & Personal Care,2444.685916666667,240,1800,False,0.5161,-2.1207,0.5161,0.5161,2213.62,0.18,0.552
2024-10-28,SKU0029,Beauty & Personal Care,2320.947701612903,248,1800,False,0.5161,-2.1207,0.5161,0.5161,2126.9933333333333,0.18,0.552
2024-11-04,SKU0029,Beauty & Personal Care,2394.2728679245283,265,1800,False,0.5161,-2.1207,0.5161,0.5161,2210.2966666666666,0.18,0.552
2024-11-11,SKU0029,Beauty & Personal Care,2225.3872440944883,254,1800,False,0.5161,-2.1207,0.5161,0.5161,2214.8033333333333,0.18,0.552
2024-11-18,SKU0029,Beauty & Personal Care,2103.6569014084503,284,1800,False,0.5161,-2.1207,0.5161,0.5161,2188.083333333333,0.18,0.552
2024-11-25,SKU0029,Beauty & Personal Care,2427.602,210,1800,False,0.5161,-2.1207,0.5161,0.5161,2197.5400000000004,0.18,0.552
2024-12-02,SKU0029,Beauty & Personal Care,2319.3888,250,1800,False,0.5161,-2.1207,0.5161,0.5161,2180.4466666666667,0.18,0.552
2024-12-09,SKU0029,Beauty & Personal Care,2294.88197080292,274,1800,False,0.5161,-2.1207,0.5161,0.5161,2241.1266666666666,0.18,0.552
2024-12-16,SKU0029,Beauty & Personal Care,2042.1880882352943,272,1800,False,0.5161,-2.1207,0.5161,0.5161,2252.4666666666667,0.18,0.552
2024-12-23,SKU0029,Beauty & Personal Care,2439.125750915752,273,1800,False,0.5161,-2.1207,0.5161,0.5161,2229.6066666666666,0.18,0.552
2024-12-30,SKU0029,Beauty & Personal Care,2029.695,112,1800,False,0.5161,-2.1207,0.5161,0.5161,2154.4,0.18,0.552
2024-07-01,SKU0030,Beauty & Personal Care,2646.7671549295774,355,2200,True,-0.8676,-2.3767,-2.3767,-2.3767,2657.92,0.18,0.0628
2024-07-08,SKU0030,Beauty & Personal Care,2496.434205607477,428,2200,True,-0.8676,-2.3767,-2.3767,-2.3767,2712.6266666666666,0.18,0.0628
2024-07-15,SKU0030,Beauty & Personal Care,2552.7605900621115,322,2200,False,-0.8676,-2.3767,-0.8676,-0.8676,2710.0033333333336,0.18,0.0628
2024-07-22,SKU0030,Beauty & Personal Care,2817.2264363636364,275,2200,False,-0.8676,-2.3767,-0.8676,-0.8676,2690.026666666666,0.18,0.0628
2024-07-29,SKU0030,Beauty & Personal Care,2962.4905597014927,268,2200,False,-0.8676,-2.3767,-0.8676,-0.8676,2546.443333333333,0.18,0.0628
2024-08-05,SKU0030,Beauty & Personal Care,2514.7062020905923,287,2200,True,-0.8676,-2.3767,-2.3767,-2.3767,2614.11,0.18,0.0628
2024-08-12,SKU0030,Beauty & Personal Care,2399.8308615384617,325,2200,True,-0.8676,-2.3767,-2.3767,-2.3767,2712.65,0.18,0.0628
2024-08-19,SKU0030,Beauty & Personal Care,2959.0989805825243,206,2200,False,-0.8676,-2.3767,-0.8676,-0.8676,2607.54,0.18,0.0628
2024-08-26,SKU0030,Beauty & Personal Care,2900.1324354243543,271,2200,False,-0.8676,-2.3767,-0.8676,-0.8676,2666.063333333333,0.18,0.0628
2024-09-02,SKU0030,Beauty & Personal Care,2934.936336633664,303,2200,False,-0.8676,-2.3767,-0.8676,-0.8676,2616.0066666666667,0.18,0.0628
2024-09-09,SKU0030,Beauty & Personal Care,2915.502974137931,232,2200,False,-0.8676,-2.3767,-0.8676,-0.8676,2574.866666666667,0.18,0.0628
2024-09-16,SKU0030,Beauty & Personal Care,2841.629849056604,265,2200,True,-0.8676,-2.3767,-2.3767,-2.3767,2750.38,0.18,0.0628
2024-09-23,SKU0030,Beauty & Personal Care,2853.7423846153847,260,2200,True,-0.8676,-2.3767,-2.3767,-2.3767,2679.793333333333,0.18,0.0628
2024-09-30,SKU0030,Beauty & Personal Care,2651.779834710744,242,2200,False,-0.8676,-2.3767,-0.8676,-0.8676,2726.813333333333,0.18,0.0628
2024-10-07,SKU0030,Beauty & Personal Care,2733.801576923077,260,2200,False,-0.8676,-2.3767,-0.8676,-0.8676,2535.623333333333,0.18,0.0628
2024-10-14,SKU0030,Beauty & Personal Care,2662.6684251968504,254,2200,False,-0.8676,-2.3767,-0.8676,-0.8676,2649.0166666666664,0.18,0.0628
2024-10-21,SKU0030,Beauty & Personal Care,2834.950299145299,234,2200,False,-0.8676,-2.3767,-0.8676,-0.8676,2542.96,0.18,0.0628
2024-10-28,SKU0030,Beauty & Personal Care,2549.7737451737453,259,2200,False,-0.8676,-2.3767,-0.8676,-0.8676,2577.46,0.18,0.0628
2024-11-04,SKU0030,Beauty & Personal Care,2552.6741025641027,273,2200,False,-0.8676,-2.3767,-0.8676,-0.8676,2665.8166666666666,0.18,0.0628
2024-11-11,SKU0030,Beauty & Personal Care,2675.0802641509435,265,2200,False,-0.8676,-2.3767,-0.8676,-0.8676,2598.66,0.18,0.0628
2024-11-18,SKU0030,Beauty & Personal Care,2538.4204214559386,261,2200,False,-0.8676,-2.3767,-0.8676,-0.8676,2613.6066666666666,0.18,0.0628
2024-11-25,SKU0030,Beauty & Personal Care,2649.462964169381,307,2200,False,-0.8676,-2.3767,-0.8676,-0.8676,2580.2466666666664,0.18,0.0628
2024-12-02,SKU0030,Beauty & Personal Care,2895.0132217573223,239,2200,False,-0.8676,-2.3767,-0.8676,-0.8676,2624.2166666666667,0.18,0.0628
2024-12-09,SKU0030,Beauty & Personal Care,2756.281841004184,239,2200,False,-0.8676,-2.3767,-0.8676,-0.8676,2739.1966666666667,0.18,0.0628
2024-12-16,SKU0030,Beauty & Personal Care,2607.6979016393443,305,2200,False,-0.8676,-2.3767,-0.8676,-0.8676,2717.2000000000003,0.18,0.0628
2024-12-23,SKU0030,Beauty & Personal Care,2622.9592565055764,269,2200,False,-0.8676,-2.3767,-0.8676,-0.8676,2648.076666666667,0.18,0.0628
2024-12-30,SKU0030,Beauty & Personal Care,2720.0301162790693,86,2200,False,-0.8676,-2.3767,-0.8676,-0.8676,2552.34,0.18,0.0628
2024-07-01,SKU0031,Beauty & Personal Care,383.2353862660945,466,450,True,-1.4125,-4.7796,-4.7796,-4.7796,631.2423333333334,0.18,0.0039
2024-07-08,SKU0031,Beauty & Personal Care,410.480487804878,492,450,True,-1.4125,-4.7796,-4.7796,-4.7796,592.8963333333335,0.18,0.0039
2024-07-15,SKU0031,Beauty & Personal Care,481.8312328767123,292,450,False,-1.4125,-4.7796,-1.4125,-1.4125,559.3243333333334,0.18,0.0039
2024-07-22,SKU0031,Beauty & Personal Care,409.4179506172839,405,450,False,-1.4125,-4.7796,-1.4125,-1.4125,586.6116666666667,0.18,0.0039
2024-07-29,SKU0031,Beauty & Personal Care,479.02051851851854,270,450,False,-1.4125,-4.7796,-1.4125,-1.4125,558.5836666666668,0.18,0.0039
2024-08-05,SKU0031,Beauty & Personal Care,450.0086163522012,318,450,True,-1.4125,-4.7796,-4.7796,-4.7796,597.5346666666668,0.18,0.0039
2024-08-12,SKU0031,Beauty & Personal Care,368.5032911392405,553,450,True,-1.4125,-4.7796,-4.7796,-4.7796,577.1150000000001,0.18,0.0039
2024-08-19,SKU0031,Beauty & Personal Care,445.0682997118156,347,450,False,-1.4125,-4.7796,-1.4125,-1.4125,579.7330000000001,0.18,0.0039
2024-08-26,SKU0031,Beauty & Personal Care,423.2451219512195,369,450,False,-1.4125,-4.7796,-1.4125,-1.4125,548.988,0.18,0.0039
2024-09-02,SKU0031,Beauty & Personal Care,439.55328621908126,283,450,False,-1.4125,-4.7796,-1.4125,-1.4125,572.3043333333334,0.18,0.0039
2024-09-09,SKU0031,Beauty & Personal Care,405.3530769230769,351,450,False,-1.4125,-4.7796,-1.4125,-1.4125,543.312,0.18,0.0039
2024-09-16,SKU0031,Beauty & Personal Care,425.8383734939759,332,450,True,-1.4125,-4.7796,-4.7796,-4.7796,561.11,0.18,0.0039
2024-09-23,SKU0031,Beauty & Personal Care,432.0220430107527,372,450,True,-1.4125,-4.7796,-4.7796,-4.7796,536.8843333333334,0.18,0.0039
2024-09-30,SKU0031,Beauty & Personal Care,471.1448846153846,260,450,False,-1.4125,-4.7796,-1.4125,-1.4125,560.5086666666667,0.18,0.0039
2024-10-07,SKU0031,Beauty & Personal Care,427.4938775510204,294,450,False,-1.4125,-4.7796,-1.4125,-1.4125,537.3023333333334,0.18,0.0039
2024-10-14,SKU0031,Beauty & Personal Care,440.5929931972789,294,450,False,-1.4125,-4.7796,-1.4125,-1.4125,560.6773333333334,0.18,0.0039
2024-10-21,SKU0031,Beauty & Personal Care,470.179889298893,271,450,False,-1.4125,-4.7796,-1.4125,-1.4125,547.393,0.18,0.0039
2024-10-28,SKU0031,Beauty & Personal Care,412.2536858974359,312,450,False,-1.4125,-4.7796,-1.4125,-1.4125,558.4443333333334,0.18,0.0039
2024-11-04,SKU0031,Beauty & Personal Care,453.7792483660131,306,450,False,-1.4125,-4.7796,-1.4125,-1.4125,575.7913333333335,0.18,0.0039
2024-11-11,SKU0031,Beauty & Personal Care,465.11761904761903,273,450,False,-1.4125,-4.7796,-1.4125,-1.4125,547.0630000000001,0.18,0.0039
2024-11-18,SKU0031,Beauty & Personal Care,448.5505387205387,297,450,False,-1.4125,-4.7796,-1.4125,-1.4125,546.1316666666667,0.18,0.0039
2024-11-25,SKU0031,Beauty & Personal Care,408.4741776315789,304,450,False,-1.4125,-4.7796,-1.4125,-1.4125,579.2600000000001,0.18,0.0039
2024-12-02,SKU0031,Beauty & Personal Care,405.0,407,450,False,-1.4125,-4.7796,-1.4125,-1.4125,590.1390000000001,0.18,0.0039
2024-12-09,SKU0031,Beauty & Personal Care,470.6785423728813,295,450,False,-1.4125,-4.7796,-1.4125,-1.4125,556.303,0.18,0.0039
2024-12-16,SKU0031,Beauty & Personal Care,479.3028813559322,295,450,False,-1.4125,-4.7796,-1.4125,-1.4125,555.225,0.18,0.0039
2024-12-23,SKU0031,Beauty & Personal Care,432.5152733118971,311,450,False,-1.4125,-4.7796,-1.4125,-1.4125,566.544,0.18,0.0039
2024-12-30,SKU0031,Beauty & Personal Care,428.2563043478261,92,450,False,-1.4125,-4.7796,-1.4125,-1.4125,596.6363333333334,0.18,0.0039
2024-07-01,SKU0032,Sports & Fitness,3626.3182802547767,157,3000,True,-0.137,-2.1581,-2.1581,-2.1581,3923.4,0.18,0.8599
2024-07-08,SKU0032,Sports & Fitness,3417.072617801048,191,3000,True,-0.137,-2.1581,-2.1581,-2.1581,3983.563333333333,0.18,0.8599
2024-07-15,SKU0032,Sports & Fitness,3452.5293442622947,122,3000,False,-0.137,-2.1581,-0.137,-0.137,3804.7533333333336,0.18,0.8599
2024-07-22,SKU0032,Sports & Fitness,4011.5148,125,3000,False,-0.137,-2.1581,-0.137,-0.137,3902.0966666666654,0.18,0.8599
2024-07-29,SKU0032,Sports & Fitness,3868.067024793388,121,3000,False,-0.137,-2.1581,-0.137,-0.137,3622.9166666666665,0.18,0.8599
2024-08-05,SKU0032,Sports & Fitness,3859.543278688525,122,3000,True,-0.137,-2.1581,-2.1581,-2.1581,3824.04,0.18,0.8599
2024-08-12,SKU0032,Sports & Fitness,3438.2681355932204,118,3000,True,-0.137,-2.1581,-2.1581,-2.1581,3879.01,0.18,0.8599
2024-08-19,SKU0032,Sports & Fitness,3639.9098039215687,102,3000,False,-0.137,-2.1581,-0.137,-0.137,3689.45,0.18,0.8599
2024-08-26,SKU0032,Sports & Fitness,3866.185,100,3000,False,-0.137,-2.1581,-0.137,-0.137,3721.223333333333,0.18,0.8599
2024-09-02,SKU0032,Sports & Fitness,3974.825507246377,69,3000,False,-0.137,-2.1581,-0.137,-0.137,3610.6733333333336,0.18,0.8599
2024-09-09,SKU0032,Sports & Fitness,3410.5201769911505,113,3000,False,-0.137,-2.1581,-0.137,-0.137,3768.16,0.18,0.8599
2024-09-16,SKU0032,Sports & Fitness,3595.5154716981133,106,3000,True,-0.137,-2.1581,-2.1581,-2.1581,3612.103333333333,0.18,0.8599
2024-09-23,SKU0032,Sports & Fitness,3558.1322727272727,88,3000,True,-0.137,-2.1581,-2.1581,-2.1581,3863.4233333333336,0.18,0.8599
2024-09-30,SKU0032,Sports & Fitness,3510.392222222222,81,3000,False,-0.137,-2.1581,-0.137,-0.137,3587.9666666666667,0.18,0.8599
2024-10-07,SKU0032,Sports & Fitness,3650.937906976744,86,3000,False,-0.137,-2.1581,-0.137,-0.137,3524.883333333333,0.18,0.8599
2024-10-14,SKU0032,Sports & Fitness,3646.145972222223,72,3000,False,-0.137,-2.1581,-0.137,-0.137,3525.8233333333333,0.18,0.8599
2024-10-21,SKU0032,Sports & Fitness,,0,3000,False,-0.137,-2.1581,-0.137,-0.137,3722.466666666666,0.18,0.8599
2024-10-28,SKU0032,Sports & Fitness,3841.011475409836,61,3000,False,-0.137,-2.1581,-0.137,-0.137,3586.893333333333,0.18,0.8599
2024-11-04,SKU0032,Sports & Fitness,4077.3764285714287,56,3000,False,-0.137,-2.1581,-0.137,-0.137,3454.64,0.18,0.8599
2024-11-11,SKU0032,Sports & Fitness,3906.698235294117,68,3000,False,-0.137,-2.1581,-0.137,-0.137,3640.03,0.18,0.8599
2024-11-18,SKU0032,Sports & Fitness,3775.26649122807,57,3000,False,-0.137,-2.1581,-0.137,-0.137,3652.446666666666,0.18,0.8599
2024-11-25,SKU0032,Sports & Fitness,3534.868285714286,70,3000,False,-0.137,-2.1581,-0.137,-0.137,3715.19,0.18,0.8599
2024-12-02,SKU0032,Sports & Fitness,3999.612258064516,62,3000,False,-0.137,-2.1581,-0.137,-0.137,3682.203333333333,0.18,0.8599
2024-12-09,SKU0032,Sports & Fitness,4153.25,63,3000,False,-0.137,-2.1581,-0.137,-0.137,3670.6166666666654,0.18,0.8599
2024-12-16,SKU0032,Sports & Fitness,3423.3914285714286,77,3000,False,-0.137,-2.1581,-0.137,-0.137,3684.65,0.18,0.8599
2024-12-23,SKU0032,Sports & Fitness,3887.5659523809527,84,3000,False,-0.137,-2.1581,-0.137,-0.137,3727.763333333334,0.18,0.8599
2024-12-30,SKU0032,Sports & Fitness,3604.71,28,3000,False,-0.137,-2.1581,-0.137,-0.137,3670.86,0.18,0.8599
2024-07-01,SKU0033,Sports & Fitness,971.00642228739,341,900,True,0.5357,-3.1783,-3.1783,-3.1783,1123.11,0.18,0.6898
2024-07-08,SKU0033,Sports & Fitness,1096.144612244898,245,900,True,0.5357,-3.1783,-3.1783,-3.1783,1163.54,0.18,0.6898
2024-07-15,SKU0033,Sports & Fitness,1188.8571126760562,142,900,False,0.5357,-3.1783,0.5357,0.5357,1164.3433333333332,0.18,0.6898
2024-07-22,SKU0033,Sports & Fitness,1134.3449268292682,205,900,False,0.5357,-3.1783,0.5357,0.5357,1154.6566666666668,0.18,0.6898
2024-07-29,SKU0033,Sports & Fitness,1171.518787878788,165,900,False,0.5357,-3.1783,0.5357,0.5357,1087.45,0.18,0.6898
2024-08-05,SKU0033,Sports & Fitness,1095.1905925925926,270,900,True,0.5357,-3.1783,-3.1783,-3.1783,1143.7166666666665,0.18,0.6898
2024-08-12,SKU0033,Sports & Fitness,1054.7089999999998,210,900,True,0.5357,-3.1783,-3.1783,-3.1783,1106.12,0.18,0.6898
2024-08-19,SKU0033,Sports & Fitness,1184.4510429447853,163,900,False,0.5357,-3.1783,0.5357,0.5357,1166.2166666666667,0.18,0.6898
2024-08-26,SKU0033,Sports & Fitness,1197.5442196531794,173,900,False,0.5357,-3.1783,0.5357,0.5357,1113.78,0.18,0.6898
2024-09-02,SKU0033,Sports & Fitness,1102.3377040816324,196,900,False,0.5357,-3.1783,0.5357,0.5357,1093.28,0.18,0.6898
2024-09-09,SKU0033,Sports & Fitness,1158.1224375,160,900,False,0.5357,-3.1783,0.5357,0.5357,1182.003333333333,0.18,0.6898
2024-09-16,SKU0033,Sports & Fitness,1124.291067961165,206,900,True,0.5357,-3.1783,-3.1783,-3.1783,1126.14,0.18,0.6898
2024-09-23,SKU0033,Sports & Fitness,1093.0356331877729,229,900,True,0.5357,-3.1783,-3.1783,-3.1783,1099.6133333333337,0.18,0.6898
2024-09-30,SKU0033,Sports & Fitness,1165.3231875,160,900,False,0.5357,-3.1783,0.5357,0.5357,1130.7966666666669,0.18,0.6898
2024-10-07,SKU0033,Sports & Fitness,1175.3323163841808,177,900,False,0.5357,-3.1783,0.5357,0.5357,1118.31,0.18,0.6898
2024-10-14,SKU0033,Sports & Fitness,1116.9962345679012,162,900,False,0.5357,-3.1783,0.5357,0.5357,1077.0433333333333,0.18,0.6898
2024-10-21,SKU0033,Sports & Fitness,1165.184431818182,176,900,False,0.5357,-3.1783,0.5357,0.5357,1119.8833333333332,0.18,0.6898
2024-10-28,SKU0033,Sports & Fitness,1239.4459722222225,144,900,False,0.5357,-3.1783,0.5357,0.5357,1060.79,0.18,0.6898
2024-11-04,SKU0033,Sports & Fitness,1099.3926506024095,166,900,False,0.5357,-3.1783,0.5357,0.5357,1063.1233333333332,0.18,0.6898
2024-11-11,SKU0033,Sports & Fitness,1141.5246590909092,176,900,False,0.5357,-3.1783,0.5357,0.5357,1101.07,0.18,0.6898
2024-11-18,SKU0033,Sports & Fitness,1114.8221014492751,138,900,False,0.5357,-3.1783,0.5357,0.5357,1070.006666666667,0.18,0.6898
2024-11-25,SKU0033,Sports & Fitness,1153.7710884353742,147,900,False,0.5357,-3.1783,0.5357,0.5357,1104.5533333333333,0.18,0.6898
2024-12-02,SKU0033,Sports & Fitness,1096.408551724138,145,900,False,0.5357,-3.1783,0.5357,0.5357,1107.76,0.18,0.6898
2024-12-09,SKU0033,Sports & Fitness,1171.5264743589744,156,900,False,0.5357,-3.1783,0.5357,0.5357,1073.4466666666667,0.18,0.6898
2024-12-16,SKU0033,Sports & Fitness,1073.8170616113744,211,900,False,0.5357,-3.1783,0.5357,0.5357,1139.3,0.18,0.6898
2024-12-23,SKU0033,Sports & Fitness,1230.986149068323,161,900,False,0.5357,-3.1783,0.5357,0.5357,1097.8466666666666,0.18,0.6898
2024-12-30,SKU0033,Sports & Fitness,1059.160487804878,82,900,False,0.5357,-3.1783,0.5357,0.5357,1108.96,0.18,0.6898
2024-07-01,SKU0034,Sports & Fitness,1509.1232936507936,504,1800,True,-0.145,-4.0004,-4.0004,-4.0004,2461.8843333333334,0.18,0.8506
2024-07-08,SKU0034,Sports & Fitness,1651.1254010695188,374,1800,True,-0.145,-4.0004,-4.0004,-4.0004,2319.771666666667,0.18,0.8506
2024-07-15,SKU0034,Sports & Fitness,1844.5056275303643,247,1800,False,-0.145,-4.0004,-0.145,-0.145,2320.299666666667,0.18,0.8506
2024-07-22,SKU0034,Sports & Fitness,1802.5246204620464,303,1800,False,-0.145,-4.0004,-0.145,-0.145,2486.3080000000004,0.18,0.8506
2024-07-29,SKU0034,Sports & Fitness,1824.291474654378,217,1800,False,-0.145,-4.0004,-0.145,-0.145,2388.224666666667,0.18,0.8506
2024-08-05,SKU0034,Sports & Fitness,1575.3367826086956,345,1800,True,-0.145,-4.0004,-4.0004,-4.0004,2365.799333333334,0.18,0.8506
2024-08-12,SKU0034,Sports & Fitness,1587.4666846361183,371,1800,True,-0.145,-4.0004,-4.0004,-4.0004,2329.2206666666666,0.18,0.8506
2024-08-19,SKU0034,Sports & Fitness,1665.1625301204815,249,1800,False,-0.145,-4.0004,-0.145,-0.145,2388.664666666667,0.18,0.8506
2024-08-26,SKU0034,Sports & Fitness,1871.910041841004,239,1800,False,-0.145,-4.0004,-0.145,-0.145,2344.5180000000005,0.18,0.8506
2024-09-02,SKU0034,Sports & Fitness,1719.682701754386,285,1800,False,-0.145,-4.0004,-0.145,-0.145,2275.922,0.18,0.8506
2024-09-09,SKU0034,Sports & Fitness,1635.3498449612405,258,1800,False,-0.145,-4.0004,-0.145,-0.145,2243.574666666667,0.18,0.8506
2024-09-16,SKU0034,Sports & Fitness,1654.0322077922078,308,1800,True,-0.145,-4.0004,-4.0004,-4.0004,2285.8440000000005,0.18,0.8506
2024-09-23,SKU0034,Sports & Fitness,1625.633862928349,321,1800,True,-0.145,-4.0004,-4.0004,-4.0004,2282.8300000000004,0.18,0.8506
2024-09-30,SKU0034,Sports & Fitness,1652.65,269,1800,False,-0.145,-4.0004,-0.145,-0.145,2325.084666666667,0.18,0.8506
2024-10-07,SKU0034,Sports & Fitness,1749.214060150376,266,1800,False,-0.145,-4.0004,-0.145,-0.145,2361.3553333333334,0.18,0.8506
2024-10-14,SKU0034,Sports & Fitness,1620.0,266,1800,False,-0.145,-4.0004,-0.145,-0.145,2415.0426666666667,0.18,0.8506
2024-10-21,SKU0034,Sports & Fitness,1656.4175632911392,316,1800,False,-0.145,-4.0004,-0.145,-0.145,2320.882666666667,0.18,0.8506
2024-10-28,SKU0034,Sports & Fitness,1856.33171875,256,1800,False,-0.145,-4.0004,-0.145,-0.145,2214.355,0.18,0.8506
2024-11-04,SKU0034,Sports & Fitness,1715.449778597786,271,1800,False,-0.145,-4.0004,-0.145,-0.145,2301.368666666667,0.18,0.8506
2024-11-11,SKU0034,Sports & Fitness,1727.6614885496183,262,1800,False,-0.145,-4.0004,-0.145,-0.145,2279.808666666667,0.18,0.8506
2024-11-18,SKU0034,Sports & Fitness,1620.0,305,1800,False,-0.145,-4.0004,-0.145,-0.145,2382.9373333333338,0.18,0.8506
2024-11-25,SKU0034,Sports & Fitness,1620.0,334,1800,False,-0.145,-4.0004,-0.145,-0.145,2290.753666666667,0.18,0.8506
2024-12-02,SKU0034,Sports & Fitness,1705.7435223880595,335,1800,False,-0.145,-4.0004,-0.145,-0.145,2392.7163333333333,0.18,0.8506
2024-12-09,SKU0034,Sports & Fitness,1624.4852243589744,312,1800,False,-0.145,-4.0004,-0.145,-0.145,2380.8363333333336,0.18,0.8506
2024-12-16,SKU0034,Sports & Fitness,1652.6413694267517,314,1800,False,-0.145,-4.0004,-0.145,-0.145,2302.5090000000005,0.18,0.8506
2024-12-23,SKU0034,Sports & Fitness,1630.3788599348534,307,1800,False,-0.145,-4.0004,-0.145,-0.145,2224.962666666667,0.18,0.8506
2024-12-30,SKU0034,Sports & Fitness,1620.0,105,1800,False,-0.145,-4.0004,-0.145,-0.145,2346.157,0.18,0.8506
2024-07-01,SKU0035,Sports & Fitness,811.7458015267175,262,700,True,0.272,0.1354,0.1354,0.1354,875.65,0.18,0.8636
2024-07-08,SKU0035,Sports & Fitness,814.3401282051282,234,700,True,0.272,0.1354,0.1354,0.1354,828.2366666666667,0.18,0.8636
2024-07-15,SKU0035,Sports & Fitness,868.121512195122,205,700,False,0.272,0.1354,0.272,0.272,859.4466666666667,0.18,0.8636
2024-07-22,SKU0035,Sports & Fitness,786.8028048780487,246,700,False,0.272,0.1354,0.272,0.272,875.9333333333334,0.18,0.8636
2024-07-29,SKU0035,Sports & Fitness,878.2876190476189,189,700,False,0.272,0.1354,0.272,0.272,872.2766666666666,0.18,0.8636
2024-08-05,SKU0035,Sports & Fitness,767.8065876777251,211,700,True,0.272,0.1354,0.1354,0.1354,812.8833333333333,0.18,0.8636
2024-08-12,SKU0035,Sports & Fitness,798.4232644628099,242,700,True,0.272,0.1354,0.1354,0.1354,823.5966666666667,0.18,0.8636
2024-08-19,SKU0035,Sports & Fitness,902.2278735632184,174,700,False,0.272,0.1354,0.272,0.272,816.5799999999999,0.18,0.8636
2024-08-26,SKU0035,Sports & Fitness,780.2882843137255,204,700,False,0.272,0.1354,0.272,0.272,825.1466666666666,0.18,0.8636
2024-09-02,SKU0035,Sports & Fitness,857.8329940119761,167,700,False,0.272,0.1354,0.272,0.272,798.1,0.18,0.8636
2024-09-09,SKU0035,Sports & Fitness,823.3926086956523,207,700,False,0.272,0.1354,0.272,0.272,788.3866666666667,0.18,0.8636
2024-09-16,SKU0035,Sports & Fitness,797.9216190476191,210,700,True,0.272,0.1354,0.1354,0.1354,848.6133333333333,0.18,0.8636
2024-09-23,SKU0035,Sports & Fitness,816.2831818181819,198,700,True,0.272,0.1354,0.1354,0.1354,828.06,0.18,0.8636
2024-09-30,SKU0035,Sports & Fitness,927.39012987013,154,700,False,0.272,0.1354,0.272,0.272,778.6433333333333,0.18,0.8636
2024-10-07,SKU0035,Sports & Fitness,878.6362275449102,167,700,False,0.272,0.1354,0.272,0.272,774.15,0.18,0.8636
2024-10-14,SKU0035,Sports & Fitness,892.7582781456954,151,700,False,0.272,0.1354,0.272,0.272,830.4233333333333,0.18,0.8636
2024-10-21,SKU0035,Sports & Fitness,912.364011299435,177,700,False,0.272,0.1354,0.272,0.272,822.7633333333333,0.18,0.8636
2024-10-28,SKU0035,Sports & Fitness,851.4222842639595,197,700,False,0.272,0.1354,0.272,0.272,824.38,0.18,0.8636
2024-11-04,SKU0035,Sports & Fitness,854.5110857142857,175,700,False,0.272,0.1354,0.272,0.272,796.48,0.18,0.8636
2024-11-11,SKU0035,Sports & Fitness,779.1845077720208,193,700,False,0.272,0.1354,0.272,0.272,822.79,0.18,0.8636
2024-11-18,SKU0035,Sports & Fitness,855.4487765957447,188,700,False,0.272,0.1354,0.272,0.272,781.5633333333334,0.18,0.8636
2024-11-25,SKU0035,Sports & Fitness,861.1072677595629,183,700,False,0.272,0.1354,0.272,0.272,783.1466666666666,0.18,0.8636
2024-12-02,SKU0035,Sports & Fitness,859.6184239130433,184,700,False,0.272,0.1354,0.272,0.272,798.8466666666667,0.18,0.8636
2024-12-09,SKU0035,Sports & Fitness,844.2990277777777,144,700,False,0.272,0.1354,0.272,0.272,764.7166666666667,0.18,0.8636
2024-12-16,SKU0035,Sports & Fitness,867.1740641711231,187,700,False,0.272,0.1354,0.272,0.272,838.4499999999999,0.18,0.8636
2024-12-23,SKU0035,Sports & Fitness,869.5046794871794,156,700,False,0.272,0.1354,0.272,0.272,826.9633333333333,0.18,0.8636
2024-12-30,SKU0035,Sports & Fitness,810.9289361702129,47,700,False,0.272,0.1354,0.272,0.272,812.6566666666666,0.18,0.8636
2024-07-01,SKU0036,Sports & Fitness,3444.9032195121954,205,2600,True,0.8087,-2.728,-2.728,-2.728,3364.01,0.18,0.6503
2024-07-08,SKU0036,Sports & Fitness,3107.3265917602994,267,2600,True,0.8087,-2.728,-2.728,-2.728,3285.2166666666667,0.18,0.6503
2024-07-15,SKU0036,Sports & Fitness,3544.43035971223,139,2600,False,0.8087,-2.728,0.8087,0.8087,3303.6800000000003,0.18,0.6503
2024-07-22,SKU0036,Sports & Fitness,3290.933957446809,235,2600,False,0.8087,-2.728,0.8087,0.8087,3261.3433333333337,0.18,0.6503
2024-07-29,SKU0036,Sports & Fitness,3573.9188505747125,174,2600,False,0.8087,-2.728,0.8087,0.8087,3040.396666666667,0.18,0.6503
2024-08-05,SKU0036,Sports & Fitness,3463.5254450261777,191,2600,True,0.8087,-2.728,-2.728,-2.728,3068.91,0.18,0.6503
2024-08-12,SKU0036,Sports & Fitness,2852.283395522388,268,2600,True,0.8087,-2.728,-2.728,-2.728,3162.333333333333,0.18,0.6503
2024-08-19,SKU0036,Sports & Fitness,3551.963310344828,145,2600,False,0.8087,-2.728,0.8087,0.8087,3153.883333333333,0.18,0.6503
2024-08-26,SKU0036,Sports & Fitness,3618.548079470199,151,2600,False,0.8087,-2.728,0.8087,0.8087,3284.8433333333337,0.18,0.6503
2024-09-02,SKU0036,Sports & Fitness,3536.279344262295,122,2600,False,0.8087,-2.728,0.8087,0.8087,3088.103333333333,0.18,0.6503
2024-09-09,SKU0036,Sports & Fitness,3104.9408163265307,147,2600,False,0.8087,-2.728,0.8087,0.8087,3069.2466666666664,0.18,0.6503
2024-09-16,SKU0036,Sports & Fitness,3314.4024242424243,165,2600,True,0.8087,-2.728,-2.728,-2.728,3136.7966666666666,0.18,0.6503
2024-09-23,SKU0036,Sports & Fitness,3187.053720930233,215,2600,True,0.8087,-2.728,-2.728,-2.728,3189.346666666667,0.18,0.6503
2024-09-30,SKU0036,Sports & Fitness,3522.694028776978,139,2600,False,0.8087,-2.728,0.8087,0.8087,3088.44,0.18,0.6503
2024-10-07,SKU0036,Sports & Fitness,3381.1390298507463,134,2600,False,0.8087,-2.728,0.8087,0.8087,3156.523333333333,0.18,0.6503
2024-10-14,SKU0036,Sports & Fitness,3154.246020408163,196,2600,False,0.8087,-2.728,0.8087,0.8087,3099.4133333333334,0.18,0.6503
2024-10-21,SKU0036,Sports & Fitness,3111.918685714286,175,2600,False,0.8087,-2.728,0.8087,0.8087,3120.4,0.18,0.6503
2024-10-28,SKU0036,Sports & Fitness,3516.2009375,128,2600,False,0.8087,-2.728,0.8087,0.8087,3013.8700000000003,0.18,0.6503
2024-11-04,SKU0036,Sports & Fitness,3235.493121019108,157,2600,False,0.8087,-2.728,0.8087,0.8087,3093.74,0.18,0.6503
2024-11-11,SKU0036,Sports & Fitness,3148.5104964539005,141,2600,False,0.8087,-2.728,0.8087,0.8087,3045.53,0.18,0.6503
2024-11-18,SKU0036,Sports & Fitness,3265.239112149533,214,2600,False,0.8087,-2.728,0.8087,0.8087,3122.316666666667,0.18,0.6503
2024-11-25,SKU0036,Sports & Fitness,3431.98914893617,188,2600,False,0.8087,-2.728,0.8087,0.8087,3136.013333333334,0.18,0.6503
2024-12-02,SKU0036,Sports & Fitness,3330.366666666667,180,2600,False,0.8087,-2.728,0.8087,0.8087,3010.286666666667,0.18,0.6503
2024-12-09,SKU0036,Sports & Fitness,3075.3601129943504,177,2600,False,0.8087,-2.728,0.8087,0.8087,3190.5866666666666,0.18,0.6503
2024-12-16,SKU0036,Sports & Fitness,3536.932,150,2600,False,0.8087,-2.728,0.8087,0.8087,3098.73,0.18,0.6503
2024-12-23,SKU0036,Sports & Fitness,3548.4264375,160,2600,False,0.8087,-2.728,0.8087,0.8087,2937.35,0.18,0.6503
2024-12-30,SKU0036,Sports & Fitness,3074.363846153846,39,2600,False,0.8087,-2.728,0.8087,0.8087,3136.5466666666666,0.18,0.6503
2024-07-01,SKU0037,Sports & Fitness,516.3290029325514,341,550,True,-2.5449,-4.9844,-4.9844,-4.9844,738.4043333333334,0.18,0.0261
2024-07-08,SKU0037,Sports & Fitness,495.2938352272727,352,550,True,-2.5449,-4.9844,-4.9844,-4.9844,692.857,0.18,0.0261
2024-07-15,SKU0037,Sports & Fitness,558.8627777777779,252,550,False,-2.5449,-4.9844,-2.5449,-2.5449,746.669,0.18,0.0261
2024-07-22,SKU0037,Sports & Fitness,590.6618502202642,227,550,False,-2.5449,-4.9844,-2.5449,-2.5449,681.8496666666667,0.18,0.0261
2024-07-29,SKU0037,Sports & Fitness,575.3084453781513,238,550,False,-2.5449,-4.9844,-2.5449,-2.5449,720.5916666666667,0.18,0.0261
2024-08-05,SKU0037,Sports & Fitness,538.5104979253111,241,550,True,-2.5449,-4.9844,-4.9844,-4.9844,720.6943333333334,0.18,0.0261
2024-08-12,SKU0037,Sports & Fitness,516.4861111111111,360,550,True,-2.5449,-4.9844,-4.9844,-4.9844,763.4073333333334,0.18,0.0261
2024-08-19,SKU0037,Sports & Fitness,537.5616544117647,272,550,False,-2.5449,-4.9844,-2.5449,-2.5449,684.5483333333333,0.18,0.0261
2024-08-26,SKU0037,Sports & Fitness,495.1260689655172,290,550,False,-2.5449,-4.9844,-2.5449,-2.5449,694.881,0.18,0.0261
2024-09-02,SKU0037,Sports & Fitness,530.572096069869,229,550,False,-2.5449,-4.9844,-2.5449,-2.5449,700.4470000000001,0.18,0.0261
2024-09-09,SKU0037,Sports & Fitness,573.5058515283843,229,550,False,-2.5449,-4.9844,-2.5449,-2.5449,668.8806666666668,0.18,0.0261
2024-09-16,SKU0037,Sports & Fitness,534.048085106383,235,550,True,-2.5449,-4.9844,-4.9844,-4.9844,686.73,0.18,0.0261
2024-09-23,SKU0037,Sports & Fitness,532.8683464566928,254,550,True,-2.5449,-4.9844,-4.9844,-4.9844,708.6713333333333,0.18,0.0261
2024-09-30,SKU0037,Sports & Fitness,544.0376518218623,247,550,False,-2.5449,-4.9844,-2.5449,-2.5449,685.718,0.18,0.0261
2024-10-07,SKU0037,Sports & Fitness,510.18054545454544,220,550,False,-2.5449,-4.9844,-2.5449,-2.5449,680.3683333333335,0.18,0.0261
2024-10-14,SKU0037,Sports & Fitness,567.4113821138212,246,550,False,-2.5449,-4.9844,-2.5449,-2.5449,687.236,0.18,0.0261
2024-10-21,SKU0037,Sports & Fitness,539.9872769953051,213,550,False,-2.5449,-4.9844,-2.5449,-2.5449,683.4263333333333,0.18,0.0261
2024-10-28,SKU0037,Sports & Fitness,499.6244897959184,245,550,False,-2.5449,-4.9844,-2.5449,-2.5449,707.2193333333335,0.18,0.0261
2024-11-04,SKU0037,Sports & Fitness,524.443502538071,197,550,False,-2.5449,-4.9844,-2.5449,-2.5449,663.8573333333334,0.18,0.0261
2024-11-11,SKU0037,Sports & Fitness,583.4110659898478,197,550,False,-2.5449,-4.9844,-2.5449,-2.5449,685.2083333333334,0.18,0.0261
2024-11-18,SKU0037,Sports & Fitness,501.856375,320,550,False,-2.5449,-4.9844,-2.5449,-2.5449,718.2596666666667,0.18,0.0261
2024-11-25,SKU0037,Sports & Fitness,519.9957740585775,239,550,False,-2.5449,-4.9844,-2.5449,-2.5449,662.7940000000002,0.18,0.0261
2024-12-02,SKU0037,Sports & Fitness,559.3111374407583,211,550,False,-2.5449,-4.9844,-2.5449,-2.5449,679.4553333333333,0.18,0.0261
2024-12-09,SKU0037,Sports & Fitness,506.5963309352518,278,550,False,-2.5449,-4.9844,-2.5449,-2.5449,716.408,0.18,0.0261
2024-12-16,SKU0037,Sports & Fitness,504.4239207048458,227,550,False,-2.5449,-4.9844,-2.5449,-2.5449,706.9040000000001,0.18,0.0261
2024-12-23,SKU0037,Sports & Fitness,565.1840329218107,243,550,False,-2.5449,-4.9844,-2.5449,-2.5449,721.9263333333334,0.18,0.0261
2024-12-30,SKU0037,Sports & Fitness,568.5966101694914,59,550,False,-2.5449,-4.9844,-2.5449,-2.5449,712.7670000000002,0.18,0.0261
2024-07-01,SKU0038,Books & Stationery,543.0891148325359,418,450,True,-0.3583,-1.4699,-1.4699,-1.4699,591.32,0.18,0.7349
2024-07-08,SKU0038,Books & Stationery,479.2760365853658,492,450,True,-0.3583,-1.4699,-1.4699,-1.4699,570.2066666666666,0.18,0.7349
2024-07-15,SKU0038,Books & Stationery,543.8274794520548,365,450,False,-0.3583,-1.4699,-0.3583,-0.3583,534.7466666666667,0.18,0.7349
2024-07-22,SKU0038,Books & Stationery,562.3993137254902,408,450,False,-0.3583,-1.4699,-0.3583,-0.3583,570.4266666666666,0.18,0.7349
2024-07-29,SKU0038,Books & Stationery,525.0956743002545,393,450,False,-0.3583,-1.4699,-0.3583,-0.3583,536.9833333333333,0.18,0.7349
2024-08-05,SKU0038,Books & Stationery,478.6587250996016,502,450,True,-0.3583,-1.4699,-1.4699,-1.4699,550.8666666666667,0.18,0.7349
2024-08-12,SKU0038,Books & Stationery,447.36744186046514,516,450,True,-0.3583,-1.4699,-1.4699,-1.4699,569.46,0.18,0.7349
2024-08-19,SKU0038,Books & Stationery,508.668753117207,401,450,False,-0.3583,-1.4699,-0.3583,-0.3583,546.2166666666667,0.18,0.7349
2024-08-26,SKU0038,Books & Stationery,512.0719104477612,335,450,False,-0.3583,-1.4699,-0.3583,-0.3583,532.35,0.18,0.7349
2024-09-02,SKU0038,Books & Stationery,536.6223076923078,364,450,False,-0.3583,-1.4699,-0.3583,-0.3583,529.9933333333333,0.18,0.7349
2024-09-09,SKU0038,Books & Stationery,522.81740625,320,450,False,-0.3583,-1.4699,-0.3583,-0.3583,547.75,0.18,0.7349
2024-09-16,SKU0038,Books & Stationery,521.310806451613,434,450,True,-0.3583,-1.4699,-1.4699,-1.4699,540.9866666666667,0.18,0.7349
2024-09-23,SKU0038,Books & Stationery,512.1610465116279,430,450,True,-0.3583,-1.4699,-1.4699,-1.4699,552.73,0.18,0.7349
2024-09-30,SKU0038,Books & Stationery,495.0853442622951,305,450,False,-0.3583,-1.4699,-0.3583,-0.3583,536.77,0.18,0.7349
2024-10-07,SKU0038,Books & Stationery,586.3370877192983,285,450,False,-0.3583,-1.4699,-0.3583,-0.3583,545.6366666666667,0.18,0.7349
2024-10-14,SKU0038,Books & Stationery,557.9281034482758,290,450,False,-0.3583,-1.4699,-0.3583,-0.3583,531.0433333333334,0.18,0.7349
2024-10-21,SKU0038,Books & Stationery,512.5095689655172,348,450,False,-0.3583,-1.4699,-0.3583,-0.3583,522.0366666666667,0.18,0.7349
2024-10-28,SKU0038,Books & Stationery,557.4365982404693,341,450,False,-0.3583,-1.4699,-0.3583,-0.3583,539.9533333333334,0.18,0.7349
2024-11-04,SKU0038,Books & Stationery,539.4240634005763,347,450,False,-0.3583,-1.4699,-0.3583,-0.3583,562.9266666666666,0.18,0.7349
2024-11-11,SKU0038,Books & Stationery,592.4025409836065,244,450,False,-0.3583,-1.4699,-0.3583,-0.3583,539.3266666666667,0.18,0.7349
2024-11-18,SKU0038,Books & Stationery,535.121635883905,379,450,False,-0.3583,-1.4699,-0.3583,-0.3583,516.9266666666666,0.18,0.7349
2024-11-25,SKU0038,Books & Stationery,544.8851418439716,282,450,False,-0.3583,-1.4699,-0.3583,-0.3583,537.0966666666667,0.18,0.7349
2024-12-02,SKU0038,Books & Stationery,560.6486713286713,286,450,False,-0.3583,-1.4699,-0.3583,-0.3583,555.0366666666667,0.18,0.7349
2024-12-09,SKU0038,Books & Stationery,541.1710461538462,325,450,False,-0.3583,-1.4699,-0.3583,-0.3583,555.51,0.18,0.7349
2024-12-16,SKU0038,Books & Stationery,560.8144668587896,347,450,False,-0.3583,-1.4699,-0.3583,-0.3583,566.8533333333334,0.18,0.7349
2024-12-23,SKU0038,Books & Stationery,572.9469845360825,388,450,False,-0.3583,-1.4699,-0.3583,-0.3583,549.6733333333333,0.18,0.7349
2024-12-30,SKU0038,Books & Stationery,552.336,105,450,False,-0.3583,-1.4699,-0.3583,-0.3583,547.81,0.18,0.7349
2024-07-01,SKU0039,Books & Stationery,367.4806962025317,474,300,True,-3.0783,-0.0801,-0.0801,-0.0801,386.41333333333336,0.18,0.0359
2024-07-08,SKU0039,Books & Stationery,352.5572209567198,439,300,True,-3.0783,-0.0801,-0.0801,-0.0801,366.9,0.18,0.0359
2024-07-15,SKU0039,Books & Stationery,369.9766386554622,357,300,False,-3.0783,-0.0801,-3.0783,-3.0783,375.68,0.18,0.0359
2024-07-22,SKU0039,Books & Stationery,347.47669250646,387,300,False,-3.0783,-0.0801,-3.0783,-3.0783,382.24,0.18,0.0359
2024-07-29,SKU0039,Books & Stationery,334.79,406,300,False,-3.0783,-0.0801,-3.0783,-3.0783,372.11,0.18,0.0359
2024-08-05,SKU0039,Books & Stationery,373.5167718446602,412,300,True,-3.0783,-0.0801,-0.0801,-0.0801,367.9866666666667,0.18,0.0359
2024-08-12,SKU0039,Books & Stationery,331.8613646055437,469,300,True,-3.0783,-0.0801,-0.0801,-0.0801,365.75,0.18,0.0359
2024-08-19,SKU0039,Books & Stationery,348.0361616161616,297,300,False,-3.0783,-0.0801,-3.0783,-3.0783,346.45666666666665,0.18,0.0359
2024-08-26,SKU0039,Books & Stationery,347.4944761904762,315,300,False,-3.0783,-0.0801,-3.0783,-3.0783,352.1933333333333,0.18,0.0359
2024-09-02,SKU0039,Books & Stationery,379.0156953642384,302,300,False,-3.0783,-0.0801,-3.0783,-3.0783,366.31666666666666,0.18,0.0359
2024-09-09,SKU0039,Books & Stationery,387.8942415730337,356,300,False,-3.0783,-0.0801,-3.0783,-3.0783,355.56666666666666,0.18,0.0359
2024-09-16,SKU0039,Books & Stationery,343.7612596401028,389,300,True,-3.0783,-0.0801,-0.0801,-0.0801,348.2366666666667,0.18,0.0359
2024-09-23,SKU0039,Books & Stationery,321.1102102803738,428,300,True,-3.0783,-0.0801,-0.0801,-0.0801,350.56,0.18,0.0359
2024-09-30,SKU0039,Books & Stationery,390.74137123745817,299,300,False,-3.0783,-0.0801,-3.0783,-3.0783,358.67333333333335,0.18,0.0359
2024-10-07,SKU0039,Books & Stationery,334.3294472361809,398,300,False,-3.0783,-0.0801,-3.0783,-3.0783,351.99,0.18,0.0359
2024-10-14,SKU0039,Books & Stationery,375.6213358778626,262,300,False,-3.0783,-0.0801,-3.0783,-3.0783,360.77333333333337,0.18,0.0359
2024-10-21,SKU0039,Books & Stationery,339.43801186943614,337,300,False,-3.0783,-0.0801,-3.0783,-3.0783,345.4066666666667,0.18,0.0359
2024-10-28,SKU0039,Books & Stationery,352.5305099150142,353,300,False,-3.0783,-0.0801,-3.0783,-3.0783,357.2333333333333,0.18,0.0359
2024-11-04,SKU0039,Books & Stationery,371.9977027027027,296,300,False,-3.0783,-0.0801,-3.0783,-3.0783,365.48,0.18,0.0359
2024-11-11,SKU0039,Books & Stationery,367.5500996677741,301,300,False,-3.0783,-0.0801,-3.0783,-3.0783,357.07666666666665,0.18,0.0359
2024-11-18,SKU0039,Books & Stationery,359.3893902439024,328,300,False,-3.0783,-0.0801,-3.0783,-3.0783,367.11,0.18,0.0359
2024-11-25,SKU0039,Books & Stationery,373.73878881987577,322,300,False,-3.0783,-0.0801,-3.0783,-3.0783,329.00666666666666,0.18,0.0359
2024-12-02,SKU0039,Books & Stationery,351.6001986754967,302,300,False,-3.0783,-0.0801,-3.0783,-3.0783,356.67333333333335,0.18,0.0359
2024-12-09,SKU0039,Books & Stationery,344.5265428571429,350,300,False,-3.0783,-0.0801,-3.0783,-3.0783,362.40333333333336,0.18,0.0359
2024-12-16,SKU0039,Books & Stationery,348.9970382165605,314,300,False,-3.0783,-0.0801,-3.0783,-3.0783,369.43,0.18,0.0359
2024-12-23,SKU0039,Books & Stationery,331.02275609756094,410,300,False,-3.0783,-0.0801,-3.0783,-3.0783,378.1033333333333,0.18,0.0359
2024-12-30,SKU0039,Books & Stationery,386.4136,100,300,False,-3.0783,-0.0801,-3.0783,-3.0783,353.32,0.18,0.0359
2024-07-01,SKU0040,Books & Stationery,426.7426905829596,669,500,True,-3.5786,-3.7724,-3.7724,-3.7724,690.58,0.18,0.2378
2024-07-08,SKU0040,Books & Stationery,414.553686440678,708,500,True,-3.5786,-3.7724,-3.7724,-3.7724,674.6483333333334,0.18,0.2378
2024-07-15,SKU0040,Books & Stationery,498.0148534798535,546,500,False,-3.5786,-3.7724,-3.5786,-3.5786,718.0176666666667,0.18,0.2378
2024-07-22,SKU0040,Books & Stationery,450.0,425,500,False,-3.5786,-3.7724,-3.5786,-3.5786,703.0723333333334,0.18,0.2378
2024-07-29,SKU0040,Books & Stationery,453.4014465408805,477,500,False,-3.5786,-3.7724,-3.5786,-3.5786,678.5276666666667,0.18,0.2378
2024-08-05,SKU0040,Books & Stationery,458.4603982300885,452,500,True,-3.5786,-3.7724,-3.7724,-3.7724,645.8906666666667,0.18,0.2378
2024-08-12,SKU0040,Books & Stationery,417.3617879417879,481,500,True,-3.5786,-3.7724,-3.7724,-3.7724,675.378,0.18,0.2378
2024-08-19,SKU0040,Books & Stationery,450.0,454,500,False,-3.5786,-3.7724,-3.5786,-3.5786,677.1233333333333,0.18,0.2378
2024-08-26,SKU0040,Books & Stationery,491.8897107438016,484,500,False,-3.5786,-3.7724,-3.5786,-3.5786,643.214,0.18,0.2378
2024-09-02,SKU0040,Books & Stationery,481.4218244803695,433,500,False,-3.5786,-3.7724,-3.5786,-3.5786,685.993,0.18,0.2378
2024-09-09,SKU0040,Books & Stationery,450.0,436,500,False,-3.5786,-3.7724,-3.5786,-3.5786,677.1709999999999,0.18,0.2378
2024-09-16,SKU0040,Books & Stationery,434.3276968503937,508,500,True,-3.5786,-3.7724,-3.7724,-3.7724,652.9123333333334,0.18,0.2378
2024-09-23,SKU0040,Books & Stationery,420.28233695652176,552,500,True,-3.5786,-3.7724,-3.7724,-3.7724,677.1526666666667,0.18,0.2378
2024-09-30,SKU0040,Books & Stationery,491.404854368932,412,500,False,-3.5786,-3.7724,-3.5786,-3.5786,655.8273333333333,0.18,0.2378
2024-10-07,SKU0040,Books & Stationery,450.0,432,500,False,-3.5786,-3.7724,-3.5786,-3.5786,673.8196666666668,0.18,0.2378
2024-10-14,SKU0040,Books & Stationery,450.0,434,500,False,-3.5786,-3.7724,-3.5786,-3.5786,662.7573333333333,0.18,0.2378
2024-10-21,SKU0040,Books & Stationery,450.0,320,500,False,-3.5786,-3.7724,-3.5786,-3.5786,671.4546666666666,0.18,0.2378
2024-10-28,SKU0040,Books & Stationery,450.0,453,500,False,-3.5786,-3.7724,-3.5786,-3.5786,629.1083333333335,0.18,0.2378
2024-11-04,SKU0040,Books & Stationery,458.2248214285714,448,500,False,-3.5786,-3.7724,-3.5786,-3.5786,678.8503333333334,0.18,0.2378
2024-11-11,SKU0040,Books & Stationery,450.0,453,500,False,-3.5786,-3.7724,-3.5786,-3.5786,668.811,0.18,0.2378
2024-11-18,SKU0040,Books & Stationery,478.0463756613756,378,500,False,-3.5786,-3.7724,-3.5786,-3.5786,656.3113333333333,0.18,0.2378
2024-11-25,SKU0040,Books & Stationery,450.75625,496,500,False,-3.5786,-3.7724,-3.5786,-3.5786,658.0200000000001,0.18,0.2378
2024-12-02,SKU0040,Books & Stationery,470.32274944567627,451,500,False,-3.5786,-3.7724,-3.5786,-3.5786,679.2756666666668,0.18,0.2378
2024-12-09,SKU0040,Books & Stationery,450.0,486,500,False,-3.5786,-3.7724,-3.5786,-3.5786,671.8836666666667,0.18,0.2378
2024-12-16,SKU0040,Books & Stationery,450.0,490,500,False,-3.5786,-3.7724,-3.5786,-3.5786,670.5673333333333,0.18,0.2378
2024-12-23,SKU0040,Books & Stationery,450.0,523,500,False,-3.5786,-3.7724,-3.5786,-3.5786,681.0980000000001,0.18,0.2378
2024-12-30,SKU0040,Books & Stationery,494.775,120,500,False,-3.5786,-3.7724,-3.5786,-3.5786,652.8353333333334,0.18,0.2378
2024-07-01,SKU0041,Books & Stationery,277.41585585585585,444,250,True,1.0867,-0.9683,-0.9683,-0.9683,319.26666666666665,0.18,0.4447
2024-07-08,SKU0041,Books & Stationery,282.6407984031936,501,250,True,1.0867,-0.9683,-0.9683,-0.9683,305.2033333333333,0.18,0.4447
2024-07-15,SKU0041,Books & Stationery,320.07037735849053,424,250,False,1.0867,-0.9683,1.0867,1.0867,296.6366666666667,0.18,0.4447
2024-07-22,SKU0041,Books & Stationery,306.2037275064268,389,250,False,1.0867,-0.9683,1.0867,1.0867,309.6666666666667,0.18,0.4447
2024-07-29,SKU0041,Books & Stationery,319.7317150395778,379,250,False,1.0867,-0.9683,1.0867,1.0867,293.6466666666667,0.18,0.4447
2024-08-05,SKU0041,Books & Stationery,255.82113425925928,432,250,True,1.0867,-0.9683,-0.9683,-0.9683,293.92333333333335,0.18,0.4447
2024-08-12,SKU0041,Books & Stationery,280.85224669603525,454,250,True,1.0867,-0.9683,-0.9683,-0.9683,305.63000000000005,0.18,0.4447
2024-08-19,SKU0041,Books & Stationery,277.4937755102041,392,250,False,1.0867,-0.9683,1.0867,1.0867,304.31,0.18,0.4447
2024-08-26,SKU0041,Books & Stationery,305.1664873417721,316,250,False,1.0867,-0.9683,1.0867,1.0867,286.06333333333333,0.18,0.4447
2024-09-02,SKU0041,Books & Stationery,273.6058894230769,416,250,False,1.0867,-0.9683,1.0867,1.0867,283.07,0.18,0.4447
2024-09-09,SKU0041,Books & Stationery,272.8059400544959,367,250,False,1.0867,-0.9683,1.0867,1.0867,289.13,0.18,0.4447
2024-09-16,SKU0041,Books & Stationery,276.5724716553288,441,250,True,1.0867,-0.9683,-0.9683,-0.9683,288.38666666666666,0.18,0.4447
2024-09-23,SKU0041,Books & Stationery,287.5108333333333,336,250,True,1.0867,-0.9683,-0.9683,-0.9683,294.46,0.18,0.4447
2024-09-30,SKU0041,Books & Stationery,275.79023333333333,300,250,False,1.0867,-0.9683,1.0867,1.0867,299.05,0.18,0.4447
2024-10-07,SKU0041,Books & Stationery,297.9924776119404,335,250,False,1.0867,-0.9683,1.0867,1.0867,292.6133333333333,0.18,0.4447
2024-10-14,SKU0041,Books & Stationery,297.38464088397785,362,250,False,1.0867,-0.9683,1.0867,1.0867,289.92,0.18,0.4447
2024-10-21,SKU0041,Books & Stationery,322.0510606060606,330,250,False,1.0867,-0.9683,1.0867,1.0867,291.0233333333333,0.18,0.4447
2024-10-28,SKU0041,Books & Stationery,289.40734870317004,347,250,False,1.0867,-0.9683,1.0867,1.0867,293.6033333333333,0.18,0.4447
2024-11-04,SKU0041,Books & Stationery,314.84867346938773,294,250,False,1.0867,-0.9683,1.0867,1.0867,294.7366666666667,0.18,0.4447
2024-11-11,SKU0041,Books & Stationery,305.7382911392405,316,250,False,1.0867,-0.9683,1.0867,1.0867,286.35,0.18,0.4447
2024-11-18,SKU0041,Books & Stationery,290.9661370716511,321,250,False,1.0867,-0.9683,1.0867,1.0867,291.4166666666667,0.18,0.4447
2024-11-25,SKU0041,Books & Stationery,294.97459701492534,335,250,False,1.0867,-0.9683,1.0867,1.0867,304.86333333333334,0.18,0.4447
2024-12-02,SKU0041,Books & Stationery,265.82310256410256,390,250,False,1.0867,-0.9683,1.0867,1.0867,279.46666666666664,0.18,0.4447
2024-12-09,SKU0041,Books & Stationery,319.97404530744336,309,250,False,1.0867,-0.9683,1.0867,1.0867,271.6166666666667,0.18,0.4447
2024-12-16,SKU0041,Books & Stationery,314.1482065217391,368,250,False,1.0867,-0.9683,1.0867,1.0867,293.3966666666667,0.18,0.4447
2024-12-23,SKU0041,Books & Stationery,308.6957046979866,298,250,False,1.0867,-0.9683,1.0867,1.0867,280.4166666666667,0.18,0.4447
2024-12-30,SKU0041,Books & Stationery,279.6861728395061,81,250,False,1.0867,-0.9683,1.0867,1.0867,295.68,0.18,0.4447
2024-07-01,SKU0042,Books & Stationery,903.2484659090908,528,800,True,-0.4585,-1.7398,-1.7398,-1.7398,979.98,0.18,0.4364
2024-07-08,SKU0042,Books & Stationery,985.8056234718828,409,800,True,-0.4585,-1.7398,-1.7398,-1.7398,953.42,0.18,0.4364
2024-07-15,SKU0042,Books & Stationery,916.746961722488,418,800,False,-0.4585,-1.7398,-0.4585,-0.4585,943.9333333333334,0.18,0.4364
2024-07-22,SKU0042,Books & Stationery,904.0693121693122,378,800,False,-0.4585,-1.7398,-0.4585,-0.4585,941.7566666666668,0.18,0.4364
2024-07-29,SKU0042,Books & Stationery,951.730783783784,370,800,False,-0.4585,-1.7398,-0.4585,-0.4585,961.9466666666668,0.18,0.4364
2024-08-05,SKU0042,Books & Stationery,820.3490520446097,538,800,True,-0.4585,-1.7398,-1.7398,-1.7398,931.0666666666666,0.18,0.4364
2024-08-12,SKU0042,Books & Stationery,935.2544208037824,423,800,True,-0.4585,-1.7398,-1.7398,-1.7398,925.6533333333332,0.18,0.4364
2024-08-19,SKU0042,Books & Stationery,1032.4290202702705,296,800,False,-0.4585,-1.7398,-0.4585,-0.4585,920.1766666666666,0.18,0.4364
2024-08-26,SKU0042,Books & Stationery,1052.027928802589,309,800,False,-0.4585,-1.7398,-0.4585,-0.4585,938.3833333333332,0.18,0.4364
2024-09-02,SKU0042,Books & Stationery,910.9630630630631,333,800,False,-0.4585,-1.7398,-0.4585,-0.4585,911.4166666666666,0.18,0.4364
2024-09-09,SKU0042,Books & Stationery,904.0361478599224,257,800,False,-0.4585,-1.7398,-0.4585,-0.4585,906.1833333333334,0.18,0.4364
2024-09-16,SKU0042,Books & Stationery,880.2523287671233,438,800,True,-0.4585,-1.7398,-1.7398,-1.7398,898.86,0.18,0.4364
2024-09-23,SKU0042,Books & Stationery,964.1040105540897,379,800,True,-0.4585,-1.7398,-1.7398,-1.7398,898.9366666666666,0.18,0.4364
2024-09-30,SKU0042,Books & Stationery,1042.2947289156623,332,800,False,-0.4585,-1.7398,-0.4585,-0.4585,953.8866666666668,0.18,0.4364
2024-10-07,SKU0042,Books & Stationery,895.4129234972678,366,800,False,-0.4585,-1.7398,-0.4585,-0.4585,916.64,0.18,0.4364
2024-10-14,SKU0042,Books & Stationery,907.3682890855456,339,800,False,-0.4585,-1.7398,-0.4585,-0.4585,905.0166666666668,0.18,0.4364
2024-10-21,SKU0042,Books & Stationery,886.8981034482758,348,800,False,-0.4585,-1.7398,-0.4585,-0.4585,895.3166666666666,0.18,0.4364
2024-10-28,SKU0042,Books & Stationery,978.1308045977012,348,800,False,-0.4585,-1.7398,-0.4585,-0.4585,899.3000000000001,0.18,0.4364
2024-11-04,SKU0042,Books & Stationery,876.113724137931,435,800,False,-0.4585,-1.7398,-0.4585,-0.4585,951.5833333333334,0.18,0.4364
2024-11-11,SKU0042,Books & Stationery,932.771588235294,340,800,False,-0.4585,-1.7398,-0.4585,-0.4585,897.6533333333333,0.18,0.4364
2024-11-18,SKU0042,Books & Stationery,1030.8036627906977,344,800,False,-0.4585,-1.7398,-0.4585,-0.4585,895.6033333333334,0.18,0.4364
2024-11-25,SKU0042,Books & Stationery,923.8162341772152,316,800,False,-0.4585,-1.7398,-0.4585,-0.4585,873.0266666666666,0.18,0.4364
2024-12-02,SKU0042,Books & Stationery,908.9655526992289,389,800,False,-0.4585,-1.7398,-0.4585,-0.4585,913.2966666666669,0.18,0.4364
2024-12-09,SKU0042,Books & Stationery,1002.024588235294,340,800,False,-0.4585,-1.7398,-0.4585,-0.4585,940.1133333333332,0.18,0.4364
2024-12-16,SKU0042,Books & Stationery,995.6903767123288,292,800,False,-0.4585,-1.7398,-0.4585,-0.4585,896.0266666666666,0.18,0.4364
2024-12-23,SKU0042,Books & Stationery,1033.714938271605,324,800,False,-0.4585,-1.7398,-0.4585,-0.4585,948.58,0.18,0.4364
2024-12-30,SKU0042,Books & Stationery,919.24198019802,101,800,False,-0.4585,-1.7398,-0.4585,-0.4585,919.5666666666666,0.18,0.4364
2024-07-01,SKU0043,Books & Stationery,627.64,528,650,True,-2.1452,-0.6769,-0.6769,-0.6769,881.8846666666668,0.18,0.0486
2024-07-08,SKU0043,Books & Stationery,662.7391428571428,455,650,True,-2.1452,-0.6769,-0.6769,-0.6769,890.879,0.18,0.0486
2024-07-15,SKU0043,Books & Stationery,705.8603235294117,340,650,False,-2.1452,-0.6769,-2.1452,-2.1452,838.0020000000001,0.18,0.0486
2024-07-22,SKU0043,Books & Stationery,627.9276431718063,454,650,False,-2.1452,-0.6769,-2.1452,-2.1452,888.6496666666668,0.18,0.0486
2024-07-29,SKU0043,Books & Stationery,600.1154098360656,427,650,False,-2.1452,-0.6769,-2.1452,-2.1452,859.0523333333334,0.18,0.0486
2024-08-05,SKU0043,Books & Stationery,552.9698189134809,497,650,True,-2.1452,-0.6769,-0.6769,-0.6769,916.9526666666668,0.18,0.0486
2024-08-12,SKU0043,Books & Stationery,570.0302288732394,568,650,True,-2.1452,-0.6769,-0.6769,-0.6769,853.5706666666669,0.18,0.0486
2024-08-19,SKU0043,Books & Stationery,698.1744059405939,404,650,False,-2.1452,-0.6769,-2.1452,-2.1452,855.8916666666668,0.18,0.0486
2024-08-26,SKU0043,Books & Stationery,700.6313838120104,383,650,False,-2.1452,-0.6769,-2.1452,-2.1452,880.0,0.18,0.0486
2024-09-02,SKU0043,Books & Stationery,711.1855287009064,331,650,False,-2.1452,-0.6769,-2.1452,-2.1452,896.6246666666666,0.18,0.0486
2024-09-09,SKU0043,Books & Stationery,601.8069500924214,541,650,False,-2.1452,-0.6769,-2.1452,-2.1452,885.2873333333333,0.18,0.0486
2024-09-16,SKU0043,Books & Stationery,610.2589559164733,431,650,True,-2.1452,-0.6769,-0.6769,-0.6769,843.7403333333335,0.18,0.0486
2024-09-23,SKU0043,Books & Stationery,618.3011467889908,436,650,True,-2.1452,-0.6769,-0.6769,-0.6769,840.6016666666668,0.18,0.0486
2024-09-30,SKU0043,Books & Stationery,657.0360433604336,369,650,False,-2.1452,-0.6769,-2.1452,-2.1452,824.1053333333334,0.18,0.0486
2024-10-07,SKU0043,Books & Stationery,711.4016713091922,359,650,False,-2.1452,-0.6769,-2.1452,-2.1452,858.748,0.18,0.0486
2024-10-14,SKU0043,Books & Stationery,588.1345054945054,364,650,False,-2.1452,-0.6769,-2.1452,-2.1452,896.8666666666667,0.18,0.0486
2024-10-21,SKU0043,Books & Stationery,702.8522508038585,311,650,False,-2.1452,-0.6769,-2.1452,-2.1452,822.7816666666668,0.18,0.0486
2024-10-28,SKU0043,Books & Stationery,586.5176315789474,380,650,False,-2.1452,-0.6769,-2.1452,-2.1452,857.2520000000001,0.18,0.0486
2024-11-04,SKU0043,Books & Stationery,607.6470157068063,382,650,False,-2.1452,-0.6769,-2.1452,-2.1452,857.9376666666667,0.18,0.0486
2024-11-11,SKU0043,Books & Stationery,714.6686585365854,328,650,False,-2.1452,-0.6769,-2.1452,-2.1452,835.9670000000001,0.18,0.0486
2024-11-18,SKU0043,Books & Stationery,686.0193665158371,442,650,False,-2.1452,-0.6769,-2.1452,-2.1452,852.544,0.18,0.0486
2024-11-25,SKU0043,Books & Stationery,589.9194323144104,458,650,False,-2.1452,-0.6769,-2.1452,-2.1452,873.8693333333334,0.18,0.0486
2024-12-02,SKU0043,Books & Stationery,612.9882945736434,387,650,False,-2.1452,-0.6769,-2.1452,-2.1452,877.8036666666667,0.18,0.0486
2024-12-09,SKU0043,Books & Stationery,621.5814285714285,420,650,False,-2.1452,-0.6769,-2.1452,-2.1452,861.355,0.18,0.0486
2024-12-16,SKU0043,Books & Stationery,629.8013827160494,405,650,False,-2.1452,-0.6769,-2.1452,-2.1452,837.0706666666669,0.18,0.0486
2024-12-23,SKU0043,Books & Stationery,679.8704273504273,351,650,False,-2.1452,-0.6769,-2.1452,-2.1452,852.7456666666667,0.18,0.0486
2024-12-30,SKU0043,Books & Stationery,698.6940860215053,93,650,False,-2.1452,-0.6769,-2.1452,-2.1452,865.8686666666667,0.18,0.0486
2024-07-01,SKU0044,Pet Supplies,1708.827635135135,444,1600,True,-1.9091,-1.1712,-1.1712,-1.1712,1993.4066666666668,0.18,0.1127
2024-07-08,SKU0044,Pet Supplies,1910.6184764542936,361,1600,True,-1.9091,-1.1712,-1.1712,-1.1712,1984.0366666666664,0.18,0.1127
2024-07-15,SKU0044,Pet Supplies,2082.0625340599454,367,1600,False,-1.9091,-1.1712,-1.9091,-1.9091,1887.95,0.18,0.1127
2024-07-22,SKU0044,Pet Supplies,1861.779899665552,299,1600,False,-1.9091,-1.1712,-1.9091,-1.9091,1955.54,0.18,0.1127
2024-07-29,SKU0044,Pet Supplies,2073.664775510204,245,1600,False,-1.9091,-1.1712,-1.9091,-1.9091,1992.9766666666667,0.18,0.1127
2024-08-05,SKU0044,Pet Supplies,1705.518580858086,303,1600,True,-1.9091,-1.1712,-1.1712,-1.1712,1969.003333333333,0.18,0.1127
2024-08-12,SKU0044,Pet Supplies,1738.698181818182,407,1600,True,-1.9091,-1.1712,-1.1712,-1.1712,1922.223333333333,0.18,0.1127
2024-08-19,SKU0044,Pet Supplies,1860.8339492753623,276,1600,False,-1.9091,-1.1712,-1.9091,-1.9091,1866.5733333333333,0.18,0.1127
2024-08-26,SKU0044,Pet Supplies,1823.3697134670488,349,1600,False,-1.9091,-1.1712,-1.9091,-1.9091,1872.6,0.18,0.1127
2024-09-02,SKU0044,Pet Supplies,2096.578315018315,273,1600,False,-1.9091,-1.1712,-1.9091,-1.9091,1979.5566666666664,0.18,0.1127
2024-09-09,SKU0044,Pet Supplies,2091.6665461847388,249,1600,False,-1.9091,-1.1712,-1.9091,-1.9091,1849.5,0.18,0.1127
2024-09-16,SKU0044,Pet Supplies,1757.0455048076924,416,1600,True,-1.9091,-1.1712,-1.1712,-1.1712,1953.1066666666663,0.18,0.1127
2024-09-23,SKU0044,Pet Supplies,1924.0376237623764,303,1600,True,-1.9091,-1.1712,-1.1712,-1.1712,1872.4566666666667,0.18,0.1127
2024-09-30,SKU0044,Pet Supplies,1838.5059876543207,324,1600,False,-1.9091,-1.1712,-1.9091,-1.9091,1874.8466666666664,0.18,0.1127
2024-10-07,SKU0044,Pet Supplies,1926.4810384615384,260,1600,False,-1.9091,-1.1712,-1.9091,-1.9091,1900.3633333333328,0.18,0.1127
2024-10-14,SKU0044,Pet Supplies,1835.6732806324112,253,1600,False,-1.9091,-1.1712,-1.9091,-1.9091,1843.5,0.18,0.1127
2024-10-21,SKU0044,Pet Supplies,1799.4815037593985,266,1600,False,-1.9091,-1.1712,-1.9091,-1.9091,1938.2,0.18,0.1127
2024-10-28,SKU0044,Pet Supplies,1980.8454863813229,257,1600,False,-1.9091,-1.1712,-1.9091,-1.9091,1867.61,0.18,0.1127
2024-11-04,SKU0044,Pet Supplies,1883.4339662447253,237,1600,False,-1.9091,-1.1712,-1.9091,-1.9091,1821.7966666666669,0.18,0.1127
2024-11-11,SKU0044,Pet Supplies,2062.837047619048,315,1600,False,-1.9091,-1.1712,-1.9091,-1.9091,1966.5566666666664,0.18,0.1127
2024-11-18,SKU0044,Pet Supplies,1820.6875617283952,324,1600,False,-1.9091,-1.1712,-1.9091,-1.9091,1833.9266666666665,0.18,0.1127
2024-11-25,SKU0044,Pet Supplies,1932.495143884892,278,1600,False,-1.9091,-1.1712,-1.9091,-1.9091,1902.0833333333333,0.18,0.1127
2024-12-02,SKU0044,Pet Supplies,1842.588993055556,288,1600,False,-1.9091,-1.1712,-1.9091,-1.9091,1964.3666666666668,0.18,0.1127
2024-12-09,SKU0044,Pet Supplies,2005.0618146718148,259,1600,False,-1.9091,-1.1712,-1.9091,-1.9091,1906.4166666666667,0.18,0.1127
2024-12-16,SKU0044,Pet Supplies,1966.56786516854,267,1600,False,-1.9091,-1.1712,-1.9091,-1.9091,1917.6566666666668,0.18,0.1127
2024-12-23,SKU0044,Pet Supplies,1945.6596193771627,289,1600,False,-1.9091,-1.1712,-1.9091,-1.9091,2007.91,0.18,0.1127
2024-12-30,SKU0044,Pet Supplies,2089.7270103092783,97,1600,False,-1.9091,-1.1712,-1.9091,-1.9091,1969.4066666666668,0.18,0.1127
2024-07-01,SKU0045,Pet Supplies,1326.845803814714,367,1100,True,-0.8569,-1.3551,-1.3551,-1.3551,1288.3633333333337,0.18,0.044
2024-07-08,SKU0045,Pet Supplies,1365.105077399381,323,1100,True,-0.8569,-1.3551,-1.3551,-1.3551,1396.33,0.18,0.044
2024-07-15,SKU0045,Pet Supplies,1526.7689272030652,261,1100,False,-0.8569,-1.3551,-0.8569,-0.8569,1336.8166666666666,0.18,0.044
2024-07-22,SKU0045,Pet Supplies,1373.8738513513515,296,1100,False,-0.8569,-1.3551,-0.8569,-0.8569,1302.9466666666667,0.18,0.044
2024-07-29,SKU0045,Pet Supplies,1515.7178656126482,253,1100,False,-0.8569,-1.3551,-0.8569,-0.8569,1377.5233333333333,0.18,0.044
2024-08-05,SKU0045,Pet Supplies,1379.040748502994,334,1100,True,-0.8569,-1.3551,-1.3551,-1.3551,1274.7733333333333,0.18,0.044
2024-08-12,SKU0045,Pet Supplies,1162.9727064220183,436,1100,True,-0.8569,-1.3551,-1.3551,-1.3551,1344.3833333333334,0.18,0.044
2024-08-19,SKU0045,Pet Supplies,1381.9221348314609,267,1100,False,-0.8569,-1.3551,-0.8569,-0.8569,1318.6966666666667,0.18,0.044
2024-08-26,SKU0045,Pet Supplies,1398.476105610561,303,1100,False,-0.8569,-1.3551,-0.8569,-0.8569,1423.7933333333333,0.18,0.044
2024-09-02,SKU0045,Pet Supplies,1428.1784081632652,245,1100,False,-0.8569,-1.3551,-0.8569,-0.8569,1339.85,0.18,0.044
2024-09-09,SKU0045,Pet Supplies,1333.9773376623375,308,1100,False,-0.8569,-1.3551,-0.8569,-0.8569,1297.5466666666669,0.18,0.044
2024-09-16,SKU0045,Pet Supplies,1240.098148148148,378,1100,True,-0.8569,-1.3551,-1.3551,-1.3551,1319.5566666666666,0.18,0.044
2024-09-23,SKU0045,Pet Supplies,1271.704642857143,308,1100,True,-0.8569,-1.3551,-1.3551,-1.3551,1277.11,0.18,0.044
2024-09-30,SKU0045,Pet Supplies,1342.091044176707,249,1100,False,-0.8569,-1.3551,-0.8569,-0.8569,1264.6666666666667,0.18,0.044
2024-10-07,SKU0045,Pet Supplies,1289.833079847909,263,1100,False,-0.8569,-1.3551,-0.8569,-0.8569,1313.2066666666667,0.18,0.044
2024-10-14,SKU0045,Pet Supplies,1380.5404363636364,275,1100,False,-0.8569,-1.3551,-0.8569,-0.8569,1282.2733333333333,0.18,0.044
2024-10-21,SKU0045,Pet Supplies,1471.6310169491526,236,1100,False,-0.8569,-1.3551,-0.8569,-0.8569,1249.236666666667,0.18,0.044
2024-10-28,SKU0045,Pet Supplies,1426.9391881918818,271,1100,False,-0.8569,-1.3551,-0.8569,-0.8569,1273.94,0.18,0.044
2024-11-04,SKU0045,Pet Supplies,1456.4358974358977,234,1100,False,-0.8569,-1.3551,-0.8569,-0.8569,1266.9633333333334,0.18,0.044
2024-11-11,SKU0045,Pet Supplies,1282.5014942528735,261,1100,False,-0.8569,-1.3551,-0.8569,-0.8569,1321.8466666666666,0.18,0.044
2024-11-18,SKU0045,Pet Supplies,1379.1823636363636,220,1100,False,-0.8569,-1.3551,-0.8569,-0.8569,1244.9033333333334,0.18,0.044
2024-11-25,SKU0045,Pet Supplies,1474.903209876543,243,1100,False,-0.8569,-1.3551,-0.8569,-0.8569,1283.3733333333332,0.18,0.044
2024-12-02,SKU0045,Pet Supplies,1295.729543859649,285,1100,False,-0.8569,-1.3551,-0.8569,-0.8569,1257.4766666666667,0.18,0.044
2024-12-09,SKU0045,Pet Supplies,1428.8406862745098,306,1100,False,-0.8569,-1.3551,-0.8569,-0.8569,1350.0633333333333,0.18,0.044
2024-12-16,SKU0045,Pet Supplies,1255.5907894736845,266,1100,False,-0.8569,-1.3551,-0.8569,-0.8569,1322.5966666666666,0.18,0.044
2024-12-23,SKU0045,Pet Supplies,1506.3601851851852,270,1100,False,-0.8569,-1.3551,-0.8569,-0.8569,1318.6533333333334,0.18,0.044
2024-12-30,SKU0045,Pet Supplies,1401.699818181818,55,1100,False,-0.8569,-1.3551,-0.8569,-0.8569,1265.1066666666666,0.18,0.044
2024-07-01,SKU0046,Pet Supplies,485.04469168900806,373,450,True,-0.1701,-1.4172,-1.4172,-1.4172,584.1866666666666,0.18,0.9052
2024-07-08,SKU0046,Pet Supplies,536.7178186968838,353,450,True,-0.1701,-1.4172,-1.4172,-1.4172,609.4733333333334,0.18,0.9052
2024-07-15,SKU0046,Pet Supplies,593.9364564564564,333,450,False,-0.1701,-1.4172,-0.1701,-0.1701,577.9266666666666,0.18,0.9052
2024-07-22,SKU0046,Pet Supplies,536.2295268138802,317,450,False,-0.1701,-1.4172,-0.1701,-0.1701,567.09,0.18,0.9052
2024-07-29,SKU0046,Pet Supplies,507.87951890034367,291,450,False,-0.1701,-1.4172,-0.1701,-0.1701,556.05,0.18,0.9052
2024-08-05,SKU0046,Pet Supplies,565.3614715719065,299,450,True,-0.1701,-1.4172,-1.4172,-1.4172,569.0366666666667,0.18,0.9052
2024-08-12,SKU0046,Pet Supplies,458.34347031963466,438,450,True,-0.1701,-1.4172,-1.4172,-1.4172,555.7866666666666,0.18,0.9052
2024-08-19,SKU0046,Pet Supplies,555.181875,320,450,False,-0.1701,-1.4172,-0.1701,-0.1701,561.1766666666666,0.18,0.9052
2024-08-26,SKU0046,Pet Supplies,553.4374603174602,252,450,False,-0.1701,-1.4172,-0.1701,-0.1701,566.35,0.18,0.9052
2024-09-02,SKU0046,Pet Supplies,605.1317567567568,222,450,False,-0.1701,-1.4172,-0.1701,-0.1701,557.32,0.18,0.9052
2024-09-09,SKU0046,Pet Supplies,550.3635782747604,313,450,False,-0.1701,-1.4172,-0.1701,-0.1701,572.2933333333334,0.18,0.9052
2024-09-16,SKU0046,Pet Supplies,555.2619649122807,285,450,True,-0.1701,-1.4172,-1.4172,-1.4172,555.3466666666667,0.18,0.9052
2024-09-23,SKU0046,Pet Supplies,488.2226648351648,364,450,True,-0.1701,-1.4172,-1.4172,-1.4172,538.5733333333334,0.18,0.9052
2024-09-30,SKU0046,Pet Supplies,534.7971565495208,313,450,False,-0.1701,-1.4172,-0.1701,-0.1701,535.0300000000001,0.18,0.9052
2024-10-07,SKU0046,Pet Supplies,542.5206109324758,311,450,False,-0.1701,-1.4172,-0.1701,-0.1701,562.33,0.18,0.9052
2024-10-14,SKU0046,Pet Supplies,504.8405167173252,329,450,False,-0.1701,-1.4172,-0.1701,-0.1701,527.0066666666667,0.18,0.9052
2024-10-21,SKU0046,Pet Supplies,523.2678745644599,287,450,False,-0.1701,-1.4172,-0.1701,-0.1701,543.3666666666667,0.18,0.9052
2024-10-28,SKU0046,Pet Supplies,512.1103422053233,263,450,False,-0.1701,-1.4172,-0.1701,-0.1701,555.71,0.18,0.9052
2024-11-04,SKU0046,Pet Supplies,537.0027335640139,289,450,False,-0.1701,-1.4172,-0.1701,-0.1701,545.54,0.18,0.9052
2024-11-11,SKU0046,Pet Supplies,556.8664573991032,223,450,False,-0.1701,-1.4172,-0.1701,-0.1701,556.8533333333334,0.18,0.9052
2024-11-18,SKU0046,Pet Supplies,502.6850287356322,348,450,False,-0.1701,-1.4172,-0.1701,-0.1701,545.3333333333334,0.18,0.9052
2024-11-25,SKU0046,Pet Supplies,525.0726488095238,336,450,False,-0.1701,-1.4172,-0.1701,-0.1701,551.6566666666666,0.18,0.9052
2024-12-02,SKU0046,Pet Supplies,537.3524923076923,325,450,False,-0.1701,-1.4172,-0.1701,-0.1701,556.9933333333333,0.18,0.9052
2024-12-09,SKU0046,Pet Supplies,597.8791428571428,245,450,False,-0.1701,-1.4172,-0.1701,-0.1701,566.38,0.18,0.9052
2024-12-16,SKU0046,Pet Supplies,556.8314925373135,268,450,False,-0.1701,-1.4172,-0.1701,-0.1701,543.2633333333333,0.18,0.9052
2024-12-23,SKU0046,Pet Supplies,546.4240157480316,254,450,False,-0.1701,-1.4172,-0.1701,-0.1701,547.4699999999999,0.18,0.9052
2024-12-30,SKU0046,Pet Supplies,503.8707692307692,104,450,False,-0.1701,-1.4172,-0.1701,-0.1701,554.8466666666667,0.18,0.9052
2024-07-01,SKU0047,Pet Supplies,367.4794817658349,521,350,True,-1.8668,-3.0724,-3.0724,-3.0724,424.98,0.18,0.0096
2024-07-08,SKU0047,Pet Supplies,361.30309012875534,466,350,True,-1.8668,-3.0724,-3.0724,-3.0724,428.82,0.18,0.0096
2024-07-15,SKU0047,Pet Supplies,421.5100290697675,344,350,False,-1.8668,-3.0724,-1.8668,-1.8668,428.94666666666666,0.18,0.0096
2024-07-22,SKU0047,Pet Supplies,408.53439344262296,305,350,False,-1.8668,-3.0724,-1.8668,-1.8668,419.35,0.18,0.0096
2024-07-29,SKU0047,Pet Supplies,388.3010240963856,332,350,False,-1.8668,-3.0724,-1.8668,-1.8668,427.52,0.18,0.0096
2024-08-05,SKU0047,Pet Supplies,418.71871165644166,326,350,True,-1.8668,-3.0724,-3.0724,-3.0724,414.6166666666666,0.18,0.0096
2024-08-12,SKU0047,Pet Supplies,377.505497382199,382,350,True,-1.8668,-3.0724,-3.0724,-3.0724,404.8633333333333,0.18,0.0096
2024-08-19,SKU0047,Pet Supplies,444.535737704918,305,350,False,-1.8668,-3.0724,-1.8668,-1.8668,402.5866666666666,0.18,0.0096
2024-08-26,SKU0047,Pet Supplies,398.5340131578947,304,350,False,-1.8668,-3.0724,-1.8668,-1.8668,418.4866666666667,0.18,0.0096
2024-09-02,SKU0047,Pet Supplies,456.4406355932204,236,350,False,-1.8668,-3.0724,-1.8668,-1.8668,399.76,0.18,0.0096
2024-09-09,SKU0047,Pet Supplies,444.4007258064516,248,350,False,-1.8668,-3.0724,-1.8668,-1.8668,402.96,0.18,0.0096
2024-09-16,SKU0047,Pet Supplies,417.93561797752807,267,350,True,-1.8668,-3.0724,-3.0724,-3.0724,410.67,0.18,0.0096
2024-09-23,SKU0047,Pet Supplies,404.208087431694,366,350,True,-1.8668,-3.0724,-3.0724,-3.0724,417.7033333333334,0.18,0.0096
2024-09-30,SKU0047,Pet Supplies,398.193883161512,291,350,False,-1.8668,-3.0724,-1.8668,-1.8668,396.37000000000006,0.18,0.0096
2024-10-07,SKU0047,Pet Supplies,398.8881978798586,283,350,False,-1.8668,-3.0724,-1.8668,-1.8668,392.8666666666666,0.18,0.0096
2024-10-14,SKU0047,Pet Supplies,416.61835294117645,255,350,False,-1.8668,-3.0724,-1.8668,-1.8668,415.41,0.18,0.0096
2024-10-21,SKU0047,Pet Supplies,423.8065637065637,259,350,False,-1.8668,-3.0724,-1.8668,-1.8668,407.5133333333333,0.18,0.0096
2024-10-28,SKU0047,Pet Supplies,459.4775289575289,259,350,False,-1.8668,-3.0724,-1.8668,-1.8668,406.5133333333333,0.18,0.0096
2024-11-04,SKU0047,Pet Supplies,405.6,295,350,False,-1.8668,-3.0724,-1.8668,-1.8668,429.90333333333336,0.18,0.0096
2024-11-11,SKU0047,Pet Supplies,415.5046840148699,269,350,False,-1.8668,-3.0724,-1.8668,-1.8668,410.23,0.18,0.0096
2024-11-18,SKU0047,Pet Supplies,461.2530932203389,236,350,False,-1.8668,-3.0724,-1.8668,-1.8668,408.7466666666666,0.18,0.0096
2024-11-25,SKU0047,Pet Supplies,457.116338028169,213,350,False,-1.8668,-3.0724,-1.8668,-1.8668,402.6366666666666,0.18,0.0096
2024-12-02,SKU0047,Pet Supplies,434.9942181818182,275,350,False,-1.8668,-3.0724,-1.8668,-1.8668,406.5833333333333,0.18,0.0096
2024-12-09,SKU0047,Pet Supplies,419.8000657894737,304,350,False,-1.8668,-3.0724,-1.8668,-1.8668,412.48,0.18,0.0096
2024-12-16,SKU0047,Pet Supplies,445.22645283018863,265,350,False,-1.8668,-3.0724,-1.8668,-1.8668,397.2033333333333,0.18,0.0096
2024-12-23,SKU0047,Pet Supplies,460.6097244094488,254,350,False,-1.8668,-3.0724,-1.8668,-1.8668,398.3866666666667,0.18,0.0096
2024-12-30,SKU0047,Pet Supplies,454.74528571428567,70,350,False,-1.8668,-3.0724,-1.8668,-1.8668,400.01,0.18,0.0096
2024-07-01,SKU0048,Pet Supplies,1025.6879859484775,427,900,True,-1.9437,-0.1011,-0.1011,-0.1011,1077.6966666666667,0.18,0.0017
2024-07-08,SKU0048,Pet Supplies,971.5341223404254,376,900,True,-1.9437,-0.1011,-0.1011,-0.1011,1041.2033333333331,0.18,0.0017
2024-07-15,SKU0048,Pet Supplies,1098.106783625731,342,900,False,-1.9437,-0.1011,-1.9437,-1.9437,1097.1233333333332,0.18,0.0017
2024-07-22,SKU0048,Pet Supplies,1104.6064469914038,349,900,False,-1.9437,-0.1011,-1.9437,-1.9437,1051.1633333333332,0.18,0.0017
2024-07-29,SKU0048,Pet Supplies,1077.667116564417,326,900,False,-1.9437,-0.1011,-1.9437,-1.9437,1018.7,0.18,0.0017
2024-08-05,SKU0048,Pet Supplies,1106.9384615384615,325,900,True,-1.9437,-0.1011,-0.1011,-0.1011,1028.5466666666669,0.18,0.0017
2024-08-12,SKU0048,Pet Supplies,959.5762239583332,384,900,True,-1.9437,-0.1011,-0.1011,-0.1011,1066.3566666666666,0.18,0.0017
2024-08-19,SKU0048,Pet Supplies,1110.6742903225806,310,900,False,-1.9437,-0.1011,-1.9437,-1.9437,1081.0966666666666,0.18,0.0017
2024-08-26,SKU0048,Pet Supplies,1044.7386930091184,329,900,False,-1.9437,-0.1011,-1.9437,-1.9437,1054.1533333333334,0.18,0.0017
2024-09-02,SKU0048,Pet Supplies,1084.2875746268658,268,900,False,-1.9437,-0.1011,-1.9437,-1.9437,1044.2133333333334,0.18,0.0017
2024-09-09,SKU0048,Pet Supplies,952.6792574257428,404,900,False,-1.9437,-0.1011,-1.9437,-1.9437,1054.7333333333331,0.18,0.0017
2024-09-16,SKU0048,Pet Supplies,992.98476340694,317,900,True,-1.9437,-0.1011,-0.1011,-0.1011,1039.01,0.18,0.0017
2024-09-23,SKU0048,Pet Supplies,973.51211143695,341,900,True,-1.9437,-0.1011,-0.1011,-0.1011,1040.9033333333334,0.18,0.0017
2024-09-30,SKU0048,Pet Supplies,1148.2026910299005,301,900,False,-1.9437,-0.1011,-1.9437,-1.9437,1049.8,0.18,0.0017
2024-10-07,SKU0048,Pet Supplies,978.0578839590444,293,900,False,-1.9437,-0.1011,-1.9437,-1.9437,1010.82,0.18,0.0017
2024-10-14,SKU0048,Pet Supplies,950.1121824104234,307,900,False,-1.9437,-0.1011,-1.9437,-1.9437,1048.6066666666668,0.18,0.0017
2024-10-21,SKU0048,Pet Supplies,1009.9711923076924,260,900,False,-1.9437,-0.1011,-1.9437,-1.9437,1030.7,0.18,0.0017
2024-10-28,SKU0048,Pet Supplies,1161.7254285714284,245,900,False,-1.9437,-0.1011,-1.9437,-1.9437,1074.4533333333334,0.18,0.0017
2024-11-04,SKU0048,Pet Supplies,958.2577507598784,329,900,False,-1.9437,-0.1011,-1.9437,-1.9437,1055.87,0.18,0.0017
2024-11-11,SKU0048,Pet Supplies,1044.0963425925927,216,900,False,-1.9437,-0.1011,-1.9437,-1.9437,1075.3166666666668,0.18,0.0017
2024-11-18,SKU0048,Pet Supplies,957.8680759493672,395,900,False,-1.9437,-0.1011,-1.9437,-1.9437,1042.7733333333333,0.18,0.0017
2024-11-25,SKU0048,Pet Supplies,1120.2081132075473,212,900,False,-1.9437,-0.1011,-1.9437,-1.9437,1025.5366666666666,0.18,0.0017
2024-12-02,SKU0048,Pet Supplies,1078.5251760563378,284,900,False,-1.9437,-0.1011,-1.9437,-1.9437,982.4066666666666,0.18,0.0017
2024-12-09,SKU0048,Pet Supplies,996.4777469135802,324,900,False,-1.9437,-0.1011,-1.9437,-1.9437,1040.5833333333333,0.18,0.0017
2024-12-16,SKU0048,Pet Supplies,1096.5809652509654,259,900,False,-1.9437,-0.1011,-1.9437,-1.9437,998.5833333333334,0.18,0.0017
2024-12-23,SKU0048,Pet Supplies,1094.917027027027,333,900,False,-1.9437,-0.1011,-1.9437,-1.9437,1073.7866666666666,0.18,0.0017
2024-12-30,SKU0048,Pet Supplies,1063.514153846154,65,900,False,-1.9437,-0.1011,-1.9437,-1.9437,1108.1,0.18,0.0017
2024-07-01,SKU0049,Pet Supplies,2260.0543920595533,403,1800,True,-2.1919,-0.5177,-0.5177,-0.5177,2231.31,0.18,0.1568
2024-07-08,SKU0049,Pet Supplies,2204.6889701897016,369,1800,True,-2.1919,-0.5177,-0.5177,-0.5177,2354.2000000000003,0.18,0.1568
2024-07-15,SKU0049,Pet Supplies,2413.188722627737,274,1800,False,-2.1919,-0.5177,-2.1919,-2.1919,2149.5066666666667,0.18,0.1568
2024-07-22,SKU0049,Pet Supplies,2017.739520766773,313,1800,False,-2.1919,-0.5177,-2.1919,-2.1919,2195.7966666666666,0.18,0.1568
2024-07-29,SKU0049,Pet Supplies,2249.251548821549,297,1800,False,-2.1919,-0.5177,-2.1919,-2.1919,2232.8566666666666,0.18,0.1568
2024-08-05,SKU0049,Pet Supplies,1939.3710695187167,374,1800,True,-2.1919,-0.5177,-0.5177,-0.5177,2231.8,0.18,0.1568
2024-08-12,SKU0049,Pet Supplies,2241.6661329305134,331,1800,True,-2.1919,-0.5177,-0.5177,-0.5177,2269.7066666666665,0.18,0.1568
2024-08-19,SKU0049,Pet Supplies,2386.045257142857,350,1800,False,-2.1919,-0.5177,-2.1919,-2.1919,2217.1633333333334,0.18,0.1568
2024-08-26,SKU0049,Pet Supplies,2159.409925925926,270,1800,False,-2.1919,-0.5177,-2.1919,-2.1919,2180.8,0.18,0.1568
2024-09-02,SKU0049,Pet Supplies,2226.5445985401457,274,1800,False,-2.1919,-0.5177,-2.1919,-2.1919,2231.9,0.18,0.1568
2024-09-09,SKU0049,Pet Supplies,2347.374746376812,276,1800,False,-2.1919,-0.5177,-2.1919,-2.1919,2158.98,0.18,0.1568
2024-09-16,SKU0049,Pet Supplies,2199.5527181208054,298,1800,True,-2.1919,-0.5177,-0.5177,-0.5177,2098.66,0.18,0.1568
2024-09-23,SKU0049,Pet Supplies,2218.3473566878984,314,1800,True,-2.1919,-0.5177,-0.5177,-0.5177,2116.8266666666664,0.18,0.1568
2024-09-30,SKU0049,Pet Supplies,2301.657558685446,213,1800,False,-2.1919,-0.5177,-2.1919,-2.1919,2179.07,0.18,0.1568
2024-10-07,SKU0049,Pet Supplies,2370.775333333333,225,1800,False,-2.1919,-0.5177,-2.1919,-2.1919,2104.153333333333,0.18,0.1568
2024-10-14,SKU0049,Pet Supplies,2338.818885017421,287,1800,False,-2.1919,-0.5177,-2.1919,-2.1919,2138.6,0.18,0.1568
2024-10-21,SKU0049,Pet Supplies,2106.6651502145924,233,1800,False,-2.1919,-0.5177,-2.1919,-2.1919,2188.76,0.18,0.1568
2024-10-28,SKU0049,Pet Supplies,2318.070962199313,291,1800,False,-2.1919,-0.5177,-2.1919,-2.1919,2212.4066666666663,0.18,0.1568
2024-11-04,SKU0049,Pet Supplies,2365.988259259259,270,1800,False,-2.1919,-0.5177,-2.1919,-2.1919,2229.94,0.18,0.1568
2024-11-11,SKU0049,Pet Supplies,2123.4375187969927,266,1800,False,-2.1919,-0.5177,-2.1919,-2.1919,2210.693333333333,0.18,0.1568
2024-11-18,SKU0049,Pet Supplies,2228.0578402366864,338,1800,False,-2.1919,-0.5177,-2.1919,-2.1919,2268.9666666666667,0.18,0.1568
2024-11-25,SKU0049,Pet Supplies,2428.1291139240507,237,1800,False,-2.1919,-0.5177,-2.1919,-2.1919,2217.18,0.18,0.1568
2024-12-02,SKU0049,Pet Supplies,2145.323813229572,257,1800,False,-2.1919,-0.5177,-2.1919,-2.1919,2277.8566666666666,0.18,0.1568
2024-12-09,SKU0049,Pet Supplies,2114.307122093024,344,1800,False,-2.1919,-0.5177,-2.1919,-2.1919,2272.11,0.18,0.1568
2024-12-16,SKU0049,Pet Supplies,2042.7739240506328,395,1800,False,-2.1919,-0.5177,-2.1919,-2.1919,2212.2133333333336,0.18,0.1568
2024-12-23,SKU0049,Pet Supplies,2297.9270312500003,320,1800,False,-2.1919,-0.5177,-2.1919,-2.1919,2280.833333333333,0.18,0.1568
2024-12-30,SKU0049,Pet Supplies,2340.185625,48,1800,False,-2.1919,-0.5177,-2.1919,-2.1919,2311.543333333333,0.18,0.1568
