week_start_date,sku_id,category,current_price,recommended_price,predicted_gross_margin,price_change_pct,current_quantity,predicted_quantity,volume_change_pct,historical_revenue,cost_price,predicted_revenue,revenue_change_pct,historical_profit,predicted_profit,profit_change_pct,elasticity,elasticity_p_value,elasticity_significant
2024-07-01,SKU0001,Electronics,11365.814729729733,10220.201876866526,21.723659704726213,-10.07946091067814,148,168.8369308299278,14.079007317518787,1682140.5800000005,8000,1725547.517352412,2.5804583676598103,498140.5800000004,374852.0707129895,-24.749742188642976,-1.2398,0.4324,False
2024-07-08,SKU0001,Electronics,10764.77175,9799.539175034823,18.363508149641415,-8.966586541560229,160,179.76403035212064,12.35251897007541,1722363.48,8000,1761604.6576977551,2.27833312500072,442363.48,323492.41488079,-26.871808025203613,-1.2398,0.4324,False
2024-07-15,SKU0001,Electronics,12962.745842696631,,,,89,,,1153684.3800000001,8000,,,441684.3800000002,,,-0.6959,0.4324,False
2024-07-22,SKU0001,Electronics,12968.80761904762,,,,84,,,1089379.84,8000,,,417379.8400000001,,,-0.6959,0.4324,False
2024-07-29,SKU0001,Electronics,13073.121692307692,,,,65,,,849752.9099999999,8000,,,329752.91,,,-0.6959,0.4324,False
2024-08-05,SKU0001,Electronics,11324.75448275862,10015.402719586009,20.123032253557913,-11.561855624914742,116,135.08719577537792,16.4544791167051,1313671.52,8000,1352952.6679499676,2.990180372485174,385671.52,272255.1017469443,-29.40751711535654,-1.2398,0.4324,False
2024-08-12,SKU0001,Electronics,11012.749444444444,,,,126,,,1387606.43,8000,,,379606.42999999993,,,-1.2398,0.4324,False
2024-08-19,SKU0001,Electronics,12958.994933333332,,,,75,,,971924.6199999999,8000,,,371924.6199999999,,,-0.6959,0.4324,False
2024-08-26,SKU0001,Electronics,12547.79042857143,,,,70,,,878345.3300000001,8000,,,318345.33000000013,,,-0.6959,0.4324,False
2024-09-02,SKU0001,Electronics,11294.97757009346,,,,107,,,1208562.6000000003,8000,,,352562.60000000027,,,-0.6959,0.4324,False
2024-09-09,SKU0001,Electronics,12304.032068965518,,,,87,,,1070450.79,8000,,,374450.7900000001,,,-0.6959,0.4324,False
2024-09-16,SKU0001,Electronics,11837.069745762712,10217.38356649153,21.702068362820015,-13.683168335229057,118,141.61550905044504,20.013143263089027,1396774.23,8000,1446939.9749323498,3.591542846000939,452774.23000000004,314015.9025287893,-30.646251106475454,-1.2398,0.4324,False
2024-09-23,SKU0001,Electronics,10325.4685840708,,,,113,,,1166777.9500000004,8000,,,262777.9500000005,,,-1.2398,0.4324,False
2024-09-30,SKU0001,Electronics,11826.990476190476,,,,84,,,993467.2,8000,,,321467.2,,,-0.6959,0.4324,False
2024-10-07,SKU0001,Electronics,12693.994102564104,,,,78,,,990131.54,8000,,,366131.5400000001,,,-0.6959,0.4324,False
2024-10-14,SKU0001,Electronics,12409.781222222224,,,,90,,,1116880.31,8000,,,396880.3100000001,,,-0.6959,0.4324,False
2024-10-21,SKU0001,Electronics,11862.897014925373,,,,67,,,794814.1,8000,,,258814.09999999998,,,-0.6959,0.4324,False
2024-10-28,SKU0001,Electronics,12639.402298850577,,,,87,,,1099628.0000000002,8000,,,403628.0000000002,,,-0.6959,0.4324,False
2024-11-04,SKU0001,Electronics,11484.985757575758,9980.596466332698,19.84446994740039,-13.098747556136326,99,109.16086700658703,10.263502026855576,1137013.59,8000,1089490.563507756,-4.179635750197508,345013.59,216203.62745505982,-37.3347503630046,-0.6959,0.4324,False
2024-11-11,SKU0001,Electronics,12297.007857142858,,,,70,,,860790.55,8000,,,300790.5500000001,,,-0.6959,0.4324,False
2024-11-18,SKU0001,Electronics,11518.121627906976,,,,86,,,990558.46,8000,,,302558.4599999999,,,-0.6959,0.4324,False
2024-11-25,SKU0001,Electronics,12688.610975609758,,,,82,,,1040466.1000000001,8000,,,384466.1000000001,,,-0.6959,0.4324,False
2024-12-02,SKU0001,Electronics,12953.39792682927,,,,82,,,1062178.6300000001,8000,,,406178.6300000001,,,-0.6959,0.4324,False
2024-12-09,SKU0001,Electronics,11568.77448275862,,,,87,,,1006483.3799999999,8000,,,310483.3799999999,,,-0.6959,0.4324,False
2024-12-16,SKU0001,Electronics,11564.656636363636,,,,110,,,1272112.23,8000,,,392112.2299999999,,,-0.6959,0.4324,False
2024-12-23,SKU0001,Electronics,12246.598068181816,9854.283231814763,18.817027968388103,-19.534525613138108,88,102.36911958417518,16.328544982017256,1077700.63,8000,1008774.2985739778,-6.395684432885796,373700.62999999983,189821.3419005763,-49.204971396334976,-0.6959,0.4324,False
2024-12-30,SKU0001,Electronics,11824.967142857144,,,,28,,,331099.08,8000,,,107099.08000000002,,,-0.6959,0.4324,False
2024-07-01,SKU0002,Electronics,17489.128724137932,,,,290,,,5071847.33,18000,,,-148152.66999999963,,,-2.7505,0.4094,False
2024-07-08,SKU0002,Electronics,20573.90927272728,,,,165,,,3394695.030000001,18000,,,424695.0300000012,,,-2.7505,0.4094,False
2024-07-15,SKU0002,Electronics,22632.095,23570.32326196831,23.632782631183755,4.145565233657389,134,129.98669732225667,-2.995001998315916,3032700.73,18000,3063828.4756412203,1.0264034737519356,620700.7300000002,724067.9238406003,16.653306310852912,-0.7486,0.4094,False
2024-07-22,SKU0002,Electronics,21607.813741935483,22504.574216893663,20.016260576537295,4.150167553590989,155,150.3527730274912,-2.9982109500056753,3349211.13,18000,3383625.1393129434,1.0275258255499464,559211.1299999998,677275.2248181019,21.11261534048905,-0.7486,0.4094,False
2024-07-29,SKU0002,Electronics,20338.68707070707,,,,198,,,4027060.04,18000,,,463060.0399999999,,,-0.7486,0.4094,False
2024-08-05,SKU0002,Electronics,18583.051111111112,,,,162,,,3010454.2800000003,18000,,,94454.28000000012,,,-2.7505,0.4094,False
2024-08-12,SKU0002,Electronics,17090.358301886794,,,,265,,,4528944.95,18000,,,-241055.0499999996,,,-2.7505,0.4094,False
2024-08-19,SKU0002,Electronics,21827.869545454545,22660.637419418297,20.567106446107804,3.815158745701641,176,171.1353997356057,-2.7639774229513137,3841705.04,18000,3878037.243035774,0.9457311963693593,673705.0399999999,797600.0477948721,18.39009662075144,-0.7486,0.4094,False
2024-08-26,SKU0002,Electronics,21253.342880434782,,,,184,,,3910615.09,18000,,,598615.09,,,-0.7486,0.4094,False
2024-09-02,SKU0002,Electronics,20879.31704819277,,,,166,,,3465966.63,18000,,,477966.62999999983,,,-0.7486,0.4094,False
2024-09-09,SKU0002,Electronics,19738.9848255814,,,,172,,,3395105.3900000006,18000,,,299105.3900000007,,,-0.7486,0.4094,False
2024-09-16,SKU0002,Electronics,19834.09093406593,,,,182,,,3609804.5499999993,18000,,,333804.5499999994,,,-2.7505,0.4094,False
2024-09-23,SKU0002,Electronics,20824.511944444446,,,,144,,,2998729.72,18000,,,406729.72000000026,,,-2.7505,0.4094,False
2024-09-30,SKU0002,Electronics,20404.06090909091,,,,143,,,2917780.71,18000,,,343780.71,,,-0.7486,0.4094,False
2024-10-07,SKU0002,Electronics,19022.431505376346,,,,186,,,3538172.2600000002,18000,,,190172.2600000003,,,-0.7486,0.4094,False
2024-10-14,SKU0002,Electronics,18808.38512820513,,,,195,,,3667635.1,18000,,,157635.10000000018,,,-0.7486,0.4094,False
2024-10-21,SKU0002,Electronics,20765.11576642336,,,,137,,,2844820.8600000003,18000,,,378820.8600000005,,,-0.7486,0.4094,False
2024-10-28,SKU0002,Electronics,20329.988773584908,,,,106,,,2154978.81,18000,,,246978.81000000023,,,-0.7486,0.4094,False
2024-11-04,SKU0002,Electronics,18942.458496732022,,,,153,,,2898196.1499999994,18000,,,144196.14999999944,,,-0.7486,0.4094,False
2024-11-11,SKU0002,Electronics,20616.85511450382,,,,131,,,2700808.02,18000,,,342808.0200000002,,,-0.7486,0.4094,False
2024-11-18,SKU0002,Electronics,20434.725839416056,,,,137,,,2799557.4399999995,18000,,,333557.4399999997,,,-0.7486,0.4094,False
2024-11-25,SKU0002,Electronics,19166.984551724137,,,,145,,,2779212.76,18000,,,169212.75999999992,,,-0.7486,0.4094,False
2024-12-02,SKU0002,Electronics,19491.642617449663,,,,149,,,2904254.7499999995,18000,,,222254.74999999977,,,-0.7486,0.4094,False
2024-12-09,SKU0002,Electronics,22274.446888888888,23040.761964347854,21.877583615280095,3.4403326793323252,135,131.62455105209463,-2.500332554003981,3007050.33,18000,3032729.9494554643,0.8539803673809576,577050.3299999998,663488.0305177609,14.979230757525276,-0.7486,0.4094,False
2024-12-16,SKU0002,Electronics,20733.3518125,,,,160,,,3317336.29,18000,,,437336.29000000015,,,-0.7486,0.4094,False
2024-12-23,SKU0002,Electronics,18828.93966442953,,,,149,,,2805512.01,18000,,,123512.01000000001,,,-0.7486,0.4094,False
2024-12-30,SKU0002,Electronics,19276.56339622641,,,,53,,,1021657.8599999998,18000,,,67657.85999999978,,,-0.7486,0.4094,False
2024-07-01,SKU0003,Electronics,33655.95154411765,,,,136,,,4577209.41,30000,,,497209.41000000015,,,1.7516,0.0164,True
2024-07-08,SKU0003,Electronics,35592.216636363635,,,,110,,,3915143.83,30000,,,615143.8299999998,,,1.7516,0.0164,True
2024-07-15,SKU0003,Electronics,33999.69010869566,,,,92,,,3127971.49,30000,,,367971.49000000046,,,-1.176,0.0164,True
2024-07-22,SKU0003,Electronics,39854.97824324325,38727.931009674496,22.536527984141987,-2.827870653171971,74,76.5389777456399,3.4310510076214884,2949268.39,30000,2964196.2496841536,0.5061546699096198,729268.3900000004,668026.9173149565,-8.397659013445491,-1.176,0.0164,True
2024-07-29,SKU0003,Electronics,35388.70777777778,,,,81,,,2866485.33,30000,,,436485.3300000003,,,-1.176,0.0164,True
2024-08-05,SKU0003,Electronics,35810.27141791045,,,,134,,,4798576.37,30000,,,778576.3700000005,,,1.7516,0.0164,True
2024-08-12,SKU0003,Electronics,34130.762500000004,,,,92,,,3140030.1500000004,30000,,,380030.1500000004,,,1.7516,0.0164,True
2024-08-19,SKU0003,Electronics,35240.46156626506,,,,83,,,2924958.31,30000,,,434958.31000000006,,,-1.176,0.0164,True
2024-08-26,SKU0003,Electronics,39595.72041666667,39532.15929249425,24.11241749272236,-0.16052523733263158,72,72.13615771918988,0.18910794331927772,2850891.87,30000,2851698.0777035034,0.028279140011844284,690891.8700000003,687613.3461278068,-0.4745350198133824,-1.176,0.0164,True
2024-09-02,SKU0003,Electronics,33175.62925,,,,80,,,2654050.34,30000,,,254050.33999999985,,,-1.176,0.0164,True
2024-09-09,SKU0003,Electronics,39214.8955,40240.193938193304,25.447675411111764,2.614563739417086,60,58.206228882398264,-2.9896185293362243,2352893.73,30000,2342229.9386385744,-0.4532202719340628,552893.73,596043.0721666267,7.804274099224595,-1.176,0.0164,True
2024-09-16,SKU0003,Electronics,32389.18186915888,,,,107,,,3465642.4600000004,30000,,,255642.4600000003,,,1.7516,0.0164,True
2024-09-23,SKU0003,Electronics,34117.82791666666,,,,72,,,2456483.6099999994,30000,,,296483.60999999964,,,1.7516,0.0164,True
2024-09-30,SKU0003,Electronics,38628.74107142857,39639.26152609269,24.31745989956854,2.6159808128242146,56,54.324931376184395,-2.991193971099293,2163209.5,30000,2153400.162207612,-0.45346221863338254,483209.50000000006,523652.22092207987,8.369603851348085,-1.176,0.0164,True
2024-10-07,SKU0003,Electronics,37755.49847457627,38066.99552284299,21.191573992232197,0.8250375729417891,59,58.43264992404664,-0.9616102982260233,2227574.41,30000,2224355.4230465353,-0.14450637154989066,457574.41,471375.92532513605,3.0162340864158255,-1.176,0.0164,True
2024-10-14,SKU0003,Electronics,33729.24307692308,,,,52,,,1753920.6400000001,30000,,,193920.64000000004,,,-1.176,0.0164,True
2024-10-21,SKU0003,Electronics,,,,,0,,,,30000,,,,,,-1.176,0.0164,True
2024-10-28,SKU0003,Electronics,35525.3074137931,,,,58,,,2060467.83,30000,,,320467.83,,,-1.176,0.0164,True
2024-11-04,SKU0003,Electronics,37814.83346153847,38804.833874611235,22.69004398540141,2.618021348896593,52,50.44339951617543,-2.993462468893404,1966371.3400000003,30000,1957447.7382958324,-0.45381060650364624,406371.34000000026,444145.7528105694,9.295540578862948,-1.176,0.0164,True
2024-11-11,SKU0003,Electronics,36284.1268,37119.5733025816,19.180105451498946,2.302512355296926,50,48.67923183336494,-2.6415363332701225,1814206.3399999999,30000,1806952.3143519536,-0.3998456784163995,314206.3399999999,346575.3593510054,10.301835205172981,-1.176,0.0164,True
2024-11-18,SKU0003,Electronics,35731.903018867924,36669.38909395427,18.187892568556208,2.623666796003876,53,51.41013880983024,-2.9997380946599317,1893790.86,30000,1885178.383391864,-0.45477443101273884,303790.86,342874.2190969569,12.865218886755493,-1.176,0.0164,True
2024-11-25,SKU0003,Electronics,36448.02127272728,37403.56194783819,19.793735040964712,2.621653087724418,55,53.351375170292336,-2.9974996903775697,2004641.1700000004,30000,1995531.4661843858,-0.45443064584045345,354641.17000000045,394990.2110756157,11.377427238810212,-1.176,0.0164,True
2024-12-02,SKU0003,Electronics,36388.37235294117,37230.14222863845,19.420130560438267,2.3132935640338914,51,49.646663531565785,-2.6536009184984555,1855806.9899999998,30000,1848352.3444575518,-0.40169293372733783,325806.9899999998,358952.4385105782,10.173338672254516,-1.176,0.0164,True
2024-12-09,SKU0003,Electronics,39962.07047619048,39477.95998985067,24.00823140883507,-1.2114249351225181,42,42.60633583700318,1.4436567547694734,1678406.96,30000,1682011.2214873524,0.21474300174211258,418406.9600000001,403821.14637725696,-3.486035132575982,-1.176,0.0164,True
2024-12-16,SKU0003,Electronics,33258.333384615384,,,,65,,,2161791.67,30000,,,211791.66999999993,,,-1.176,0.0164,True
2024-12-23,SKU0003,Electronics,37520.852333333336,38503.44096538263,22.084885797681917,2.618780147423161,60,58.20341639234195,-2.9943060127634147,2251251.14,30000,2241031.807046122,-0.4539401567555945,451251.14000000013,494929.3152758634,9.67934956925831,-1.176,0.0164,True
2024-12-30,SKU0003,Electronics,35437.08,,,,21,,,744178.68,30000,,,114178.68000000004,,,-1.176,0.0164,True
2024-07-01,SKU0004,Electronics,13417.998,,,,80,,,1073439.8399999999,9000,,,353439.83999999997,,,0.0483,0.0018,True
2024-07-08,SKU0004,Electronics,14264.49883116883,,,,77,,,1098366.41,9000,,,405366.4099999999,,,0.0483,0.0018,True
2024-07-15,SKU0004,Electronics,14431.626274509805,,,,51,,,736012.9400000001,9000,,,277012.94000000006,,,-1.8797,0.0018,True
2024-07-22,SKU0004,Electronics,14862.188333333334,,,,60,,,891731.3,9000,,,351731.3,,,-1.8797,0.0018,True
2024-07-29,SKU0004,Electronics,13966.606000000002,,,,50,,,698330.3,9000,,,248330.30000000008,,,-1.8797,0.0018,True
2024-08-05,SKU0004,Electronics,14682.984473684211,,,,38,,,557953.41,9000,,,215953.41000000003,,,0.0483,0.0018,True
2024-08-12,SKU0004,Electronics,12062.936233766231,,,,77,,,928846.0899999999,9000,,,235846.08999999982,,,0.0483,0.0018,True
2024-08-19,SKU0004,Electronics,14732.921463414636,,,,41,,,604049.78,9000,,,235049.78000000006,,,-1.8797,0.0018,True
2024-08-26,SKU0004,Electronics,13688.389782608694,,,,46,,,629665.9299999999,9000,,,215665.92999999993,,,-1.8797,0.0018,True
2024-09-02,SKU0004,Electronics,14288.93487804878,,,,41,,,585846.33,9000,,,216846.33,,,-1.8797,0.0018,True
2024-09-09,SKU0004,Electronics,14879.39,,,,48,,,714210.72,9000,,,282210.72,,,-1.8797,0.0018,True
2024-09-16,SKU0004,Electronics,15152.817727272726,,,,44,,,666723.98,9000,,,270723.98,,,0.0483,0.0018,True
2024-09-23,SKU0004,Electronics,12552.135777777778,,,,45,,,564846.11,9000,,,159846.11,,,0.0483,0.0018,True
2024-09-30,SKU0004,Electronics,14937.976774193548,,,,31,,,463077.28,9000,,,184077.28,,,-1.8797,0.0018,True
2024-10-07,SKU0004,Electronics,15414.63576923077,,,,26,,,400780.53,9000,,,166780.53000000003,,,-1.8797,0.0018,True
2024-10-14,SKU0004,Electronics,15976.591612903225,,,,31,,,495274.33999999997,9000,,,216274.33999999997,,,-1.8797,0.0018,True
2024-10-21,SKU0004,Electronics,,,,,0,,,,9000,,,,,,-1.8797,0.0018,True
2024-10-28,SKU0004,Electronics,14815.497272727274,,,,33,,,488911.41000000003,9000,,,191911.41000000006,,,-1.8797,0.0018,True
2024-11-04,SKU0004,Electronics,14802.479,,,,30,,,444074.37,9000,,,174074.37,,,-1.8797,0.0018,True
2024-11-11,SKU0004,Electronics,13181.651666666665,,,,36,,,474539.45999999996,9000,,,150539.45999999993,,,-1.8797,0.0018,True
2024-11-18,SKU0004,Electronics,15180.907741935484,,,,31,,,470608.14,9000,,,191608.13999999998,,,-1.8797,0.0018,True
2024-11-25,SKU0004,Electronics,13551.309411764709,,,,34,,,460744.5200000001,9000,,,154744.5200000001,,,-1.8797,0.0018,True
2024-12-02,SKU0004,Electronics,14730.058333333332,,,,30,,,441901.75,9000,,,171901.74999999997,,,-1.8797,0.0018,True
2024-12-09,SKU0004,Electronics,15188.52722222222,,,,36,,,546786.9799999999,9000,,,222786.9799999999,,,-1.8797,0.0018,True
2024-12-16,SKU0004,Electronics,13524.729743589744,,,,39,,,527464.46,9000,,,176464.46,,,-1.8797,0.0018,True
2024-12-23,SKU0004,Electronics,15065.611428571428,,,,42,,,632755.6799999999,9000,,,254755.68,,,-1.8797,0.0018,True
2024-12-30,SKU0004,Electronics,15872.2165,,,,20,,,317444.33,9000,,,137444.33000000002,,,-1.8797,0.0018,True
2024-07-01,SKU0005,Electronics,6095.710044247788,,,,226,,,1377630.47,6000,,,21630.470000000012,,,-3.7896,0.0,True
2024-07-08,SKU0005,Electronics,6271.0388047808765,,,,251,,,1574030.74,6000,,,68030.74,,,-3.7896,0.0,True
2024-07-15,SKU0005,Electronics,6503.269602272727,,,,176,,,1144575.45,6000,,,88575.44999999992,,,-2.4587,0.0,True
2024-07-22,SKU0005,Electronics,7162.048831168831,,,,154,,,1102955.52,6000,,,178955.52000000002,,,-2.4587,0.0,True
2024-07-29,SKU0005,Electronics,6539.227021276595,,,,188,,,1229374.68,6000,,,101374.6799999999,,,-2.4587,0.0,True
2024-08-05,SKU0005,Electronics,6542.924242424242,,,,198,,,1295499.0,6000,,,107498.99999999993,,,-3.7896,0.0,True
2024-08-12,SKU0005,Electronics,5574.29825203252,,,,246,,,1371277.37,6000,,,-104722.62999999998,,,-3.7896,0.0,True
2024-08-19,SKU0005,Electronics,7365.835112781955,7457.653132406685,19.545735186751443,1.2465391665555714,133,129.01000000000002,-2.9999999999999805,979656.0700000001,6000,962111.8306117866,-1.7908570084410824,181656.07000000004,188051.8306117864,3.520807541298443,-2.4587,0.0,True
2024-08-26,SKU0005,Electronics,7403.694027777778,7495.983973605963,19.95713943457534,1.2465391665555714,144,139.68,-2.9999999999999916,1066131.94,6000,1047039.0414332809,-1.7908570084410935,202131.93999999997,208959.04143328092,3.3775470780525563,-2.4587,0.0,True
2024-09-02,SKU0005,Electronics,6538.924277108434,,,,166,,,1085461.43,6000,,,89461.43,,,-2.4587,0.0,True
2024-09-09,SKU0005,Electronics,6610.873712574849,,,,167,,,1104015.91,6000,,,102015.90999999984,,,-2.4587,0.0,True
2024-09-16,SKU0005,Electronics,6807.267218543047,,,,151,,,1027897.3500000002,6000,,,121897.35000000017,,,-3.7896,0.0,True
2024-09-23,SKU0005,Electronics,7003.002993197279,,,,147,,,1029441.44,6000,,,147441.43999999994,,,-3.7896,0.0,True
2024-09-30,SKU0005,Electronics,7430.572352941176,7523.197347619838,20.246675412572312,1.2465391665555714,119,115.43,-2.9999999999999916,884238.11,6000,868402.6698357579,-1.7908570084410935,170238.10999999996,175822.66983575793,3.280440458225242,-2.4587,0.0,True
2024-10-07,SKU0005,Electronics,7323.11343137255,7414.3989085059,19.076379973072157,1.2465391665555714,102,98.94000000000001,-2.9999999999999916,746957.5700000001,6000,733580.6280075739,-1.7908570084410824,134957.57000000007,139940.62800757377,3.6923145604753405,-2.4587,0.0,True
2024-10-14,SKU0005,Electronics,6798.538968253969,,,,126,,,856615.91,6000,,,100615.91000000009,,,-2.4587,0.0,True
2024-10-21,SKU0005,Electronics,7513.87,7593.286537753973,20.982831740012976,1.0569325494581783,119,115.9632190804322,-2.551916739132609,894150.53,6000,880541.9503180605,-1.521956228325394,180150.53,184762.63583546726,2.560140031487701,-2.4587,0.0,True
2024-10-28,SKU0005,Electronics,6661.9385135135135,,,,148,,,985966.9,6000,,,97966.9,,,-2.4587,0.0,True
2024-11-04,SKU0005,Electronics,7332.107203389831,7423.504791413928,19.17564319565554,1.2465391665555714,118,114.46000000000001,-2.9999999999999916,865188.65,6000,849694.3584252382,-1.7908570084410935,157188.65000000002,162934.35842523817,3.6552947208581266,-2.4587,0.0,True
2024-11-11,SKU0005,Electronics,6250.545824175823,,,,182,,,1137599.3399999999,6000,,,45599.339999999844,,,-2.4587,0.0,True
2024-11-18,SKU0005,Electronics,6877.754587155963,,,,109,,,749675.25,6000,,,95675.25,,,-2.4587,0.0,True
2024-11-25,SKU0005,Electronics,7390.714594594594,7482.842746704555,19.816569676779576,1.2465391665555714,111,107.67000000000002,-2.9999999999999805,820369.32,6000,805677.6785376795,-1.7908570084410824,154369.31999999995,159657.67853767946,3.425783398980786,-2.4587,0.0,True
2024-12-02,SKU0005,Electronics,6453.30804054054,,,,148,,,955089.5899999999,6000,,,67089.58999999991,,,-2.4587,0.0,True
2024-12-09,SKU0005,Electronics,6372.011168831169,,,,154,,,981289.72,6000,,,57289.72000000003,,,-2.4587,0.0,True
2024-12-16,SKU0005,Electronics,7031.024565217392,,,,184,,,1293708.52,6000,,,189708.52000000008,,,-2.4587,0.0,True
2024-12-23,SKU0005,Electronics,7228.623154362417,7318.729113922535,18.01855340449609,1.2465162125063989,149,144.53008056433654,-2.9999459299754783,1077064.85,6000,1057776.5084637795,-1.7908245298526526,183064.85000000015,190596.0250777602,4.113938354501179,-2.4587,0.0,True
2024-12-30,SKU0005,Electronics,7157.452307692308,,,,52,,,372187.52,6000,,,60187.520000000004,,,-2.4587,0.0,True
2024-07-01,SKU0006,Electronics,44212.513983739846,,,,246,,,10876278.440000001,42000,,,544278.440000002,,,0.9605,0.0,True
2024-07-08,SKU0006,Electronics,45244.50772908366,,,,251,,,11356371.44,42000,,,814371.4399999995,,,0.9605,0.0,True
2024-07-15,SKU0006,Electronics,51533.05091503268,52287.90826540469,19.67550167274809,1.4648023685160938,153,148.41000000000003,-2.9999999999999805,7884556.790000001,42000,7760048.465668711,-1.5791417025393772,1458556.7900000005,1526828.46566871,4.680769109354288,-2.0946,0.0,True
2024-07-22,SKU0006,Electronics,49516.78375,,,,152,,,7526551.130000001,42000,,,1142551.1300000004,,,-2.0946,0.0,True
2024-07-29,SKU0006,Electronics,51994.00327868853,52754.0750320879,20.385297297974965,1.4618450310998066,122,118.34722499772425,-2.994077870717826,6343268.4,42000,6243298.387369334,-1.576001618198386,1219268.4000000004,1272714.9374649154,4.383492384852672,-2.0946,0.0,True
2024-08-05,SKU0006,Electronics,44460.00686390533,,,,169,,,7513741.16,42000,,,415741.16000000044,,,0.9605,0.0,True
2024-08-12,SKU0006,Electronics,43151.41611111111,,,,216,,,9320705.879999999,42000,,,248705.8799999997,,,0.9605,0.0,True
2024-08-19,SKU0006,Electronics,50545.4302173913,51285.820876392296,18.106019788145208,1.4648023685160938,138,133.86,-2.9999999999999916,6975269.37,42000,6865119.982513874,-1.5791417025393883,1179269.3699999996,1242999.982513873,5.404245555353748,-2.0946,0.0,True
2024-08-26,SKU0006,Electronics,48130.12154929578,,,,142,,,6834477.260000001,42000,,,870477.2600000005,,,-2.0946,0.0,True
2024-09-02,SKU0006,Electronics,45300.341393939394,,,,165,,,7474556.33,42000,,,544556.3300000001,,,-2.0946,0.0,True
2024-09-09,SKU0006,Electronics,53495.33605504587,54278.93700462583,22.62191870776573,1.4648023685160938,109,105.73,-2.9999999999999916,5830991.63,42000,5738912.009499089,-1.5791417025393883,1252991.6299999997,1298252.0094990886,3.6121853023941553,-2.0946,0.0,True
2024-09-16,SKU0006,Electronics,49316.70675,,,,200,,,9863341.35,42000,,,1463341.3499999996,,,0.9605,0.0,True
2024-09-23,SKU0006,Electronics,47362.936608187134,,,,171,,,8099062.16,42000,,,917062.1599999999,,,0.9605,0.0,True
2024-09-30,SKU0006,Electronics,45790.220758620686,,,,145,,,6639582.01,42000,,,549582.0099999994,,,-2.0946,0.0,True
2024-10-07,SKU0006,Electronics,52816.81171641791,53590.47362541469,21.627861896555505,1.4648023685160938,134,129.98000000000002,-2.9999999999999916,7077452.7700000005,42000,6965689.761831403,-1.5791417025393661,1449452.7700000003,1506529.7618314018,3.9378304014280996,-2.0946,0.0,True
2024-10-14,SKU0006,Electronics,50026.123178294576,,,,129,,,6453369.890000001,42000,,,1035369.8900000004,,,-2.0946,0.0,True
2024-10-21,SKU0006,Electronics,50774.98419354839,51518.73736462916,18.476262912383348,1.4648023685160938,124,120.28000000000002,-2.9999999999999916,6296098.040000001,42000,6196673.7302175965,-1.5791417025393772,1088098.0400000007,1144913.7302175956,5.221559834589429,-2.0946,0.0,True
2024-10-28,SKU0006,Electronics,47069.16386075949,,,,158,,,7436927.889999999,42000,,,800927.889999999,,,-2.0946,0.0,True
2024-11-04,SKU0006,Electronics,48365.08834532374,,,,139,,,6722747.28,42000,,,884747.2799999999,,,-2.0946,0.0,True
2024-11-11,SKU0006,Electronics,49588.51517985611,,,,139,,,6892803.609999999,42000,,,1054803.6099999996,,,-2.0946,0.0,True
2024-11-18,SKU0006,Electronics,47248.70134831461,,,,178,,,8410268.84,42000,,,934268.8400000001,,,-2.0946,0.0,True
2024-11-25,SKU0006,Electronics,49377.9126056338,,,,142,,,7011663.59,42000,,,1047663.5899999995,,,-2.0946,0.0,True
2024-12-02,SKU0006,Electronics,48233.51622222222,,,,180,,,8682032.92,42000,,,1122032.9199999997,,,-2.0946,0.0,True
2024-12-09,SKU0006,Electronics,49867.544,,,,160,,,7978807.04,42000,,,1258807.0400000003,,,-2.0946,0.0,True
2024-12-16,SKU0006,Electronics,49010.68763975155,,,,161,,,7890720.71,42000,,,1128720.7099999997,,,-2.0946,0.0,True
2024-12-23,SKU0006,Electronics,53750.83913669065,54538.182701462174,22.989733211491888,1.4648023685160938,139,134.83,-2.9999999999999916,7471366.640000001,42000,7353383.173638145,-1.5791417025393772,1633366.6400000004,1690523.173638145,3.499308253176059,-2.0946,0.0,True
2024-12-30,SKU0006,Electronics,49483.909565217386,,,,46,,,2276259.84,42000,,,344259.83999999973,,,-2.0946,0.0,True
2024-07-01,SKU0007,Electronics,17027.792166666666,,,,120,,,2043335.06,12000,,,603335.0599999999,,,-1.1019,0.0358,True
2024-07-08,SKU0007,Electronics,17404.739024390245,,,,123,,,2140782.9,12000,,,664782.9000000001,,,-1.1019,0.0358,True
2024-07-15,SKU0007,Electronics,20414.79265060241,,,,83,,,1694427.79,12000,,,698427.7899999999,,,-2.5623,0.0358,True
2024-07-22,SKU0007,Electronics,17430.3,,,,78,,,1359563.4,12000,,,423563.39999999997,,,-2.5623,0.0358,True
2024-07-29,SKU0007,Electronics,20674.2321875,,,,64,,,1323150.86,12000,,,555150.8600000001,,,-2.5623,0.0358,True
2024-08-05,SKU0007,Electronics,19754.347619047618,,,,84,,,1659365.2,12000,,,651365.1999999998,,,-1.1019,0.0358,True
2024-08-12,SKU0007,Electronics,15952.113739130436,,,,115,,,1834493.08,12000,,,454493.0800000002,,,-1.1019,0.0358,True
2024-08-19,SKU0007,Electronics,20217.863797468355,,,,79,,,1597211.24,12000,,,649211.2400000001,,,-2.5623,0.0358,True
2024-08-26,SKU0007,Electronics,18829.28850574713,,,,87,,,1638148.1,12000,,,594148.1000000002,,,-2.5623,0.0358,True
2024-09-02,SKU0007,Electronics,20253.68297297297,,,,74,,,1498772.5399999998,12000,,,610772.5399999997,,,-2.5623,0.0358,True
2024-09-09,SKU0007,Electronics,19182.55411764706,,,,85,,,1630517.1000000003,12000,,,610517.1000000002,,,-2.5623,0.0358,True
2024-09-16,SKU0007,Electronics,16073.07017699115,,,,113,,,1816256.93,12000,,,460256.93,,,-1.1019,0.0358,True
2024-09-23,SKU0007,Electronics,16284.120390625,,,,128,,,2084367.41,12000,,,548367.4099999999,,,-1.1019,0.0358,True
2024-09-30,SKU0007,Electronics,20700.04162162162,,,,74,,,1531803.08,12000,,,643803.08,,,-2.5623,0.0358,True
2024-10-07,SKU0007,Electronics,17447.501341463412,,,,82,,,1430695.1099999999,12000,,,446695.1099999998,,,-2.5623,0.0358,True
2024-10-14,SKU0007,Electronics,17096.938674698795,,,,83,,,1419045.91,12000,,,423045.91,,,-2.5623,0.0358,True
2024-10-21,SKU0007,Electronics,18052.95506849315,,,,73,,,1317865.72,12000,,,441865.7199999999,,,-2.5623,0.0358,True
2024-10-28,SKU0007,Electronics,18804.29544117648,,,,68,,,1278692.0900000008,12000,,,462692.09000000067,,,-2.5623,0.0358,True
2024-11-04,SKU0007,Electronics,18373.10461538462,,,,104,,,1910802.8800000004,12000,,,662802.8800000004,,,-2.5623,0.0358,True
2024-11-11,SKU0007,Electronics,20417.5346031746,,,,63,,,1286304.68,12000,,,530304.6799999999,,,-2.5623,0.0358,True
2024-11-18,SKU0007,Electronics,17388.284022988504,,,,87,,,1512780.71,12000,,,468780.70999999985,,,-2.5623,0.0358,True
2024-11-25,SKU0007,Electronics,20153.67891891892,,,,74,,,1491372.24,12000,,,603372.24,,,-2.5623,0.0358,True
2024-12-02,SKU0007,Electronics,18520.22247311828,,,,93,,,1722380.69,12000,,,606380.69,,,-2.5623,0.0358,True
2024-12-09,SKU0007,Electronics,18372.47875,,,,80,,,1469798.2999999998,12000,,,509798.2999999999,,,-2.5623,0.0358,True
2024-12-16,SKU0007,Electronics,18397.40542553192,,,,94,,,1729356.1100000006,12000,,,601356.1100000006,,,-2.5623,0.0358,True
2024-12-23,SKU0007,Electronics,20292.97670731708,,,,82,,,1664024.0900000005,12000,,,680024.0900000005,,,-2.5623,0.0358,True
2024-12-30,SKU0007,Electronics,20295.697222222225,,,,18,,,365322.55000000005,12000,,,149322.55000000005,,,-2.5623,0.0358,True
2024-07-01,SKU0008,Groceries,597.4270705244122,,,,553,,,330377.17,550,,,26227.169999999955,,,-0.4593,0.4138,False
2024-07-08,SKU0008,Groceries,629.7147558770343,672.888958356987,18.262888227063296,6.856152262117776,553,536.4107914430645,-2.9998568819051608,348232.26,550,360944.89870557067,3.6506206247435724,44082.259999999995,65918.9634118852,49.53626109887561,-0.4593,0.4138,False
2024-07-15,SKU0008,Groceries,672.4651439539347,724.115102050418,24.045224517123096,7.680689261125706,521,505.3853504517331,-2.997053656097304,350354.33999999997,550,365957.164617143,4.453441226714361,63804.33999999996,87995.2218686898,37.91416362694113,-0.4112,0.4138,False
2024-07-22,SKU0008,Groceries,741.4045029239766,773.8699793792568,28.928629530096174,4.378915467500111,342,336.02572817297977,-1.7468631073158547,253560.34,550,260040.22333212363,2.5555587013819325,65460.33999999998,75226.07283698475,14.918548906077733,-0.4112,0.4138,False
2024-07-29,SKU0008,Groceries,674.7499496221662,726.5731153450041,24.302181241754393,7.680351180738421,397,385.10219416300515,-2.9969284224168335,267875.73,550,279804.9009392113,4.4532481308446,49525.729999999996,67998.69414955848,37.2997311691488,-0.4112,0.4138,False
2024-08-05,SKU0008,Groceries,587.6453747323341,,,,467,,,274430.39,550,,,17580.390000000007,,,-0.4593,0.4138,False
2024-08-12,SKU0008,Groceries,560.6041772151898,,,,553,,,310014.1099999999,550,,,5864.109999999955,,,-0.4593,0.4138,False
2024-08-19,SKU0008,Groceries,738.5768842729971,763.3010140066834,27.944547444923973,3.3475363581170203,337,332.46787544189596,-1.3448440825234553,248900.41,550,253773.0664494469,1.9576731309711048,63550.41000000001,70915.73495640414,11.589736331211897,-0.4112,0.4138,False
2024-08-26,SKU0008,Groceries,630.4831793478261,678.9505488591058,18.992627530206956,7.687337441962283,368,356.96178038132626,-2.9995162007265597,232017.81,550,242359.39671162504,4.457238309259548,29617.809999999998,46030.417501895594,55.41465591782646,-0.4112,0.4138,False
2024-09-02,SKU0008,Groceries,675.1580270270271,727.0121284743545,24.347892083426043,7.6802910387751,370,358.9114472663603,-2.9969061442269407,249808.47,550,260932.97521092766,4.453213780512599,46308.470000000016,63531.679214429496,37.19235209979832,-0.4112,0.4138,False
2024-09-09,SKU0008,Groceries,614.2448587570622,,,,354,,,217442.68,550,,,22742.680000000004,,,-0.4112,0.4138,False
2024-09-16,SKU0008,Groceries,581.8538049713193,,,,523,,,304309.54,550,,,16659.539999999983,,,-0.4593,0.4138,False
2024-09-23,SKU0008,Groceries,667.2858969072165,712.9959755984006,22.86071467115953,6.8501490744888205,485,470.46283390083676,-2.997353834879024,323633.66000000003,550,335438.1072399154,3.647472033630672,56883.66000000001,76683.54859445519,34.80769098622554,-0.4593,0.4138,False
2024-09-30,SKU0008,Groceries,701.379095477387,755.2209760561803,27.1736329581124,7.6765733290277804,398,386.07779469491953,-2.9955289711257493,279148.88,550,291574.04894311476,4.451090379841305,60248.880000000005,79231.261860909,31.506613668020034,-0.4112,0.4138,False
2024-10-07,SKU0008,Groceries,738.6765060240964,745.8997550822517,26.2635499941476,0.9778636519840234,415,413.3427192310986,-0.39934476359069215,306550.75,550,308312.23303950834,0.5746138411040658,78300.75,80973.73746240413,3.4137443924919353,-0.4112,0.4138,False
2024-10-14,SKU0008,Groceries,699.1014249363867,736.2477678235374,25.29688726583371,5.313441163495081,393,384.7221669750835,-2.106318835856613,274746.86,550,283250.83666763944,3.095204315579614,58596.85999999998,71653.64483134354,22.28239675529298,-0.4112,0.4138,False
2024-10-21,SKU0008,Groceries,719.5525476190477,731.3003300450406,24.791501192659705,1.6326510780714454,420,417.2124082649854,-0.6637123178606208,302212.07,550,305107.5718630701,0.9581026538979964,71212.07000000002,75640.74731732807,6.218998152038058,-0.4112,0.4138,False
2024-10-28,SKU0008,Groceries,631.4804488778055,680.0234198682505,19.120432630605805,7.68716926655606,401,388.9721898220127,-2.999453909722516,253223.66000000003,550,264510.19875640736,4.457142257720825,32673.66000000002,50575.494354300376,54.78980424690818,-0.4112,0.4138,False
2024-11-04,SKU0008,Groceries,663.046497461929,713.9824423602505,22.967293399843957,7.682107528400928,394,382.18953868969476,-2.997579012767826,261240.32000000004,550,272876.6202782057,4.454251272623488,44540.32000000002,62672.3739988736,40.70930338819652,-0.4112,0.4138,False
2024-11-11,SKU0008,Groceries,630.1656612529002,678.6089602025951,18.951851175705016,7.687391098616758,431,418.07199951782604,-2.999536074750342,271601.4,550,283707.40488261177,4.457268954656257,34551.4,53767.80514780744,55.616863999164835,-0.4112,0.4138,False
2024-11-18,SKU0008,Groceries,649.793164556962,699.7243945398429,21.39762393710821,7.684172857823879,395,383.15654105109684,-2.9983440376969983,256668.3,550,268103.9787009592,4.45543088139797,39418.29999999998,57367.88112285595,45.53616244956271,-0.4112,0.4138,False
2024-11-25,SKU0008,Groceries,618.6715544041451,,,,386,,,238807.22000000003,550,,,26507.22000000002,,,-0.4112,0.4138,False
2024-12-02,SKU0008,Groceries,696.2682766990292,734.2885994001366,25.097570567034232,5.460585233232185,412,403.0904743597875,-2.162506223352545,286862.53,550,295984.73984918505,3.17999351437952,60262.53000000004,74284.9789513019,23.268935026959305,-0.4112,0.4138,False
2024-12-09,SKU0008,Groceries,699.6560087719298,730.8453493195899,24.74468086688315,4.457810717927679,456,447.89512612892753,-1.7773846208492206,319043.14,550,327342.0699142378,2.601193654951439,68243.13999999998,80999.75054332768,18.692883333515574,-0.4112,0.4138,False
2024-12-16,SKU0008,Groceries,610.9104303278688,,,,488,,,298124.29,550,,,29724.289999999957,,,-0.4112,0.4138,False
2024-12-23,SKU0008,Groceries,672.5657069408741,724.2232885637295,24.05657085527406,7.6806743325967375,389,377.34148278909174,-2.997048126197499,261628.06,550,273279.48957702995,4.453432700234816,47678.06000000001,65741.6740430295,37.88663809523602,-0.4112,0.4138,False
2024-12-30,SKU0008,Groceries,680.3096551724137,732.5542936773694,24.920240759351785,7.679538002693076,116,112.52391245025218,-2.996627198058466,78915.92,550,82429.87520680865,4.452783680160666,15115.919999999993,20541.72335916994,35.89462870384303,-0.4112,0.4138,False
2024-07-01,SKU0009,Groceries,904.0922244488976,,,,499,,,451142.0199999999,850,,,26992.019999999895,,,-0.6142,0.1053,False
2024-07-08,SKU0009,Groceries,1026.7689019607844,1077.1473678806176,21.087863615871807,4.906504844822157,510,495.21447554394615,-2.8991224423635,523652.1400000001,850,533418.9688685421,1.865136819366775,90152.14000000006,112486.66465618784,24.774258998386255,-0.6142,0.1053,False
2024-07-15,SKU0009,Groceries,978.5314383561644,,,,438,,,428596.76999999996,850,,,56296.76999999999,,,-2.3852,0.1053,False
2024-07-22,SKU0009,Groceries,1051.9751260504202,1065.495079907487,20.22487799063302,1.285197104215463,476,461.7200000000001,-2.9999999999999805,500740.16,850,491960.388294885,-1.7533588089109875,96140.15999999999,99498.38829488492,3.493054614101876,-2.3852,0.1053,False
2024-07-29,SKU0009,Groceries,1049.4804825737265,1062.9683753450704,20.03525036913113,1.285197104215463,373,361.81000000000006,-2.9999999999999805,391456.22,850,384592.5878836,-1.7533588089109986,74406.21999999997,77054.08788359993,3.558664697118008,-2.3852,0.1053,False
2024-08-05,SKU0009,Groceries,1054.3956705882351,1058.246623621655,19.678458591152335,0.36522845653108593,425,424.04942730076044,-0.22366416452695992,448118.1599999999,850,448748.8746897262,0.14074740682821218,86868.15999999993,88306.86148407985,1.6561896603771942,-0.6142,0.1053,False
2024-08-12,SKU0009,Groceries,900.9998976109214,,,,586,,,527985.94,850,,,29885.93999999993,,,-0.6142,0.1053,False
2024-08-19,SKU0009,Groceries,1003.202960199005,,,,402,,,403287.59,850,,,61587.59000000002,,,-2.3852,0.1053,False
2024-08-26,SKU0009,Groceries,948.6687415730336,,,,445,,,422157.58999999997,850,,,43907.58999999994,,,-2.3852,0.1053,False
2024-09-02,SKU0009,Groceries,1106.882718446602,1093.3570552694239,22.257784325492473,-1.2219599196706232,412,424.2611047714567,2.975996303751627,456035.68,850,463868.8721782724,1.7176709020382708,105835.68000000002,103246.93312253422,-2.4460058058547007,-2.3852,0.1053,False
2024-09-09,SKU0009,Groceries,1005.9811312217194,,,,442,,,444643.66,850,,,68943.65999999996,,,-2.3852,0.1053,False
2024-09-16,SKU0009,Groceries,950.7843902439024,,,,533,,,506768.07999999996,850,,,53718.07999999998,,,-0.6142,0.1053,False
2024-09-23,SKU0009,Groceries,1089.7303921568628,1044.8433491361466,18.648092012763325,-4.11909618597247,459,471.01291762800827,2.6171933830083427,500186.25,850,492134.7143408361,-1.6097075157831542,110036.25000000001,91773.73435702905,-16.59681754237441,-0.6142,0.1053,False
2024-09-30,SKU0009,Groceries,949.4795923913044,,,,368,,,349408.49000000005,850,,,36608.490000000034,,,-2.3852,0.1053,False
2024-10-07,SKU0009,Groceries,1052.2140463917526,1058.8212008929595,19.72204567842518,0.6279287492753083,388,382.2499869740364,-1.481962120093705,408259.05,850,404734.39024916734,-0.8633390370238359,78459.05000000002,79821.90132123641,1.737022461062665,-2.3852,0.1053,False
2024-10-14,SKU0009,Groceries,1041.746194225722,1049.5457518044914,19.012582487367602,0.7487003669417014,381,374.28138978327655,-1.7634147550455226,396905.3000000001,850,392825.44262651884,-1.0279170808455529,73055.30000000012,74686.2613107338,2.232502379339585,-2.3852,0.1053,False
2024-10-21,SKU0009,Groceries,1072.6477040816328,,,,392,,,420477.9000000001,850,,,87277.90000000007,,,-2.3852,0.1053,False
2024-10-28,SKU0009,Groceries,1020.3427851458886,,,,377,,,384669.23,850,,,64219.22999999999,,,-2.3852,0.1053,False
2024-11-04,SKU0009,Groceries,974.2408146639513,,,,491,,,478352.24000000005,850,,,61002.24000000006,,,-2.3852,0.1053,False
2024-11-11,SKU0009,Groceries,1124.8147416413374,1068.8608765186866,20.476086395034248,-4.974496070437562,329,371.5792872145965,12.942032588023245,370064.05,850,397166.5626283824,7.323735615059723,90414.05,81324.16849597539,-10.053616118318576,-2.3852,0.1053,False
2024-11-18,SKU0009,Groceries,959.7908396946564,,,,393,,,377197.79999999993,850,,,43147.79999999995,,,-2.3852,0.1053,False
2024-11-25,SKU0009,Groceries,1015.3093529411764,,,,340,,,345205.18,850,,,56205.179999999964,,,-2.3852,0.1053,False
2024-12-02,SKU0009,Groceries,1053.202338902148,1066.738064863248,20.317833590295006,1.285197104215463,419,406.43000000000006,-2.9999999999999805,441291.78,850,433554.3517023699,-1.7533588089109875,85141.78000000004,88088.85170236987,3.4613696147412165,-2.3852,0.1053,False
2024-12-09,SKU0009,Groceries,1018.607,,,,420,,,427814.94,850,,,70814.93999999999,,,-2.3852,0.1053,False
2024-12-16,SKU0009,Groceries,1109.3946173469387,1066.65360394321,20.311524110759485,-3.8526429401597118,392,430.5106487010744,9.82414507680469,434882.69,850,459205.7349729303,5.593012904912431,101682.68999999999,93271.68357701703,-8.271817379126144,-2.3852,0.1053,False
2024-12-23,SKU0009,Groceries,1034.3833333333332,1047.6771979798207,18.868139762991017,1.285197104215463,408,395.7600000000001,-2.9999999999999694,422028.39999999997,850,414628.72787249397,-1.7533588089109653,75228.39999999995,78232.72787249385,3.993608627185874,-2.3852,0.1053,False
2024-12-30,SKU0009,Groceries,1140.6059016393442,1086.1242853814815,21.740079709068205,-4.77655044389641,122,137.10707196420134,12.382845872296189,139153.91999999998,850,148915.32055786555,7.014822548919608,35453.91999999999,32374.3093882944,-8.686234446587548,-2.3852,0.1053,False
2024-07-01,SKU0010,Groceries,613.8863333333334,,,,540,,,331498.62,420,,,104698.62000000002,,,0.3654,0.4763,False
2024-07-08,SKU0010,Groceries,663.0662932790224,,,,491,,,325565.55,420,,,119345.54999999999,,,0.3654,0.4763,False
2024-07-15,SKU0010,Groceries,671.475380952381,,,,420,,,282019.66000000003,420,,,105619.66000000002,,,0.613,0.4763,False
2024-07-22,SKU0010,Groceries,726.5293349168645,,,,421,,,305868.85,420,,,129048.84999999996,,,0.613,0.4763,False
2024-07-29,SKU0010,Groceries,712.4327803738317,,,,428,,,304921.23,420,,,125161.22999999998,,,0.613,0.4763,False
2024-08-05,SKU0010,Groceries,577.8016294642857,,,,448,,,258855.13,420,,,70695.13,,,0.3654,0.4763,False
2024-08-12,SKU0010,Groceries,576.7786931818182,,,,528,,,304539.15,420,,,82779.15000000001,,,0.3654,0.4763,False
2024-08-19,SKU0010,Groceries,602.6372727272728,,,,451,,,271789.41000000003,420,,,82369.41000000005,,,0.613,0.4763,False
2024-08-26,SKU0010,Groceries,704.3757333333334,,,,375,,,264140.9,420,,,106640.90000000002,,,0.613,0.4763,False
2024-09-02,SKU0010,Groceries,601.9449417249417,,,,429,,,258234.38,420,,,78054.37999999999,,,0.613,0.4763,False
2024-09-09,SKU0010,Groceries,703.0051980198019,,,,404,,,284014.1,420,,,114334.09999999998,,,0.613,0.4763,False
2024-09-16,SKU0010,Groceries,639.8742948717949,,,,468,,,299461.17,420,,,102901.17,,,0.3654,0.4763,False
2024-09-23,SKU0010,Groceries,601.0783700440529,,,,454,,,272889.58,420,,,82209.58000000003,,,0.3654,0.4763,False
2024-09-30,SKU0010,Groceries,663.9,,,,376,,,249626.4,420,,,91706.4,,,0.613,0.4763,False
2024-10-07,SKU0010,Groceries,631.3169920844327,,,,379,,,239269.14,420,,,80089.14000000001,,,0.613,0.4763,False
2024-10-14,SKU0010,Groceries,635.8582644628099,,,,363,,,230816.55,420,,,78356.54999999999,,,0.613,0.4763,False
2024-10-21,SKU0010,Groceries,633.2385204081633,,,,392,,,248229.5,420,,,83589.5,,,0.613,0.4763,False
2024-10-28,SKU0010,Groceries,607.4834550561798,,,,356,,,216264.11,420,,,66744.11,,,0.613,0.4763,False
2024-11-04,SKU0010,Groceries,686.9634501347709,,,,371,,,254863.44000000003,420,,,99043.44000000002,,,0.613,0.4763,False
2024-11-11,SKU0010,Groceries,627.2824719101123,,,,356,,,223312.56,420,,,73792.56,,,0.613,0.4763,False
2024-11-18,SKU0010,Groceries,597.9219132653061,,,,392,,,234385.38999999998,420,,,69745.38999999998,,,0.613,0.4763,False
2024-11-25,SKU0010,Groceries,658.6899519230769,,,,416,,,274015.02,420,,,99295.02,,,0.613,0.4763,False
2024-12-02,SKU0010,Groceries,668.3640121580546,,,,329,,,219891.75999999995,420,,,81711.75999999997,,,0.613,0.4763,False
2024-12-09,SKU0010,Groceries,647.5236283185841,,,,452,,,292680.68,420,,,102840.68000000001,,,0.613,0.4763,False
2024-12-16,SKU0010,Groceries,704.9001639344262,,,,366,,,257993.46,420,,,104273.46,,,0.613,0.4763,False
2024-12-23,SKU0010,Groceries,687.6192410714285,,,,448,,,308053.42,420,,,119893.41999999998,,,0.613,0.4763,False
2024-12-30,SKU0010,Groceries,619.5778181818182,,,,110,,,68153.56,420,,,21953.56,,,0.613,0.4763,False
2024-07-01,SKU0011,Groceries,629.6557370517928,657.2288483004525,20.879918563422255,4.379077268121767,502,486.95216826228534,-2.9975760433694543,316087.18,520,320039.01272442995,1.2502350536424567,55047.17999999999,66823.88522804156,21.393839299382034,-0.7101,0.0299,True
2024-07-08,SKU0011,Groceries,592.039979757085,,,,494,,,292467.75,520,,,35587.74999999999,,,-0.7101,0.0299,True
2024-07-15,SKU0011,Groceries,602.9266666666666,,,,522,,,314727.72,520,,,43287.71999999997,,,-1.1961,0.0299,True
2024-07-22,SKU0011,Groceries,660.395799086758,664.0412877282998,21.69161622782046,0.5520157224778055,438,435.12546178092185,-0.656287264629718,289253.36,520,288941.27196437446,-0.1078943510372743,61493.359999999986,62676.0318382951,1.9232512880986041,-1.1961,0.0299,True
2024-07-29,SKU0011,Groceries,671.6736021505377,676.0398289659419,23.081455009036603,0.650051870644397,372,369.128103040831,-0.7720153116045791,249862.58000000002,520,249545.29964624593,-0.12698194093493376,56422.58000000002,57598.68606501383,2.0844599183763135,-1.1961,0.0299,True
2024-08-05,SKU0011,Groceries,549.28177734375,,,,512,,,281232.27,520,,,14992.270000000019,,,-0.7101,0.0299,True
2024-08-12,SKU0011,Groceries,567.433638095238,,,,525,,,297902.66,520,,,24902.659999999978,,,-0.7101,0.0299,True
2024-08-19,SKU0011,Groceries,605.5384696016771,,,,477,,,288841.85,520,,,40801.84999999998,,,-1.1961,0.0299,True
2024-08-26,SKU0011,Groceries,679.145686746988,648.8523488932454,19.858500799608773,-4.460506551818555,415,438.2796326575046,5.609550037952915,281845.46,520,284378.7691218906,0.8988291391639036,66045.46,56473.36013998823,-14.493198866374424,-1.1961,0.0299,True
2024-09-02,SKU0011,Groceries,607.2881341107872,,,,343,,,208299.83,520,,,29939.829999999994,,,-1.1961,0.0299,True
2024-09-09,SKU0011,Groceries,670.5385828877005,643.5509840757447,19.19832105504216,-4.024764495390054,374,392.8357458445811,5.036295680369274,250781.43,520,252809.8308184093,0.8088321445528512,56301.429999999986,48535.24297922714,-13.793942748475207,-1.1961,0.0299,True
2024-09-16,SKU0011,Groceries,604.4868446601943,,,,412,,,249048.58000000005,520,,,34808.58000000004,,,-0.7101,0.0299,True
2024-09-23,SKU0011,Groceries,639.9916431924883,645.8177341761397,19.481926171730716,0.9103386029525318,426,423.26746240760156,-0.6414407493893104,272636.44,520,273353.6335225616,0.26305857080644035,51116.439999999995,53254.553070608796,4.182828598018173,-0.7101,0.0299,True
2024-09-30,SKU0011,Groceries,611.213896713615,,,,426,,,260377.12,520,,,38857.11999999998,,,-1.1961,0.0299,True
2024-10-07,SKU0011,Groceries,652.8729945054945,660.3846089184573,21.258007382754073,1.150547576049199,364,359.0532598032988,-1.3589945595332997,237645.77,520,237113.2465560987,-0.22408286244746112,48365.77,50405.551458383336,4.217407183599753,-1.1961,0.0299,True
2024-10-14,SKU0011,Groceries,619.7361290322581,635.7190661072312,18.20286228252152,2.578990690752714,403,390.9111590476489,-2.999712395124343,249753.66,520,248509.6769606667,-0.49808400779124407,40193.66,45235.87425588927,12.544799990568833,-1.1961,0.0299,True
2024-10-21,SKU0011,Groceries,649.091981707317,650.5767998224425,20.07092780715204,0.2287531131134779,328,327.1048027021914,-0.27292600542944134,212902.16999999998,520,212806.79574854314,-0.04479721904987466,42342.169999999984,42712.298343403585,0.8741364540447494,-1.1961,0.0299,True
2024-10-28,SKU0011,Groceries,605.5665847665848,,,,407,,,246465.6,520,,,34825.60000000002,,,-1.1961,0.0299,True
2024-11-04,SKU0011,Groceries,628.9028708133972,637.992303685399,18.49431458715249,1.4452840484327822,418,410.8869528166694,-1.701685929026453,262881.4,520,262142.71358178073,-0.28099607588033537,45521.40000000001,48481.49811711265,6.5026517574429565,-1.1961,0.0299,True
2024-11-11,SKU0011,Groceries,561.8966935483871,,,,372,,,209025.57,520,,,15585.570000000014,,,-1.1961,0.0299,True
2024-11-18,SKU0011,Groceries,607.8173529411765,,,,374,,,227323.69000000003,520,,,32843.69000000002,,,-1.1961,0.0299,True
2024-11-25,SKU0011,Groceries,681.7166261398175,662.125140223555,21.464996809450394,-2.873845988940915,329,340.67720754359425,3.5493032047398954,224284.76999999996,520,225570.9438157715,0.5734557080142144,53204.769999999975,48418.79589310249,-8.995385389124856,-1.1961,0.0299,True
2024-12-02,SKU0011,Groceries,672.4438749999999,635.928652042025,18.229820541937762,-5.430226122287896,400,427.6245249767593,6.906131244189817,268977.55,520,271938.68774858175,1.1008865790404387,60977.549999999974,49573.93476066694,-18.701333916060968,-1.1961,0.0299,True
2024-12-09,SKU0011,Groceries,579.3114081145584,,,,419,,,242731.47999999995,520,,,24851.479999999967,,,-1.1961,0.0299,True
2024-12-16,SKU0011,Groceries,652.444793187348,642.5500028237935,19.072446079717846,-1.5165712818729138,411,418.5816117717649,1.8446743970230939,268154.81,520,268959.6158259356,0.30012731300088635,54434.81000000001,51297.17770461784,-5.764018089494883,-1.1961,0.0299,True
2024-12-23,SKU0011,Groceries,565.537393939394,,,,495,,,279941.01,520,,,22541.010000000006,,,-1.1961,0.0299,True
2024-12-30,SKU0011,Groceries,634.1355172413793,650.4750642435446,20.05842674311853,2.5766648544219173,87,84.39253892908229,-2.997081690710013,55169.78999999999,520,54895.24218157064,-0.49764158687092275,9929.789999999995,11011.121938447848,10.889776505322391,-1.1961,0.0299,True
2024-07-01,SKU0012,Groceries,398.05596868884544,,,,511,,,203406.6,360,,,19446.60000000002,,,-1.6217,0.0428,True
2024-07-08,SKU0012,Groceries,381.3418801996672,,,,601,,,229186.46999999997,360,,,12826.46999999997,,,-1.6217,0.0428,True
2024-07-15,SKU0012,Groceries,480.081075,460.05088237483744,21.747786214073294,-4.172252077456406,400,426.52753918128246,6.6318847953206195,192032.43,360,196224.37075751706,2.1829337667169435,48032.43,42674.45665225536,-11.154907939791181,-1.5067,0.0428,True
2024-07-22,SKU0012,Groceries,454.5520437956205,463.8347078895789,22.386144487121463,2.0421564968547745,411,398.67,-2.9999999999999916,186820.89,360,184916.98299433844,-1.0191081980508554,38860.890000000014,41395.78299433843,6.522992639485126,-1.5067,0.0428,True
2024-07-29,SKU0012,Groceries,414.6221836228288,,,,403,,,167092.74000000002,360,,,22012.740000000005,,,-1.5067,0.0428,True
2024-08-05,SKU0012,Groceries,388.7786301369863,,,,438,,,170285.04,360,,,12605.039999999997,,,-1.6217,0.0428,True
2024-08-12,SKU0012,Groceries,406.9563064833006,,,,509,,,207140.76,360,,,23900.759999999995,,,-1.6217,0.0428,True
2024-08-19,SKU0012,Groceries,439.4178133333333,448.38203635774545,19.71132409221432,2.0400226737308236,375,363.76146093268915,-2.996943751282899,164781.68,360,163104.10460146764,-1.018059409597205,29781.679999999986,32149.97866569953,7.952199693568485,-1.5067,0.0428,True
2024-08-26,SKU0012,Groceries,416.7897368421053,,,,380,,,158380.1,360,,,21580.100000000013,,,-1.5067,0.0428,True
2024-09-02,SKU0012,Groceries,484.2520215633424,459.43802559166033,21.64340347397343,-5.124190476598001,371,401.6000202419033,8.247983892696297,179657.50000000003,360,184510.32037751086,2.7011510109574255,46097.50000000003,39934.31309042568,-13.369894049730124,-1.5067,0.0428,True
2024-09-09,SKU0012,Groceries,471.35939024390245,465.40221101102935,22.64755270114767,-1.2638295441171898,410,417.9327911852546,1.934827118354776,193257.35,360,194506.8450716283,0.6465446574882128,45657.350000000006,44051.040244936674,-3.5181843779004462,-1.5067,0.0428,True
2024-09-16,SKU0012,Groceries,447.6279136690648,456.09772683716096,21.06954741992617,1.8921548253485243,417,404.51460443082067,-2.9940996568775358,186660.84000000003,360,184498.19155333066,-1.158597832662367,36540.840000000026,38872.933958235226,6.382157493465379,-1.6217,0.0428,True
2024-09-23,SKU0012,Groceries,439.182937062937,447.50974299822224,19.554824083141778,1.8959766494962782,429,416.13000000000005,-2.9999999999999916,188409.47999999998,360,186222.22935385024,-1.1609026499886044,33969.47999999998,36415.429353850224,7.2004321345226385,-1.6217,0.0428,True
2024-09-30,SKU0012,Groceries,427.439298642534,,,,442,,,188928.17000000004,360,,,29808.17000000004,,,-1.5067,0.0428,True
2024-10-07,SKU0012,Groceries,476.4547028423773,466.9240054499886,22.89965908840835,-2.000336513740253,387,398.9632414208067,3.0912768529216317,184387.97,360,186285.51471151388,1.0291043995515947,45067.97000000001,42658.747800023455,-5.345752648669455,-1.5067,0.0428,True
2024-10-14,SKU0012,Groceries,468.9181470588236,451.3908038133362,20.246492183994313,-3.7378257496374245,340,360.0860227491282,5.90765374974358,159432.17,360,162539.51925067624,1.9490101970488283,37032.17000000002,32908.551060990096,-11.135234416481454,-1.5067,0.0428,True
2024-10-21,SKU0012,Groceries,412.0132236842105,,,,456,,,187878.03,360,,,23718.029999999995,,,-1.5067,0.0428,True
2024-10-28,SKU0012,Groceries,465.7163235294117,457.65114797553053,21.33746378819347,-1.7317785841732047,340,349.0680546913778,2.6670749092287727,158343.54999999996,360,159751.39595109434,0.8891084929536941,35943.549999999974,34086.89626219832,-5.16547123976806,-1.5067,0.0428,True
2024-11-04,SKU0012,Groceries,492.0666763005781,470.98042144884363,23.563701673084932,-4.285243416657202,346,369.6027478442146,6.821603423183409,170255.07,360,174075.65794831887,2.244037694923784,45695.070000000014,41018.66872440162,-10.233929558699417,-1.5067,0.0428,True
2024-11-11,SKU0012,Groceries,479.2570899470899,460.3041187608455,21.790836682249907,-3.954656401293266,378,401.69343751223346,6.26810516196652,181159.18,360,184901.14376608338,2.065566738645752,45079.17999999999,40291.50626167933,-10.62058746037675,-1.5067,0.0428,True
2024-11-18,SKU0012,Groceries,449.619429280397,445.47813667412163,19.187953265740408,-0.9210662032340111,403,408.65798063117444,1.4039654171648763,181196.63,360,182048.19574858487,0.4699677629682597,36116.63,34931.32272136208,-3.2818878135582374,-1.5067,0.0428,True
2024-11-25,SKU0012,Groceries,461.022875,446.85413002781064,19.4367969749782,-3.0733279714568074,400,419.2623545081208,4.815588627030198,184409.15,360,187349.11467713784,1.5942618233085737,40409.15,36414.66705421436,-9.885095196968107,-1.5067,0.0428,True
2024-12-02,SKU0012,Groceries,433.79599009900994,442.6511490670355,18.671847851572778,2.04131876968352,404,391.8848473829393,-2.9988001527377905,175253.58000000002,360,173468.27799601792,-1.0186964534374177,29813.580000000016,32389.732938159763,8.64087083188181,-1.5067,0.0428,True
2024-12-09,SKU0012,Groceries,482.91,460.32966104194384,21.795176268861393,-4.675889701612346,381,409.5059123882655,7.481866768573608,183988.71000000002,360,188507.7178443622,2.456133229241164,46828.71000000001,41085.58938458662,-12.264101691918016,-1.5067,0.0428,True
2024-12-16,SKU0012,Groceries,451.692206235012,460.89455397870876,21.891027591393417,2.037304964900999,417,404.51897742067706,-2.9930509782548964,188355.65,360,186440.59367422631,-1.0167235895359061,38235.65000000001,40813.761802782574,6.742691186844119,-1.5067,0.0428,True
2024-12-23,SKU0012,Groceries,459.044925,460.79842766276704,21.87473342173291,0.38198933639601584,400,397.70879969503613,-0.5728000762409646,183617.97,360,183263.58956711902,-0.19299877505506435,39617.969999999994,40088.42167690601,1.1874704254307256,-1.5067,0.0428,True
2024-12-30,SKU0012,Groceries,485.86706896551726,484.48172328620234,25.693791386360743,-0.2851285398420833,116,116.50012652880879,0.4311435593179258,56360.58,360,56442.1820637379,0.14478570614053776,14600.580000000002,14502.136513366737,-0.6742436713696676,-1.5067,0.0428,True
2024-07-01,SKU0013,Groceries,356.0337330754352,,,,517,,,184069.44,280,,,39309.43999999999,,,0.3268,0.025,True
2024-07-08,SKU0013,Groceries,399.7072781065089,,,,507,,,202651.59000000003,280,,,60691.59000000002,,,0.3268,0.025,True
2024-07-15,SKU0013,Groceries,417.9704842615012,,,,413,,,172621.81,280,,,56981.81,,,-1.9587,0.025,True
2024-07-22,SKU0013,Groceries,390.1468564356436,345.9613426490964,19.066102051754395,-11.325354301255475,404,511.2420399070579,26.545059382935122,157619.33000000002,280,176869.98254490868,12.213383057083593,44499.330000000016,33722.21137093248,-24.218608749991375,-1.9587,0.025,True
2024-07-29,SKU0013,Groceries,431.7048641304348,,,,368,,,158867.39,280,,,55827.390000000014,,,-1.9587,0.025,True
2024-08-05,SKU0013,Groceries,356.55744000000004,,,,375,,,133709.04,280,,,28709.040000000015,,,0.3268,0.025,True
2024-08-12,SKU0013,Groceries,365.0321651376147,,,,545,,,198942.53,280,,,46342.53000000001,,,0.3268,0.025,True
2024-08-19,SKU0013,Groceries,371.3194134078212,,,,358,,,132932.34999999998,280,,,32692.34999999998,,,-1.9587,0.025,True
2024-08-26,SKU0013,Groceries,448.5067575757576,,,,330,,,148007.23,280,,,55607.23000000001,,,-1.9587,0.025,True
2024-09-02,SKU0013,Groceries,413.6094985250737,,,,339,,,140213.62,280,,,45293.61999999999,,,-1.9587,0.025,True
2024-09-09,SKU0013,Groceries,451.8671043771044,,,,297,,,134204.53,280,,,51044.530000000006,,,-1.9587,0.025,True
2024-09-16,SKU0013,Groceries,420.75124705882354,,,,425,,,178819.28,280,,,59819.280000000006,,,0.3268,0.025,True
2024-09-23,SKU0013,Groceries,353.2856476683937,,,,386,,,136368.25999999998,280,,,28288.259999999977,,,0.3268,0.025,True
2024-09-30,SKU0013,Groceries,425.7144179104478,,,,335,,,142614.33000000002,280,,,48814.33000000002,,,-1.9587,0.025,True
2024-10-07,SKU0013,Groceries,436.9296987951808,,,,332,,,145060.66000000003,280,,,52100.660000000025,,,-1.9587,0.025,True
2024-10-14,SKU0013,Groceries,422.0385444743935,,,,371,,,156576.3,280,,,52696.299999999996,,,-1.9587,0.025,True
2024-10-21,SKU0013,Groceries,422.2243537414966,,,,294,,,124133.96,280,,,41813.96,,,-1.9587,0.025,True
2024-10-28,SKU0013,Groceries,427.71039164490855,,,,383,,,163813.08,280,,,56573.07999999998,,,-1.9587,0.025,True
2024-11-04,SKU0013,Groceries,372.05565326633166,,,,398,,,148078.15,280,,,36638.15,,,-1.9587,0.025,True
2024-11-11,SKU0013,Groceries,411.86107246376815,,,,345,,,142092.07,280,,,45492.070000000014,,,-1.9587,0.025,True
2024-11-18,SKU0013,Groceries,446.13421875000006,,,,320,,,142762.95,280,,,53162.95000000002,,,-1.9587,0.025,True
2024-11-25,SKU0013,Groceries,429.95584905660377,,,,318,,,136725.96,280,,,47685.96,,,-1.9587,0.025,True
2024-12-02,SKU0013,Groceries,450.9329722222222,,,,360,,,162335.87,280,,,61535.86999999999,,,-1.9587,0.025,True
2024-12-09,SKU0013,Groceries,391.0876283618582,,,,409,,,159954.84,280,,,45434.840000000004,,,-1.9587,0.025,True
2024-12-16,SKU0013,Groceries,448.7682336182336,,,,351,,,157517.65,280,,,59237.64999999999,,,-1.9587,0.025,True
2024-12-23,SKU0013,Groceries,381.9715183246073,,,,382,,,145913.12,280,,,38953.11999999999,,,-1.9587,0.025,True
2024-12-30,SKU0013,Groceries,447.888064516129,,,,93,,,41653.59,280,,,15613.589999999998,,,-1.9587,0.025,True
2024-07-01,SKU0014,Apparel,546.6552688172043,,,,279,,,152516.81999999998,500,,,13016.819999999992,,,-1.4484,0.152,False
2024-07-08,SKU0014,Apparel,592.103598615917,,,,289,,,171117.94,500,,,26617.940000000017,,,-1.4484,0.152,False
2024-07-15,SKU0014,Apparel,560.5282464454976,,,,211,,,118271.46,500,,,12771.460000000003,,,-0.8937,0.152,False
2024-07-22,SKU0014,Apparel,559.6224124513618,,,,257,,,143822.96,500,,,15322.959999999985,,,-0.8937,0.152,False
2024-07-29,SKU0014,Apparel,616.8419330855019,638.1990898857489,21.654541987906853,3.4623386729589756,269,260.9404136578323,-2.996128751735194,165930.48,500,166531.93451083943,0.3624737967607983,31430.480000000003,36061.727681923265,14.734893268964576,-0.8937,0.152,False
2024-08-05,SKU0014,Apparel,528.6118309859155,,,,284,,,150125.76,500,,,8125.760000000003,,,-1.4484,0.152,False
2024-08-12,SKU0014,Apparel,495.8768954248367,,,,306,,,151738.33000000002,500,,,-1261.6699999999773,,,-1.4484,0.152,False
2024-08-19,SKU0014,Apparel,665.526914893617,685.6802984618529,27.079719058339403,3.028184603391648,188,183.05391837954244,-2.630894478966783,125119.06,500,125516.46538909631,0.3176217828812833,31119.059999999998,33989.5061993251,9.224077460325297,-0.8937,0.152,False
2024-08-26,SKU0014,Apparel,555.4611065573771,,,,244,,,135532.51,500,,,13532.510000000011,,,-0.8937,0.152,False
2024-09-02,SKU0014,Apparel,555.5355072463768,,,,207,,,114995.85,500,,,11495.850000000002,,,-0.8937,0.152,False
2024-09-09,SKU0014,Apparel,591.1568487394958,611.6520141937543,18.254172569173637,3.466958980169088,238,230.86,-2.9999999999999916,140695.33,500,141205.98399677014,0.3629502107640237,21695.329999999998,25775.983996770126,18.80890494299985,-0.8937,0.152,False
2024-09-16,SKU0014,Apparel,618.6322685185186,631.7575409108972,20.855713209362424,2.121659839020462,216,209.53058979604867,-2.9950973166441353,133624.57,500,132372.53015516163,-0.936983254530499,25624.57000000001,27607.235257137305,7.737360108432223,-1.4484,0.152,False
2024-09-23,SKU0014,Apparel,540.2530152671756,,,,262,,,141546.29,500,,,10546.289999999995,,,-1.4484,0.152,False
2024-09-30,SKU0014,Apparel,588.625752688172,,,,186,,,109484.39,500,,,16484.39,,,-0.8937,0.152,False
2024-10-07,SKU0014,Apparel,659.6547239263804,620.6094701066686,19.434036365242473,-5.919044070101942,163,172.13497305858485,5.60427795005205,107523.72,500,106828.59441671401,-0.6464858017244834,26023.72,20761.107887421593,-20.222366796823856,-0.8937,0.152,False
2024-10-14,SKU0014,Apparel,566.726018957346,,,,211,,,119579.19,500,,,14079.19000000001,,,-0.8937,0.152,False
2024-10-21,SKU0014,Apparel,614.4367661691542,635.7390368113163,21.351376736615727,3.466958980169088,201,194.97000000000003,-2.9999999999999916,123501.79,500,123950.04000710235,0.3629502107640237,23001.79,26465.04000710234,15.056436942961128,-0.8937,0.152,False
2024-10-28,SKU0014,Apparel,636.3632638888889,658.4257172127818,24.061289386359704,3.466958980169088,144,139.68,-2.9999999999999916,91636.31,500,91968.90418028137,0.3629502107640237,19636.310000000005,22128.904180281366,12.693801331723531,-0.8937,0.152,False
2024-11-04,SKU0014,Apparel,640.3337062937063,662.5338132271055,24.532153677625452,3.466958980169088,143,138.71,-2.9999999999999916,91567.72,500,91900.06523273181,0.3629502107640237,20067.72,22545.065232731806,12.344926243398868,-0.8937,0.152,False
2024-11-11,SKU0014,Apparel,595.9025789473684,616.5622769212433,18.905191135482397,3.466958980169088,190,184.3,-2.9999999999999916,113221.48999999999,500,113632.42763658515,0.3629502107640237,18221.489999999994,21482.427636585147,17.896108587086744,-0.8937,0.152,False
2024-11-18,SKU0014,Apparel,655.3739195979899,638.8978096134106,21.740223166120412,-2.51400147181412,199,203.58013244034726,2.301574090626768,130419.40999999999,500,130066.90069694589,-0.2702889877006065,30919.409999999996,28276.834476772263,-8.546655719587582,-0.8937,0.152,False
2024-11-25,SKU0014,Apparel,588.6470338983052,,,,236,,,138920.7,500,,,20920.700000000015,,,-0.8937,0.152,False
2024-12-02,SKU0014,Apparel,624.1784259259259,645.8184359158429,22.578859290236274,3.466958980169088,216,209.52,-2.9999999999999916,134822.54,500,135311.8786930874,0.3629502107640237,26822.54,30551.8786930874,13.90374920901376,-0.8937,0.152,False
2024-12-09,SKU0014,Apparel,604.8936,625.865012985668,20.11056863288031,3.466958980169088,200,194.00000000000003,-2.9999999999999805,120978.72,500,121417.81251921962,0.3629502107640237,20978.719999999998,24417.812519219606,16.393242863337743,-0.8937,0.152,False
2024-12-16,SKU0014,Apparel,654.2057142857143,669.5621914865036,25.324337849790535,2.3473468460232016,168,164.55225349778888,-2.0522300608399546,109906.56,500,110177.9674660222,0.2469438275769953,25906.56,27901.840717127758,7.70183581736732,-0.8937,0.152,False
2024-12-23,SKU0014,Apparel,662.3462962962963,683.8726177530584,26.886968856450622,3.2500100894551576,216,209.91340158724373,-2.8178696355353083,143066.8,500,143554.0274449174,0.3405594064572526,35066.79999999999,38597.326651295516,10.068003499878886,-0.8937,0.152,False
2024-12-30,SKU0014,Apparel,613.3589855072463,622.6754011071406,19.701340520119963,1.5189172768357961,69,68.07663132440007,-1.3382154718839634,42321.77,500,42389.64371594375,0.16037541894811103,7821.769999999995,8351.328053743711,6.770309709230982,-0.8937,0.152,False
2024-07-01,SKU0015,Apparel,1949.1378758169933,1998.033723776663,19.921271550126978,2.508588467051087,306,296.82855869944007,-2.997203039398666,596436.19,1600,593073.4704615021,-0.5638020621280271,106836.18999999994,118147.77654239793,10.587785414659567,-1.2282,0.0248,True
2024-07-08,SKU0015,Apparel,1791.5662536873156,,,,339,,,607340.96,1600,,,64940.95999999998,,,-1.2282,0.0248,True
2024-07-15,SKU0015,Apparel,1851.642190082645,,,,242,,,448097.4100000001,1600,,,60897.41000000007,,,-3.0115,0.0248,True
2024-07-22,SKU0015,Apparel,2070.231445086705,2091.136434118575,23.486580124820573,1.009789947954065,173,167.843883426384,-2.980414204402315,358150.04,1600,350984.4598768624,-2.0007201794916885,81350.04000000001,82434.24639464801,1.3327668857298747,-3.0115,0.0248,True
2024-07-29,SKU0015,Apparel,2107.2696650717703,2042.886656879914,21.679453208448262,-3.0552809286353733,209,229.4715181587008,9.794984764928616,440419.36,1600,468784.30258038675,6.44043953480764,106019.36,101629.87352646547,-4.1402687900912944,-3.0115,0.0248,True
2024-08-05,SKU0015,Apparel,1695.235250965251,,,,259,,,439065.93,1600,,,24665.930000000008,,,-1.2282,0.0248,True
2024-08-12,SKU0015,Apparel,1858.70025,,,,240,,,446088.06,1600,,,62088.06000000003,,,-1.2282,0.0248,True
2024-08-19,SKU0015,Apparel,1922.006666666667,,,,264,,,507409.76000000007,1600,,,85009.76000000005,,,-3.0115,0.0248,True
2024-08-26,SKU0015,Apparel,1890.442753036437,,,,247,,,466939.3599999999,1600,,,71739.35999999991,,,-3.0115,0.0248,True
2024-09-02,SKU0015,Apparel,1966.627411167513,1986.5839629469665,19.45973440626666,1.0147601760318148,197,191.1002649791125,-2.994789350704319,387425.60000000003,1600,379636.7217224207,-2.0104191043594732,72225.60000000005,73876.2977558407,2.285474618197214,-3.0115,0.0248,True
2024-09-09,SKU0015,Apparel,1978.7430454545447,1998.810509120918,19.952392050225704,1.0141520756053124,220,213.41533240703845,-2.993030724073431,435323.46999999986,1600,426576.8092227224,-2.0092325316798165,83323.46999999983,85112.27737146094,2.146822943716953,-3.0115,0.0248,True
2024-09-16,SKU0015,Apparel,1991.1634517766497,2041.0714359171338,21.609799057275183,2.5064734939742372,197,191.10035256277803,-2.9947448919908526,392259.2,1600,390049.4710095799,-0.5633338849465153,77059.2,84288.90690913504,9.382016565361484,-1.2282,0.0248,True
2024-09-23,SKU0015,Apparel,1788.1482578397215,,,,287,,,513198.55000000005,1600,,,53998.550000000076,,,-1.2282,0.0248,True
2024-09-30,SKU0015,Apparel,2178.071161290323,,,,155,,,337601.03,1600,,,89601.03000000004,,,-3.0115,0.0248,True
2024-10-07,SKU0015,Apparel,2111.020196078431,1984.4233899844587,19.372044893477565,-5.996949073682334,153,184.32084428478439,20.471140055414637,322986.08999999997,1600,365770.5946604094,13.246547137806907,78186.08999999997,70857.24380475435,-9.373593429784776,-3.0115,0.0248,True
2024-10-14,SKU0015,Apparel,2133.9313829787234,2063.1407531914856,22.448335261423644,-3.3173807907741715,188,208.10433197846478,10.69379360556637,401179.1,1600,429348.5282204608,7.0216589599161106,100379.09999999999,96381.59705491715,-3.9824056452815837,-3.0115,0.0248,True
2024-10-21,SKU0015,Apparel,1934.548492462312,1954.2113795998948,18.12554073205817,1.0164070435141115,199,193.03089176127963,-2.9995518787539477,384975.1500000001,1600,377223.1652942083,-2.0136324918093584,66575.15000000008,68373.73847616083,2.7015913237307565,-3.0115,0.0248,True
2024-10-28,SKU0015,Apparel,2141.2216993464053,1988.9521327704908,19.55563064399664,-7.111340531547661,153,191.06088000932655,24.87639216295854,327606.92000000004,1600,380010.94478355686,15.996006672739638,82806.92000000001,74313.5367686344,-10.256852001457872,-3.0115,0.0248,True
2024-11-04,SKU0015,Apparel,1821.0870386266088,,,,233,,,424313.27999999985,1600,,,51513.279999999846,,,-3.0115,0.0248,True
2024-11-11,SKU0015,Apparel,1899.3555154639173,,,,194,,,368474.97,1600,,,58074.96999999996,,,-3.0115,0.0248,True
2024-11-18,SKU0015,Apparel,1901.6316746411485,,,,209,,,397441.02,1600,,,63041.02000000003,,,-3.0115,0.0248,True
2024-11-25,SKU0015,Apparel,1902.8020833333333,,,,216,,,411005.25,1600,,,65405.249999999985,,,-3.0115,0.0248,True
2024-12-02,SKU0015,Apparel,1800.1029281767956,,,,181,,,325818.63,1600,,,36218.63,,,-3.0115,0.0248,True
2024-12-09,SKU0015,Apparel,1902.559640718563,,,,167,,,317727.46,1600,,,50527.46000000003,,,-3.0115,0.0248,True
2024-12-16,SKU0015,Apparel,2054.9614673913047,2027.3210805426331,21.078115580402105,-1.345056210896256,184,191.65885787749855,4.162422759510087,378112.9100000001,1600,388554.0428477773,2.7613796227632603,83712.91000000006,81899.87024377963,-2.165782740344868,-3.0115,0.0248,True
2024-12-23,SKU0015,Apparel,2025.683855932204,2046.181036585759,21.80555036959257,1.0118647385932933,236,228.9520597400933,-2.9864153643672453,478061.3900000002,1600,468477.36292742874,-2.0047691097939246,100461.39000000016,102154.06734327947,1.6849033676313852,-3.0115,0.0248,True
2024-12-30,SKU0015,Apparel,2130.5320689655173,2091.0339884358364,23.48283151548131,-1.853906876363487,58,61.36240949848398,5.797257756006857,123570.86,1600,128310.883873648,3.835875119464238,30770.86,30131.028676073638,-2.0793417016175764,-3.0115,0.0248,True
2024-07-01,SKU0016,Apparel,3117.6830456852795,,,,197,,,614183.56,2200,,,180783.56000000006,,,0.4284,0.0011,True
2024-07-08,SKU0016,Apparel,3489.191674876848,,,,203,,,708305.9100000001,2200,,,261705.91000000015,,,0.4284,0.0011,True
2024-07-15,SKU0016,Apparel,3244.687177033493,2718.345946206788,19.068431923835675,-16.22163253678959,209,268.9668221520402,28.69225940289004,678139.62,2200,731144.8706611206,7.816273979261168,218339.62,139417.86192663218,-36.146329316396084,-1.4252,0.0011,True
2024-07-22,SKU0016,Apparel,3111.96877094972,,,,179,,,557042.4099999998,2200,,,163242.40999999983,,,-1.4252,0.0011,True
2024-07-29,SKU0016,Apparel,3210.71,2810.245094970291,21.715013258540797,-12.472783435118995,207,250.28105328671975,20.9087213945506,664616.97,2200,703351.1023630023,5.828038420836945,209216.97,152732.7851322188,-26.99789833863917,-1.4252,0.0011,True
2024-08-05,SKU0016,Apparel,2991.200210526316,,,,190,,,568328.04,2200,,,150328.04000000004,,,0.4284,0.0011,True
2024-08-12,SKU0016,Apparel,3143.5027165354327,,,,254,,,798449.69,2200,,,239649.68999999992,,,0.4284,0.0011,True
2024-08-19,SKU0016,Apparel,3673.5808943089432,,,,123,,,451850.45,2200,,,181250.45,,,-1.4252,0.0011,True
2024-08-26,SKU0016,Apparel,3174.7750943396227,,,,159,,,504789.24,2200,,,154989.24000000002,,,-1.4252,0.0011,True
2024-09-02,SKU0016,Apparel,3190.368043478261,,,,138,,,440270.79,2200,,,136670.79,,,-1.4252,0.0011,True
2024-09-09,SKU0016,Apparel,3501.968059701492,,,,134,,,469263.72,2200,,,174463.71999999994,,,-1.4252,0.0011,True
2024-09-16,SKU0016,Apparel,2945.5521808510643,,,,188,,,553763.81,2200,,,140163.81000000008,,,0.4284,0.0011,True
2024-09-23,SKU0016,Apparel,3212.6412432432435,,,,185,,,594338.63,2200,,,187338.63000000003,,,0.4284,0.0011,True
2024-09-30,SKU0016,Apparel,3607.086884057971,,,,138,,,497777.99,2200,,,194177.99,,,-1.4252,0.0011,True
2024-10-07,SKU0016,Apparel,3110.956073619632,,,,163,,,507085.84,2200,,,148485.84000000005,,,-1.4252,0.0011,True
2024-10-14,SKU0016,Apparel,3555.1359146341465,,,,164,,,583042.29,2200,,,222242.29000000004,,,-1.4252,0.0011,True
2024-10-21,SKU0016,Apparel,3521.338447204969,,,,161,,,566935.49,2200,,,212735.49,,,-1.4252,0.0011,True
2024-10-28,SKU0016,Apparel,3262.5747777777774,2696.593136402525,18.415575182580966,-17.34769867131618,180,236.15696014580237,31.198311192112428,587263.46,2200,636819.2378428553,8.438423504649052,191263.45999999993,117273.92552209011,-38.68461570124783,-1.4252,0.0011,True
2024-11-04,SKU0016,Apparel,3286.216875,,,,160,,,525794.7,2200,,,173794.7,,,-1.4252,0.0011,True
2024-11-11,SKU0016,Apparel,3286.936129032258,,,,186,,,611370.12,2200,,,202170.12000000002,,,-1.4252,0.0011,True
2024-11-18,SKU0016,Apparel,3168.904882352941,,,,170,,,538713.83,2200,,,164713.83,,,-1.4252,0.0011,True
2024-11-25,SKU0016,Apparel,3765.582521008404,,,,119,,,448104.32000000007,2200,,,186304.32000000007,,,-1.4252,0.0011,True
2024-12-02,SKU0016,Apparel,3522.4783743842363,,,,203,,,715063.11,2200,,,268463.11,,,-1.4252,0.0011,True
2024-12-09,SKU0016,Apparel,3115.6553205128203,,,,156,,,486042.23,2200,,,142842.22999999995,,,-1.4252,0.0011,True
2024-12-16,SKU0016,Apparel,3599.9182432432435,,,,148,,,532787.9,2200,,,207187.90000000005,,,-1.4252,0.0011,True
2024-12-23,SKU0016,Apparel,3482.246891891892,,,,148,,,515372.54000000004,2200,,,189772.54000000004,,,-1.4252,0.0011,True
2024-12-30,SKU0016,Apparel,3349.78511627907,2719.9248273135986,19.115411650075465,-18.80300577802787,43,57.861823342888776,34.5623798671832,144040.76,2200,157379.8098639567,9.260607805704923,49440.76,30083.798509601394,-39.15182835053225,-1.4252,0.0011,True
2024-07-01,SKU0017,Apparel,3453.066962457338,,,,293,,,1011748.62,2800,,,191348.62000000002,,,1.7034,0.8675,False
2024-07-08,SKU0017,Apparel,3391.101433224756,,,,307,,,1041068.1400000001,2800,,,181468.14000000007,,,1.7034,0.8675,False
2024-07-15,SKU0017,Apparel,3283.9393214285715,3686.3799409824555,24.044725589143336,12.254812898881928,280,272.174712354829,-2.794745587561065,919503.01,2800,1003339.4000675114,9.117576468565481,135503.01,241250.20547399015,78.04047708902564,-0.2452,0.8675,False
2024-07-22,SKU0017,Apparel,3215.488008298755,3608.4183897347157,22.403676692107453,12.219929927334782,241,234.28251648682087,-2.787337557335745,774932.61,2800,845389.3408843711,9.091981673654326,100132.61,189398.29472127272,89.14746626625703,-0.2452,0.8675,False
2024-07-29,SKU0017,Apparel,3550.7322705314014,3694.1612522494956,24.204716340008485,4.039419781335107,207,204.99978949706096,-0.9662852671203148,735001.5800000001,2800,757302.2790793458,3.0341021959906067,155401.58000000007,183302.86848757503,17.954314549166718,-0.2452,0.8675,False
2024-08-05,SKU0017,Apparel,3332.218899082569,,,,218,,,726423.72,2800,,,116023.72000000002,,,1.7034,0.8675,False
2024-08-12,SKU0017,Apparel,3162.177138047138,,,,297,,,939166.6100000001,2800,,,107566.61000000004,,,1.7034,0.8675,False
2024-08-19,SKU0017,Apparel,3447.4572321428573,3685.704957000706,24.030815470413046,6.910824669165216,224,220.3595630343907,-1.625195073932717,772230.42,2800,812180.3337983633,5.173315213141083,145030.42000000004,195173.5573020694,34.574220568394786,-0.2452,0.8675,False
2024-08-26,SKU0017,Apparel,3364.064363636364,3582.020855636652,21.831834239771872,6.478963195718679,220,216.6394745815396,-1.5275115538456396,740094.16,2800,776007.1161052411,4.852484730489026,124094.16000000005,169416.5872769303,36.52261095681719,-0.2452,0.8675,False
2024-09-02,SKU0017,Apparel,3264.59436440678,3570.602614521487,21.581864399792888,9.373545866863386,236,230.87170431392218,-2.1730066466431386,770444.2700000001,2800,824351.1110423221,6.996851445507146,109644.27000000012,177910.33896334007,62.26141043516444,-0.2452,0.8675,False
2024-09-09,SKU0017,Apparel,3101.287130801688,3497.137006875824,19.934506583675805,12.764051162583211,237,230.12091794236323,-2.902566269045048,735005.05,2800,804764.3781924733,9.49099984992936,71405.05000000003,160425.80795385627,124.67011500426959,-0.2452,0.8675,False
2024-09-16,SKU0017,Apparel,3101.155482625483,,,,259,,,803199.27,2800,,,77999.27000000005,,,1.7034,0.8675,False
2024-09-23,SKU0017,Apparel,3292.7007843137253,,,,204,,,671710.96,2800,,,100510.95999999996,,,1.7034,0.8675,False
2024-09-30,SKU0017,Apparel,3184.3835071090048,3592.0024200116522,22.049050290146603,12.800559731346905,211,204.8593241711535,-2.9102729046665887,671904.92,2800,735855.1881847349,9.51775560517325,81104.92000000001,162249.08050550515,100.04838239838607,-0.2452,0.8675,False
2024-10-07,SKU0017,Apparel,3660.8866216216215,3448.2692757408527,18.799844904849362,-5.80781017978066,148,150.18731855452745,1.4779179422482747,541811.22,2800,517886.3161774811,-4.415726906231088,127411.21999999999,97361.82422480424,-23.584575813021612,-0.2452,0.8675,False
2024-10-14,SKU0017,Apparel,3474.632389937108,3609.670832262902,22.43060018177113,3.8864094721755116,159,157.52044214327682,-0.9305395325302945,552466.5500000002,2800,568596.9454897423,2.919705363110614,107266.5500000002,127539.70748856725,18.899794473269637,-0.2452,0.8675,False
2024-10-21,SKU0017,Apparel,3135.4697872340425,3550.053536333672,21.12795000574251,13.222380607448137,235,227.95213633426948,-2.999090921587455,736835.4,2800,809242.2877082888,9.826738469444972,78835.4,170976.30597233417,116.8775778043039,-0.2452,0.8675,False
2024-10-28,SKU0017,Apparel,3391.0671875000003,3532.0404031265634,20.725708643608975,4.15719323244943,192,190.09199129322738,-0.9937545347774024,651084.9,2800,671412.593558462,3.122126401405101,113484.90000000005,139155.01793742535,22.61985333504748,-0.2452,0.8675,False
2024-11-04,SKU0017,Apparel,3480.072038216561,3548.3049811351552,21.08908295971113,1.9606761632888992,157,156.25429102219124,-0.47497387121576695,546371.31,2800,554437.8791577833,1.4763895925983483,106771.31000000007,116925.86429564787,9.510564491198803,-0.2452,0.8675,False
2024-11-11,SKU0017,Apparel,3308.60358490566,3565.3261447649093,21.46581024259629,7.759242026770918,212,208.1507646784362,-1.8156770384734955,701423.9599999998,2800,742125.3633608368,5.802682212457766,107823.95999999988,159303.22226121541,47.74380597894532,-0.2452,0.8675,False
2024-11-18,SKU0017,Apparel,3216.1628426395937,3641.3281691781085,23.104980657868207,13.219645501207577,197,191.09292279199647,-2.9985163492403655,633584.08,2800,695832.0426930742,9.824735920301887,81984.07999999996,160771.85887548403,96.10131488391906,-0.2452,0.8675,False
2024-11-25,SKU0017,Apparel,3618.543901098901,3631.894037635908,22.905239773388566,0.36893670221749275,182,181.83573397576427,-0.0902560572723754,658574.99,2800,660408.1180557273,0.27834765722387633,148974.99000000002,151268.06292358736,1.5392334804569252,-0.2452,0.8675,False
2024-12-02,SKU0017,Apparel,3216.587862903226,3585.811934652397,21.91447708281925,11.478749764849173,248,241.47945137372662,-2.6292534783360355,797713.79,2800,865899.8987092221,8.547690859051338,103313.79000000001,189757.4348627876,83.67096479839486,-0.2452,0.8675,False
2024-12-09,SKU0017,Apparel,3461.1377637130804,3536.291672534428,20.821010841753743,2.1713642724444204,237,235.7549542898184,-0.5253357426926675,820289.65,2800,833698.2816138195,1.634621577124551,156689.65000000005,173584.409602328,10.782307320443918,-0.2452,0.8675,False
2024-12-16,SKU0017,Apparel,3540.543025641026,3481.846656566195,19.582903091965395,-1.6578352148171827,195,195.8009619909204,0.4107497389335357,690405.89,2800,681748.9248605309,-1.253895029700447,144405.89000000004,133506.23128595375,-7.547932230497167,-0.2452,0.8675,False
2024-12-23,SKU0017,Apparel,3697.56808988764,3668.103775306532,23.66628177617432,-0.7968565788332271,178,178.34952867207008,0.19636442251127484,658167.1199999999,2800,654204.5794461608,-0.6020568991412234,159767.1199999999,154825.89916436461,-3.0927645410615767,-0.2452,0.8675,False
2024-12-30,SKU0017,Apparel,3200.5550000000003,3623.6736126705778,22.73034772752467,13.22016377380102,66,64.0209073510268,-2.9986252257169554,211236.63,2800,231990.87262714366,9.82511538228179,26436.63000000002,52732.3320442686,99.46692163210122,-0.2452,0.8675,False
2024-07-01,SKU0018,Apparel,2166.896,,,,275,,,595896.4,1900,,,73396.40000000005,,,0.5354,0.0,True
2024-07-08,SKU0018,Apparel,2294.5230147058824,,,,272,,,624110.26,1900,,,107310.26000000001,,,0.5354,0.0,True
2024-07-15,SKU0018,Apparel,2188.7948299319723,,,,294,,,643505.6799999998,1900,,,84905.67999999988,,,-2.1046,0.0,True
2024-07-22,SKU0018,Apparel,2543.8825333333334,2580.967046315611,26.384182133890732,1.4577918790017463,225,218.25000000000006,-2.9999999999999694,572373.5700000001,1900,563296.0578583822,-1.5859418773682799,144873.57,148621.0578583821,2.586729835112145,-2.1046,0.0,True
2024-07-29,SKU0018,Apparel,2241.001120689655,,,,232,,,519912.26,1900,,,79112.26000000001,,,-2.1046,0.0,True
2024-08-05,SKU0018,Apparel,2127.3171482889734,,,,263,,,559484.41,1900,,,59784.41,,,0.5354,0.0,True
2024-08-12,SKU0018,Apparel,2146.25543071161,,,,267,,,573050.2,1900,,,65750.19999999992,,,0.5354,0.0,True
2024-08-19,SKU0018,Apparel,2271.5921782178216,,,,202,,,458861.61999999994,1900,,,75061.61999999997,,,-2.1046,0.0,True
2024-08-26,SKU0018,Apparel,2519.269308176101,2555.9950115608754,25.664956644820574,1.4577918790017463,159,154.23000000000002,-2.9999999999999916,400563.82,1900,394211.11063303385,-1.585941877368291,98463.82000000004,101174.11063303382,2.752575141847813,-2.1046,0.0,True
2024-09-02,SKU0018,Apparel,2141.3346153846155,,,,247,,,528909.65,1900,,,59609.65000000003,,,-2.1046,0.0,True
2024-09-09,SKU0018,Apparel,2239.747866108786,,,,239,,,535299.7399999999,1900,,,81199.7399999999,,,-2.1046,0.0,True
2024-09-16,SKU0018,Apparel,1991.637287449393,,,,247,,,491934.41000000003,1900,,,22634.410000000058,,,0.5354,0.0,True
2024-09-23,SKU0018,Apparel,2154.5809126984127,,,,252,,,542954.39,1900,,,64154.39,,,0.5354,0.0,True
2024-09-30,SKU0018,Apparel,2474.454375,2510.526769928353,24.318671971212506,1.4577918790017463,192,186.24000000000004,-2.9999999999999805,475095.24,1900,467560.50563145656,-1.585941877368302,110295.23999999996,113704.50563145652,3.0910360514710744,-2.1046,0.0,True
2024-10-07,SKU0018,Apparel,2104.749041666667,,,,240,,,505139.7700000001,1900,,,49139.77000000006,,,-2.1046,0.0,True
2024-10-14,SKU0018,Apparel,2402.345327102804,2437.3665221868864,22.04701333571872,1.4577918790017463,214,207.58000000000004,-2.9999999999999805,514101.9,1900,505948.542675554,-1.585941877368291,107501.90000000002,111546.54267555391,3.762391804753107,-2.1046,0.0,True
2024-10-21,SKU0018,Apparel,2439.419847715736,2474.981512150493,23.231749785916413,1.4577918790017463,197,191.09000000000003,-2.9999999999999805,480565.71,1900,472944.2171568378,-1.5859418773682799,106265.71,109873.21715683772,3.394798902522478,-2.1046,0.0,True
2024-10-28,SKU0018,Apparel,2503.488469945355,2539.9841215519637,25.196382769547586,1.4577918790017463,183,177.51000000000005,-2.9999999999999694,458138.38999999996,1900,450872.5814166892,-1.5859418773682687,110438.38999999997,113603.58141668909,2.8660245922537575,-2.1046,0.0,True
2024-11-04,SKU0018,Apparel,2400.936871794872,2435.9375345318563,22.001283979346947,1.4577918790017463,195,189.15000000000003,-2.9999999999999805,468182.69,1900,460757.5846567007,-1.5859418773682687,97682.69000000002,101372.58465670064,3.7774294060704205,-2.1046,0.0,True
2024-11-11,SKU0018,Apparel,2137.9541397849466,,,,186,,,397659.4700000001,1900,,,44259.470000000074,,,-2.1046,0.0,True
2024-11-18,SKU0018,Apparel,2113.4211764705883,,,,255,,,538922.4,1900,,,54422.400000000016,,,-2.1046,0.0,True
2024-11-25,SKU0018,Apparel,2518.6985964912283,2555.4159800874086,25.648113074137928,1.4577918790017463,171,165.87000000000003,-2.9999999999999805,430697.46,1900,423866.8486170985,-1.5859418773682799,105797.46000000004,108713.84861709848,2.756577158939777,-2.1046,0.0,True
2024-12-02,SKU0018,Apparel,2525.0463157894737,2561.8562359220855,25.83502644065679,1.4577918790017463,190,184.30000000000004,-2.9999999999999805,479758.8,1900,472150.1042804405,-1.5859418773682687,118758.80000000002,121980.10428044038,2.712476280023357,-2.1046,0.0,True
2024-12-09,SKU0018,Apparel,2432.884292682927,2468.3506823271678,23.025524144378267,1.4577918790017463,205,198.85000000000005,-2.9999999999999805,498741.28,1900,490831.5331807574,-1.5859418773682799,109241.28000000004,113016.53318075734,3.4558851569272075,-2.1046,0.0,True
2024-12-16,SKU0018,Apparel,2371.411398963731,2405.9816417555458,21.030153887057583,1.4577918790017463,193,187.21000000000004,-2.9999999999999805,457682.4,1900,450423.8231530558,-1.585941877368291,90982.40000000004,94724.82315305574,4.113348464159761,-2.1046,0.0,True
2024-12-23,SKU0018,Apparel,2572.2429943502825,2563.746108618451,25.889697360716035,-0.3303298230569185,177,178.23686391363006,0.6987931715424001,455287.01,1900,456954.0662709255,0.3661550262384017,118987.01000000001,118304.02483502841,-0.5739997710435762,-2.1046,0.0,True
2024-12-30,SKU0018,Apparel,2531.1751948051947,2568.0744612383714,26.014606325558564,1.4577918790017463,77,74.69000000000001,-2.9999999999999805,194900.49,1900,191809.481509894,-1.585941877368291,48600.48999999999,49898.48150989397,2.6707374964614283,-2.1046,0.0,True
2024-07-01,SKU0019,Apparel,1988.4967213114755,1849.1856627620352,18.883212745683643,-7.005848038691276,244,248.22759975393174,1.7326228499720209,485193.2,1500,459018.9185668035,-5.394610112671927,119193.20000000003,86677.51893590587,-27.279812157148353,-0.2365,0.4149,False
2024-07-08,SKU0019,Apparel,2012.9172690763053,1849.0823201758744,18.878679243586713,-8.139179459452494,249,254.04989884295418,2.0280718244795937,501216.4,1500,469759.1763929759,-6.276176040333903,127716.40000000001,88684.32812854464,-30.561519015142423,-0.2365,0.4149,False
2024-07-15,SKU0019,Apparel,2496.694424242424,,,,165,,,411954.5799999999,1500,,,164454.57999999993,,,-0.552,0.4149,False
2024-07-22,SKU0019,Apparel,2169.375396825397,1873.7777838310035,19.947818095420146,-13.625931843191486,189,204.91709059507122,8.421741055593234,410011.95,1500,383969.0918843295,-6.351731483843459,126511.95,76593.45599172269,-39.457532674405314,-0.552,0.4149,False
2024-07-29,SKU0019,Apparel,2100.099491525424,,,,177,,,371717.61000000004,1500,,,106217.61000000007,,,-0.552,0.4149,False
2024-08-05,SKU0019,Apparel,2326.422209944752,,,,181,,,421082.4200000001,1500,,,149582.4200000001,,,-0.2365,0.4149,False
2024-08-12,SKU0019,Apparel,2093.309854368932,,,,206,,,431221.83,1500,,,122221.83,,,-0.2365,0.4149,False
2024-08-19,SKU0019,Apparel,2135.56683908046,,,,174,,,371588.63,1500,,,110588.63000000002,,,-0.552,0.4149,False
2024-08-26,SKU0019,Apparel,2465.167214285714,,,,140,,,345123.41,1500,,,135123.40999999997,,,-0.552,0.4149,False
2024-09-02,SKU0019,Apparel,2204.4210215053763,,,,186,,,410022.31,1500,,,131022.31,,,-0.552,0.4149,False
2024-09-09,SKU0019,Apparel,2427.046858638744,,,,191,,,463565.9500000001,1500,,,177065.95000000013,,,-0.552,0.4149,False
2024-09-16,SKU0019,Apparel,1972.1724460431656,,,,139,,,274131.97000000003,1500,,,65631.97000000002,,,-0.2365,0.4149,False
2024-09-23,SKU0019,Apparel,2221.672,,,,175,,,388792.6,1500,,,126292.6,,,-0.2365,0.4149,False
2024-09-30,SKU0019,Apparel,2393.242708333333,,,,144,,,344626.94999999995,1500,,,128626.94999999998,,,-0.552,0.4149,False
2024-10-07,SKU0019,Apparel,2326.5832450331127,,,,151,,,351314.07,1500,,,124814.07000000002,,,-0.552,0.4149,False
2024-10-14,SKU0019,Apparel,2236.999580838324,,,,167,,,373578.9300000001,1500,,,123078.93000000014,,,-0.552,0.4149,False
2024-10-21,SKU0019,Apparel,2546.600542635659,,,,129,,,328511.47000000003,1500,,,135011.47000000003,,,-0.552,0.4149,False
2024-10-28,SKU0019,Apparel,2215.430070422535,,,,142,,,314591.07,1500,,,101591.07,,,-0.552,0.4149,False
2024-11-04,SKU0019,Apparel,2262.445446428572,,,,112,,,253393.89000000004,1500,,,85393.89000000004,,,-0.552,0.4149,False
2024-11-11,SKU0019,Apparel,2123.823167701863,,,,161,,,341935.5299999999,1500,,,100435.52999999994,,,-0.552,0.4149,False
2024-11-18,SKU0019,Apparel,2252.807658227848,,,,158,,,355943.61,1500,,,118943.61000000002,,,-0.552,0.4149,False
2024-11-25,SKU0019,Apparel,2188.696315789474,,,,190,,,415852.30000000005,1500,,,130852.30000000003,,,-0.552,0.4149,False
2024-12-02,SKU0019,Apparel,2197.8348502994013,,,,167,,,367038.42000000004,1500,,,116538.42000000001,,,-0.552,0.4149,False
2024-12-09,SKU0019,Apparel,2239.4924025974024,,,,154,,,344881.82999999996,1500,,,113881.82999999996,,,-0.552,0.4149,False
2024-12-16,SKU0019,Apparel,2304.3934193548384,,,,155,,,357180.98,1500,,,124680.97999999995,,,-0.552,0.4149,False
2024-12-23,SKU0019,Apparel,2501.359770114943,,,,174,,,435236.60000000003,1500,,,174236.60000000006,,,-0.552,0.4149,False
2024-12-30,SKU0019,Apparel,2256.6981818181816,,,,44,,,99294.71999999999,1500,,,33294.719999999994,,,-0.552,0.4149,False
2024-07-01,SKU0020,Home & Kitchen,6440.128702702703,6327.194159136789,20.9760302237644,-1.7536069351924533,185,186.39295075755618,0.7529463554357685,1191423.81,5000,1179344.3893374805,-1.013864299263878,266423.81000000006,247379.63554969963,-7.148075260353204,-0.424,0.0038,True
2024-07-08,SKU0020,Home & Kitchen,6072.317958115184,6524.162809990402,23.361814448536798,7.441060481218087,191,185.27514671536258,-2.997305384626925,1159812.7300000002,5000,1208765.2218158839,4.220723790114267,204812.7300000002,282389.48823907104,37.87692212250222,-0.424,0.0038,True
2024-07-15,SKU0020,Home & Kitchen,6689.66940397351,,,,151,,,1010140.0800000001,5000,,,255140.08000000005,,,-1.4459,0.0038,True
2024-07-22,SKU0020,Home & Kitchen,6830.231925465839,6432.445206083146,22.269061922649364,-5.823912331579606,161,175.5921505512321,9.063447547349135,1099667.34,5000,1129486.887039103,2.7116879763932067,294667.34,251526.1342829425,-14.640647218336955,-1.4459,0.0038,True
2024-07-29,SKU0020,Home & Kitchen,5989.131746987951,6116.636579170871,18.255728695299318,2.1289368404200593,166,161.02,-2.9999999999999916,994195.8699999999,5000,984900.8219780937,-0.9349312647925379,164195.86999999994,179800.8219780937,9.503863877997532,-1.4459,0.0038,True
2024-08-05,SKU0020,Home & Kitchen,5477.056040609137,,,,197,,,1078980.04,5000,,,93980.04000000002,,,-0.424,0.0038,True
2024-08-12,SKU0020,Home & Kitchen,5734.906274509804,6161.983272416469,18.85729352135661,7.446974326414257,204,197.88087892455158,-2.999569154631576,1169920.88,5000,1219338.6658641554,4.224028026934223,149920.87999999992,229934.27124139754,53.37041194088352,-0.424,0.0038,True
2024-08-19,SKU0020,Home & Kitchen,5861.3431543624165,,,,149,,,873340.13,5000,,,128340.13000000006,,,-1.4459,0.0038,True
2024-08-26,SKU0020,Home & Kitchen,6615.333223140496,,,,121,,,800455.32,5000,,,195455.31999999998,,,-1.4459,0.0038,True
2024-09-02,SKU0020,Home & Kitchen,5842.618333333333,,,,150,,,876392.7499999999,5000,,,126392.74999999993,,,-1.4459,0.0038,True
2024-09-09,SKU0020,Home & Kitchen,6330.739735099338,6378.960919979781,21.61732823383015,0.7616990572695936,151,149.35233259737075,-1.0911704653173815,955941.7000000001,5000,952712.6929464503,-0.33778284319532226,200941.7,205951.02995959655,2.492927032864034,-1.4459,0.0038,True
2024-09-16,SKU0020,Home & Kitchen,5823.536666666667,6164.070389562231,18.88476795354867,5.847541492178543,144,140.57168266086592,-2.3807759299542264,838589.28,5000,866493.7467007821,3.3275487018844307,118589.28000000003,163635.3333964525,37.98492865160532,-0.424,0.0038,True
2024-09-23,SKU0020,Home & Kitchen,5928.423548387097,6144.73637539434,18.629544140872543,3.6487411070029507,155,152.66256280035122,-1.5080239997734002,918905.65,5000,938071.202800241,2.0856932156463337,143905.65000000005,174758.38879848487,21.439560433162153,-0.424,0.0038,True
2024-09-30,SKU0020,Home & Kitchen,6977.861880341881,6241.74488429513,19.89419476947043,-10.549320245511728,117,137.46466218226863,17.491164258349244,816409.8400000001,5000,858019.3519475334,5.096645080555784,231409.8400000001,170696.04103619026,-26.2364811123891,-1.4459,0.0038,True
2024-10-07,SKU0020,Home & Kitchen,6703.553490566038,6286.423986198564,20.463525670919186,-6.2225132529262766,106,116.31842549217296,9.73436367186129,710576.67,5000,731226.9400508467,2.906128349365389,180576.67,149634.81258998186,-17.135024923218577,-1.4459,0.0038,True
2024-10-14,SKU0020,Home & Kitchen,5835.88852112676,,,,142,,,828696.1699999999,5000,,,118696.16999999988,,,-1.4459,0.0038,True
2024-10-21,SKU0020,Home & Kitchen,5782.302549019608,,,,153,,,884692.29,5000,,,119692.29,,,-1.4459,0.0038,True
2024-10-28,SKU0020,Home & Kitchen,6425.248333333334,,,,108,,,693926.8200000001,5000,,,153926.82000000007,,,-1.4459,0.0038,True
2024-11-04,SKU0020,Home & Kitchen,6581.63775,,,,120,,,789796.53,5000,,,189796.52999999997,,,-1.4459,0.0038,True
2024-11-11,SKU0020,Home & Kitchen,6785.795035460994,6177.580132393089,19.06215876048725,-8.963060332496253,141,161.50512665260325,14.542643016030677,956797.1000000001,5000,997710.8616887514,4.276116816068032,251797.10000000012,190185.22842573517,-24.468856700202235,-1.4459,0.0038,True
2024-11-18,SKU0020,Home & Kitchen,6515.853145161291,6136.590745113117,18.52153406218661,-5.820610004536642,124,135.2318184982286,9.057918143732735,807965.79,5000,829862.3258410464,2.7100820495192357,187965.79000000004,153703.23334990343,-18.22808110459707,-1.4459,0.0038,True
2024-11-25,SKU0020,Home & Kitchen,6059.7546875,6188.763037481269,19.20841095840498,2.1289368404200593,160,155.20000000000002,-2.9999999999999916,969560.75,5000,960496.023417093,-0.9349312647925379,169560.74999999997,184496.02341709295,8.80821382135486,-1.4459,0.0038,True
2024-12-02,SKU0020,Home & Kitchen,6506.539784172662,6380.353216279835,21.63443260096925,-1.9393805629188576,139,142.99231964216912,2.8721724044382224,904409.03,5000,912341.506532228,0.8770894881741764,209409.02999999997,197379.90832138233,-5.744318513207213,-1.4459,0.0038,True
2024-12-09,SKU0020,Home & Kitchen,7045.738151260505,,,,119,,,838442.8400000001,5000,,,243442.8400000001,,,-1.4459,0.0038,True
2024-12-16,SKU0020,Home & Kitchen,6686.0552447552445,6623.5581735890955,24.511873090552793,-0.9347375826003534,143,144.95503110355318,1.3671546178693594,956105.9,5000,960118.0810688012,0.4196377272435159,241105.89999999997,235342.92555103533,-2.390225394303769,-1.4459,0.0038,True
2024-12-23,SKU0020,Home & Kitchen,6057.756887417218,6186.63345451566,19.18060061647145,2.1274635066015124,151,146.47305525137426,-2.9979766547190367,914721.29,5000,906175.1038032726,-0.9342940073831074,159721.28999999998,173809.82754640133,8.820701076482251,-1.4459,0.0038,True
2024-12-30,SKU0020,Home & Kitchen,6412.426956521739,6158.558610846837,18.812171549464697,-3.9590056525588335,46,48.76674450537098,6.014661968197776,294971.64,5000,300332.8542965201,1.817535508335677,64971.64,56499.13176966522,-13.040317637564304,-1.4459,0.0038,True
2024-07-01,SKU0021,Home & Kitchen,3832.793788546256,,,,227,,,870044.1900000002,3800,,,7444.190000000137,,,1.4392,0.0014,True
2024-07-08,SKU0021,Home & Kitchen,4099.50976635514,,,,214,,,877295.0899999999,3800,,,64095.08999999988,,,1.4392,0.0014,True
2024-07-15,SKU0021,Home & Kitchen,4194.815392156863,,,,204,,,855742.34,3800,,,80542.34000000001,,,-3.1029,0.0014,True
2024-07-22,SKU0021,Home & Kitchen,4183.550535714286,,,,224,,,937115.32,3800,,,85915.31999999998,,,-3.1029,0.0014,True
2024-07-29,SKU0021,Home & Kitchen,4787.170543478261,4834.194126339818,21.39330981155388,0.9822834268066405,184,178.5029644151882,-2.9875193395716315,880839.38,3800,862917.9821101482,-2.0345818201102484,181639.37999999998,184606.7173324331,1.633642072789021,-3.1029,0.0014,True
2024-08-05,SKU0021,Home & Kitchen,4290.579908675799,,,,219,,,939637.0,3800,,,107436.99999999994,,,1.4392,0.0014,True
2024-08-12,SKU0021,Home & Kitchen,3876.5426356589146,,,,258,,,1000148.0,3800,,,19747.999999999967,,,1.4392,0.0014,True
2024-08-19,SKU0021,Home & Kitchen,4126.503092783505,,,,194,,,800541.6,3800,,,63341.59999999998,,,-3.1029,0.0014,True
2024-08-26,SKU0021,Home & Kitchen,4572.962071428571,,,,140,,,640214.69,3800,,,108214.68999999996,,,-3.1029,0.0014,True
2024-09-02,SKU0021,Home & Kitchen,4531.96574074074,,,,162,,,734178.45,3800,,,118578.44999999994,,,-3.1029,0.0014,True
2024-09-09,SKU0021,Home & Kitchen,4687.971183431952,4734.116471949738,19.731590413638976,0.9843338773256827,169,163.94076308226101,-2.993631312271594,792267.1299999999,3800,776114.6669317414,-2.038764762114831,150067.12999999995,153139.76721914957,2.047508484469329,-3.1029,0.0014,True
2024-09-16,SKU0021,Home & Kitchen,3944.031,,,,170,,,670485.27,3800,,,24485.26999999999,,,1.4392,0.0014,True
2024-09-23,SKU0021,Home & Kitchen,4401.249111111111,,,,180,,,792224.84,3800,,,108224.84000000003,,,1.4392,0.0014,True
2024-09-30,SKU0021,Home & Kitchen,4488.182781456953,,,,151,,,677715.6,3800,,,103915.59999999995,,,-3.1029,0.0014,True
2024-10-07,SKU0021,Home & Kitchen,4189.599946524065,,,,187,,,783455.1900000001,3800,,,72855.1900000001,,,-3.1029,0.0014,True
2024-10-14,SKU0021,Home & Kitchen,4467.011856287425,,,,167,,,745990.98,3800,,,111390.97999999997,,,-3.1029,0.0014,True
2024-10-21,SKU0021,Home & Kitchen,4584.734516129033,,,,124,,,568507.0800000001,3800,,,97307.08000000012,,,-3.1029,0.0014,True
2024-10-28,SKU0021,Home & Kitchen,4036.7173291925465,,,,161,,,649911.49,3800,,,38111.489999999976,,,-3.1029,0.0014,True
2024-11-04,SKU0021,Home & Kitchen,4408.4857142857145,,,,161,,,709766.2000000001,3800,,,97966.20000000004,,,-3.1029,0.0014,True
2024-11-11,SKU0021,Home & Kitchen,4622.057083333333,4667.618779565199,18.588038581120365,0.9857449921195638,144,139.6831143449516,-2.9978372604502757,665576.22,3800,651987.5277046491,-2.0416432989974975,118376.21999999997,121191.693193833,2.378411131756897,-3.1029,0.0014,True
2024-11-18,SKU0021,Home & Kitchen,4806.501578947368,4853.696315525076,21.70915209826197,0.9818937079813406,133,129.02814437863333,-2.9863576100501277,639264.71,3800,626263.4289696101,-2.033786759539691,133864.70999999996,135956.4803308035,1.56260027814914,-3.1029,0.0014,True
2024-11-25,SKU0021,Home & Kitchen,4233.123287671233,,,,146,,,618036.0,3800,,,63236.0,,,-3.1029,0.0014,True
2024-12-02,SKU0021,Home & Kitchen,4590.736544117647,4636.020933596484,18.033157001901717,0.9864297165312674,136,131.92016584770548,-2.999878053157734,624340.17,3800,611584.6504334825,-2.043040025202536,107540.17000000001,110288.02021220169,2.5551849250393444,-3.1029,0.0014,True
2024-12-09,SKU0021,Home & Kitchen,4531.966271186441,,,,118,,,534772.02,3800,,,86372.02000000006,,,-3.1029,0.0014,True
2024-12-16,SKU0021,Home & Kitchen,4692.965467625899,4739.154974690626,19.816928961094675,0.9842285732414302,139,134.8392887656493,-2.9933174347846814,652322.2,3800,639024.2861374726,-2.0385499470242374,124122.19999999992,126634.98882800533,2.0244475428290887,-3.1029,0.0014,True
2024-12-23,SKU0021,Home & Kitchen,4668.392017543859,4714.363955440762,19.395277158979443,0.9847488755044598,114,110.58585016670268,-2.9948682748222044,532196.69,3800,521341.9460076759,-2.0396113309769093,98996.68999999992,101115.7153742057,2.140501237168424,-3.1029,0.0014,True
2024-12-30,SKU0021,Home & Kitchen,4679.5255,4725.5960118661615,19.586862896065444,0.9845124653378168,40,38.802334551030285,-2.994163622424284,187181.02,3800,183364.15740544526,-2.0391290711818555,35181.01999999999,35915.28611153019,2.0871086498634783,-3.1029,0.0014,True
2024-07-01,SKU0022,Home & Kitchen,4560.938724832215,4015.6589045637056,20.311956865577592,-11.955429642141668,149,198.6465489665969,33.31983152120597,679579.87,3200,797696.783218565,17.380872864666387,202779.86999999997,162027.82652545493,-20.096690798028938,-2.2586,0.6605,False
2024-07-08,SKU0022,Home & Kitchen,4670.624109589041,,,,146,,,681911.12,3200,,,214711.11999999997,,,-2.2586,0.6605,False
2024-07-15,SKU0022,Home & Kitchen,4595.522189781023,,,,137,,,629586.5400000002,3200,,,191186.5400000002,,,-0.426,0.6605,False
2024-07-22,SKU0022,Home & Kitchen,4553.8673913043485,,,,138,,,628433.7000000001,3200,,,186833.7000000001,,,-0.426,0.6605,False
2024-07-29,SKU0022,Home & Kitchen,4617.0655,4010.344328946727,20.206352933279295,-13.140839588549758,140,148.6594694528083,6.185335323434504,646389.1699999999,3200,596175.660264299,-7.7683092579816755,198389.16999999995,120465.35801531238,-39.27825898192305,-0.426,0.6605,False
2024-08-05,SKU0022,Home & Kitchen,5071.524715447154,,,,123,,,623797.54,3200,,,230197.54,,,-2.2586,0.6605,False
2024-08-12,SKU0022,Home & Kitchen,4616.613409090909,,,,132,,,609392.97,3200,,,186992.97,,,-2.2586,0.6605,False
2024-08-19,SKU0022,Home & Kitchen,4998.507379310345,,,,145,,,724783.57,3200,,,260783.56999999998,,,-0.426,0.6605,False
2024-08-26,SKU0022,Home & Kitchen,5166.123636363636,,,,99,,,511446.24,3200,,,194646.24,,,-0.426,0.6605,False
2024-09-02,SKU0022,Home & Kitchen,5470.501530612245,,,,98,,,536109.15,3200,,,222509.15000000002,,,-0.426,0.6605,False
2024-09-09,SKU0022,Home & Kitchen,5058.56288,,,,125,,,632320.3600000001,3200,,,232320.36000000004,,,-0.426,0.6605,False
2024-09-16,SKU0022,Home & Kitchen,4921.905307692307,,,,130,,,639847.69,3200,,,223847.68999999994,,,-2.2586,0.6605,False
2024-09-23,SKU0022,Home & Kitchen,4888.919492753624,,,,138,,,674670.89,3200,,,233070.89000000007,,,-2.2586,0.6605,False
2024-09-30,SKU0022,Home & Kitchen,4599.209145299145,,,,117,,,538107.47,3200,,,163707.47,,,-0.426,0.6605,False
2024-10-07,SKU0022,Home & Kitchen,5248.946075949367,,,,79,,,414666.74,3200,,,161866.74,,,-0.426,0.6605,False
2024-10-14,SKU0022,Home & Kitchen,4650.556744186047,,,,86,,,399947.88,3200,,,124747.88000000002,,,-0.426,0.6605,False
2024-10-21,SKU0022,Home & Kitchen,4595.833984375,,,,128,,,588266.75,3200,,,178666.75,,,-0.426,0.6605,False
2024-10-28,SKU0022,Home & Kitchen,4791.305614035087,,,,114,,,546208.84,3200,,,181408.83999999994,,,-0.426,0.6605,False
2024-11-04,SKU0022,Home & Kitchen,4831.494244604317,,,,139,,,671577.7000000001,3200,,,226777.70000000004,,,-0.426,0.6605,False
2024-11-11,SKU0022,Home & Kitchen,4965.3725,,,,128,,,635567.68,3200,,,225967.68000000005,,,-0.426,0.6605,False
2024-11-18,SKU0022,Home & Kitchen,4867.098071428572,,,,140,,,681393.7300000001,3200,,,233393.73000000016,,,-0.426,0.6605,False
2024-11-25,SKU0022,Home & Kitchen,5245.504673913043,,,,92,,,482586.42999999993,3200,,,188186.42999999996,,,-0.426,0.6605,False
2024-12-02,SKU0022,Home & Kitchen,5530.544948453608,,,,97,,,536462.86,3200,,,226062.86000000002,,,-0.426,0.6605,False
2024-12-09,SKU0022,Home & Kitchen,4934.149912280703,,,,114,,,562493.0900000001,3200,,,197693.0900000001,,,-0.426,0.6605,False
2024-12-16,SKU0022,Home & Kitchen,4581.406972477064,3975.847006896433,19.514005582977983,-13.21777281997758,109,115.78571469015594,6.2254263212439875,499373.36,3200,460346.28719222086,-7.815209206950713,150573.36000000002,89832.00018372183,-40.34004409297779,-0.426,0.6605,False
2024-12-23,SKU0022,Home & Kitchen,4695.831946902655,,,,113,,,530629.01,3200,,,169029.00999999998,,,-0.426,0.6605,False
2024-12-30,SKU0022,Home & Kitchen,4518.63947368421,,,,38,,,171708.3,3200,,,50108.29999999999,,,-0.426,0.6605,False
2024-07-01,SKU0023,Home & Kitchen,6928.561953488373,9043.202293123195,28.122806619698704,30.52062395963926,215,208.55294841887212,-2.9986286423850594,1489640.82,6500,1885986.5013791479,26.606795145365837,92140.82000000012,530392.3366564789,475.6323165525098,-0.1143,0.012,True
2024-07-08,SKU0023,Home & Kitchen,7906.217929515418,9187.171685220153,29.24917240354979,16.201852353736545,227,223.13721353582787,-1.701668045890803,1794711.47,6500,2049999.8901152809,14.224482563499796,319211.47,599608.0021323998,87.84036868487209,-0.1143,0.012,True
2024-07-15,SKU0023,Home & Kitchen,8107.874768211921,8320.40653870243,21.878817221668143,2.621300606711019,151,146.4781572405748,-2.994597853923975,1224289.09,6500,1218757.8172815612,-0.4517946589264188,242789.09000000008,266649.795217825,9.827750175193174,-1.175,0.012,True
2024-07-22,SKU0023,Home & Kitchen,7759.417464114833,7963.192538262167,18.374446319509484,2.6261645940528044,209,202.73000000000002,-2.9999999999999916,1621718.25,6500,1614378.0232818893,-0.4526203437687615,263218.25000000006,296633.0232818891,12.694702317141404,-1.175,0.012,True
2024-07-29,SKU0023,Home & Kitchen,7513.580069444444,,,,144,,,1081955.53,6500,,,145955.52999999997,,,-1.175,0.012,True
2024-08-05,SKU0023,Home & Kitchen,7809.113446327684,8659.782259255864,24.940376034829477,10.893282813405868,177,174.920454616985,-1.1748843971836065,1382213.08,6500,1514773.0496731373,9.590414936106463,231713.08000000007,377790.0946627347,63.042196263903016,-0.1143,0.012,True
2024-08-12,SKU0023,Home & Kitchen,7051.167131147541,9203.086925466645,29.3715244391173,30.518632650377842,244,236.68375885318395,-2.998459486400018,1720484.78,6500,2178221.2065720377,26.605084328153005,134484.78000000003,639776.7740263419,375.7242968507973,-0.1143,0.012,True
2024-08-19,SKU0023,Home & Kitchen,7261.9575147929,,,,169,,,1227270.82,6500,,,128770.8200000001,,,-1.175,0.012,True
2024-08-26,SKU0023,Home & Kitchen,7774.797552083334,7978.976532655431,18.53591781605632,2.6261645940528044,192,186.24,-2.9999999999999916,1492761.1300000001,6500,1486004.5894417474,-0.4526203437687837,244761.13000000018,275444.5894417474,12.53608342212964,-1.175,0.012,True
2024-09-02,SKU0023,Home & Kitchen,8354.049485294117,8573.440575046561,24.184463132355713,2.6261645940528044,136,131.92000000000002,-2.9999999999999916,1136150.73,6500,1131008.2806601424,-0.4526203437687837,252150.72999999998,273528.28066014237,8.478083985774054,-1.175,0.012,True
2024-09-09,SKU0023,Home & Kitchen,7433.197804878048,,,,164,,,1219044.44,6500,,,153044.43999999994,,,-1.175,0.012,True
2024-09-16,SKU0023,Home & Kitchen,7679.285384615384,8674.273093420748,25.065767125430817,12.956774738424425,182,179.4830801646571,-1.3829229864521397,1397629.94,6500,1556885.2529965644,11.394669535811786,214629.9399999999,390245.23192629317,81.82236454349909,-0.1143,0.012,True
2024-09-23,SKU0023,Home & Kitchen,6929.682425742575,8768.005095898072,25.86683140682834,26.528238340713074,202,196.63976322720274,-2.6535825607907237,1399795.85,6500,1724138.4460323039,23.170707073628183,86795.85000000017,445979.9850554861,413.8263926852323,-0.1143,0.012,True
2024-09-30,SKU0023,Home & Kitchen,8461.372318840578,8683.581882848954,25.1460965337561,2.6261645940528044,138,133.86,-2.9999999999999916,1167669.38,6500,1162384.270838161,-0.4526203437687837,270669.37999999983,292294.27083816094,7.989411598076268,-1.175,0.012,True
2024-10-07,SKU0023,Home & Kitchen,7289.248098591549,,,,142,,,1035073.23,6500,,,112073.22999999997,,,-1.175,0.012,True
2024-10-14,SKU0023,Home & Kitchen,8412.730814814817,8633.662972866454,24.71329932118092,2.6261645940528044,135,130.95000000000002,-2.9999999999999916,1135718.6600000001,6500,1130578.1662968623,-0.4526203437687504,258218.66000000027,279403.1662968622,8.204095822068735,-1.175,0.012,True
2024-10-21,SKU0023,Home & Kitchen,7673.203636363637,,,,165,,,1266078.6,6500,,,193578.60000000012,,,-1.175,0.012,True
2024-10-28,SKU0023,Home & Kitchen,8348.845859375,8568.10029334595,24.137209212549152,2.6261645940528044,128,124.16000000000001,-2.9999999999999916,1068652.27,6500,1063815.3324218332,-0.4526203437687726,236652.27000000002,256775.3324218331,8.503219690997721,-1.175,0.012,True
2024-11-04,SKU0023,Home & Kitchen,8363.429104477613,8583.066518468111,24.269490560116186,2.6261645940528044,134,129.98000000000002,-2.9999999999999916,1120699.5,6500,1115626.9860704853,-0.4526203437687504,249699.50000000012,270756.98607048515,8.433131051718167,-1.175,0.012,True
2024-11-11,SKU0023,Home & Kitchen,8308.785,8526.98736986597,23.771436287442643,2.6261645940528044,130,126.10000000000001,-2.9999999999999916,1080142.05,6500,1075253.1073400988,-0.4526203437687837,235142.05,255603.10734009888,8.70157308745878,-1.175,0.012,True
2024-11-18,SKU0023,Home & Kitchen,7469.078538011696,,,,171,,,1277212.43,6500,,,165712.43,,,-1.175,0.012,True
2024-11-25,SKU0023,Home & Kitchen,8082.064680851065,8294.313001968023,21.633051484098555,2.6261645940528044,141,136.77,-2.9999999999999916,1139571.12,6500,1134413.1892791665,-0.4526203437687726,223071.1200000001,245408.18927916652,10.013429474495128,-1.175,0.012,True
2024-12-02,SKU0023,Home & Kitchen,7344.316216216216,,,,148,,,1086958.8,6500,,,124958.79999999999,,,-1.175,0.012,True
2024-12-09,SKU0023,Home & Kitchen,7909.3345238095235,8117.046666699004,19.92161352642088,2.6261645940528044,168,162.96,-2.9999999999999916,1328768.2,6500,1322753.9248052698,-0.4526203437687726,236768.19999999995,263513.92480526975,11.29616426752824,-1.175,0.012,True
2024-12-16,SKU0023,Home & Kitchen,8419.453450704224,8640.562156239375,24.77341308972205,2.6261645940528044,142,137.74,-2.9999999999999916,1195562.39,6500,1190151.0314004116,-0.4526203437687837,272562.3899999999,294841.03140041156,8.173776800391153,-1.175,0.012,True
2024-12-23,SKU0023,Home & Kitchen,8117.3201234567905,8330.494310524937,21.97341769037941,2.6261645940528044,162,157.14000000000001,-2.9999999999999916,1315005.86,6500,1309053.8759558888,-0.4526203437687615,262005.86000000007,287643.8759558886,9.785283411557488,-1.175,0.012,True
2024-12-30,SKU0023,Home & Kitchen,7864.133749999999,8070.658846171456,19.461346045082088,2.6261645940528044,40,38.800000000000004,-2.9999999999999916,314565.35,6500,313141.56323145254,-0.4526203437687726,54565.34999999996,60941.563231452514,11.685461985403833,-1.175,0.012,True
2024-07-01,SKU0024,Home & Kitchen,2069.930049019608,,,,204,,,422265.73,1800,,,55065.73,,,-2.4856,0.0001,True
2024-07-08,SKU0024,Home & Kitchen,1947.138846153846,,,,234,,,455630.49,1800,,,34430.48999999998,,,-2.4856,0.0001,True
2024-07-15,SKU0024,Home & Kitchen,2191.8325,2230.738070683292,19.309217713371144,1.7750248106683353,184,178.48493861586647,-2.9973159696377927,403297.18,1800,398153.1476139837,-1.2754942610846642,72097.18,76880.2581054241,6.634209695058968,-1.7296,0.0001,True
2024-07-22,SKU0024,Home & Kitchen,2521.9957971014496,2518.0639667141772,28.516510152487477,-0.15590154399904854,138,138.37290658781083,0.2702221650803027,348035.42000000004,1800,348431.83004827326,0.11389934055368034,99635.42000000004,99360.59819021376,-0.2758274213992218,-1.7296,0.0001,True
2024-07-29,SKU0024,Home & Kitchen,2533.24686440678,2510.755154550912,28.308421602266577,-0.8878609570937002,118,119.83426291272468,1.5544600955293975,298923.13,1800,300874.4932999327,0.6527976941538949,86523.13000000002,85172.82005702824,-1.5606346452928688,-1.7296,0.0001,True
2024-08-05,SKU0024,Home & Kitchen,2158.037724137931,,,,145,,,312915.47,1800,,,51915.47,,,-2.4856,0.0001,True
2024-08-12,SKU0024,Home & Kitchen,1930.6571204188483,,,,191,,,368755.51,1800,,,24955.510000000028,,,-2.4856,0.0001,True
2024-08-19,SKU0024,Home & Kitchen,2116.3672789115644,,,,147,,,311105.99,1800,,,46505.98999999997,,,-1.7296,0.0001,True
2024-08-26,SKU0024,Home & Kitchen,2423.966544117647,2357.6147543605757,23.651648486218015,-2.737322836327527,136,142.68789376084024,4.9175689417942925,329659.45,1800,336403.0835991913,2.045636367830883,84859.45000000001,79564.87482967885,-6.23922871326783,-1.7296,0.0001,True
2024-09-02,SKU0024,Home & Kitchen,2521.876201550388,2468.119430771303,27.069979776566626,-2.131618147870884,129,133.8981577547005,3.7970215152717035,325322.03,1800,330476.6448988575,1.5844653677027365,93122.03000000006,89459.96094039663,-3.9325485705191565,-1.7296,0.0001,True
2024-09-09,SKU0024,Home & Kitchen,2275.6207633587787,2315.9295984962732,22.27743014430425,1.7713335976948796,131,127.0814877643791,-2.991230714214421,298106.32,1800,294311.7789344676,-1.2728817911449974,62306.320000000014,65565.10095858517,5.23025747401733,-1.7296,0.0001,True
2024-09-16,SKU0024,Home & Kitchen,2168.308735632184,,,,174,,,377285.72000000003,1800,,,64085.72,,,-2.4856,0.0001,True
2024-09-23,SKU0024,Home & Kitchen,1971.526555555556,,,,180,,,354874.7800000001,1800,,,30874.78000000006,,,-2.4856,0.0001,True
2024-09-30,SKU0024,Home & Kitchen,2152.868486842105,,,,152,,,327236.00999999995,1800,,,53636.00999999997,,,-1.7296,0.0001,True
2024-10-07,SKU0024,Home & Kitchen,2379.0537719298245,2287.2772424731975,21.303811948319485,-3.857690420430493,114,122.02697469694702,7.041205874514933,271212.13,1800,279109.52219217963,2.9118875295804925,66012.12999999999,59460.96773767499,-9.9241794838691,-1.7296,0.0001,True
2024-10-14,SKU0024,Home & Kitchen,2098.769935897436,,,,156,,,327408.11,1800,,,46608.110000000015,,,-1.7296,0.0001,True
2024-10-21,SKU0024,Home & Kitchen,2388.4046825396827,2285.255747946009,21.234198771063472,-4.318737747741796,126,135.9979449304107,7.934876928897383,300938.99,1800,310790.08536106587,3.273452655990461,74138.99000000002,65993.78448632656,-10.986399347594912,-1.7296,0.0001,True
2024-10-28,SKU0024,Home & Kitchen,2370.2206164383565,2396.2416375568164,24.882366962154045,1.0978311865990298,146,143.2687168176045,-1.8707419057503283,346052.21,1800,343306.46459768043,-0.7934483072134069,83252.21000000005,85422.77432599232,2.607215263105034,-1.7296,0.0001,True
2024-11-04,SKU0024,Home & Kitchen,2130.9225899280573,,,,139,,,296198.24,1800,,,45998.23999999996,,,-1.7296,0.0001,True
2024-11-11,SKU0024,Home & Kitchen,2528.680483870968,2294.0052657235733,21.534617775506916,-9.280540568263017,124,146.75164576003613,18.348101419383966,313556.38000000006,1800,336649.0481271234,7.36475785538897,90356.38000000005,72496.08575905835,-19.766500429678224,-1.7296,0.0001,True
2024-11-18,SKU0024,Home & Kitchen,2449.703140495868,2410.270021255602,25.31957066526882,-1.609710115009444,121,124.44434775518111,2.846568392711668,296414.08,1800,299944.4807090199,1.1910367783540599,78614.08000000002,75944.6547496939,-3.3956070595828503,-1.7296,0.0001,True
2024-11-25,SKU0024,Home & Kitchen,2443.9421505376345,2245.43764516007,19.837453341008555,-8.122307859615086,93,107.67497960550631,15.779547962910012,227286.62,1800,241777.45264804666,6.3755766388917445,59886.62,47962.48935813531,-19.91117655640724,-1.7296,0.0001,True
2024-12-02,SKU0024,Home & Kitchen,2520.25,2473.9385900758707,27.241524619057028,-1.8375720632528236,85,87.77085911135603,3.2598342486541476,214221.25,1800,217139.71543969604,1.362360381939709,61221.25,59152.169039255175,-3.3796777438304892,-1.7296,0.0001,True
2024-12-09,SKU0024,Home & Kitchen,2332.904060150376,2315.505476350803,22.263194003031714,-0.7457907976915146,133,134.73321888687542,1.3031720953950554,310276.24000000005,1800,311975.50617893145,0.5476623601379904,70876.24000000003,69455.7121825557,-2.0042369875212573,-1.7296,0.0001,True
2024-12-16,SKU0024,Home & Kitchen,2409.1235294117646,2291.005482059986,21.431877221807976,-4.902946897896065,136,148.35464988343452,9.084301384878323,327640.8,1800,339881.3161720384,3.735956014036823,82840.79999999999,72842.94638185624,-12.068755514364604,-1.7296,0.0001,True
2024-12-23,SKU0024,Home & Kitchen,2233.517424242425,2273.121123400048,20.813722530208658,1.7731538034029937,132,128.04761436451787,-2.994231542031922,294824.3000000001,1800,291067.737012969,-1.2741700690991675,57224.300000000105,60582.03115683681,5.867666632596125,-1.7296,0.0001,True
2024-12-30,SKU0024,Home & Kitchen,2405.7806896551724,2421.635659349016,25.67007373504419,0.6590363686107992,29,28.67238698039842,-1.1297000675916546,69767.64,1800,69434.07475038727,-0.47810883328249787,17567.64,17823.77818567011,1.4580113530907601,-1.7296,0.0001,True
2024-07-01,SKU0025,Home & Kitchen,1864.3228571428567,1740.8536026458903,19.579682181651194,-6.622739941416988,168,182.60052581456745,8.690789175337766,313206.23999999993,1400,317880.78320932365,1.4924808679813495,78006.23999999993,62240.047068929205,-20.211450944271558,-1.2162,0.3465,False
2024-07-08,SKU0025,Home & Kitchen,1972.768083832336,1828.8992365106913,23.45122289672868,-7.29274000835225,167,183.1102830221449,9.646876061164612,329452.27000000014,1400,334890.2568164574,1.650614462743638,95652.27000000012,78535.86058545453,-17.894410048549357,-1.2162,0.3465,False
2024-07-15,SKU0025,Home & Kitchen,2017.453188405797,,,,138,,,278408.54,1400,,,85208.53999999998,,,-0.5381,0.3465,False
2024-07-22,SKU0025,Home & Kitchen,2036.4882550335567,1715.385034447587,18.385670162334826,-15.767496806932414,149,163.4126369003138,9.672910671351541,303436.74999999994,1400,280315.59177841584,-7.619762016823639,94836.74999999994,51537.9001179765,-45.65619328163763,-0.5381,0.3465,False
2024-07-29,SKU0025,Home & Kitchen,1887.925460526316,,,,152,,,286964.67000000004,1400,,,74164.67000000004,,,-0.5381,0.3465,False
2024-08-05,SKU0025,Home & Kitchen,1883.8190173410403,1750.4213885927275,20.019258841121278,-7.081233787341212,173,189.16409457956811,9.343407271426663,325900.68999999994,1400,331116.87710585364,1.6005449714922904,83700.68999999997,66287.14469445829,-20.80454211971454,-1.2162,0.3465,False
2024-08-12,SKU0025,Home & Kitchen,1695.103654822335,1738.062068683103,19.45051760661495,2.5342647181815225,197,191.0941192903328,-2.997908989678777,333935.42000000004,1400,332133.44028693147,-0.5396192213058981,58135.42000000001,64601.67328046557,11.122742865649805,-1.2162,0.3465,False
2024-08-19,SKU0025,Home & Kitchen,2243.764827586207,,,,116,,,260276.72000000003,1400,,,97876.72000000002,,,-0.5381,0.3465,False
2024-08-26,SKU0025,Home & Kitchen,2247.850101010101,,,,99,,,222537.15999999997,1400,,,83937.15999999999,,,-0.5381,0.3465,False
2024-09-02,SKU0025,Home & Kitchen,1916.880683760684,,,,117,,,224275.04,1400,,,60475.04000000002,,,-0.5381,0.3465,False
2024-09-09,SKU0025,Home & Kitchen,2183.378679245284,,,,106,,,231438.14000000007,1400,,,83038.14000000009,,,-0.5381,0.3465,False
2024-09-16,SKU0025,Home & Kitchen,2028.0198113207548,,,,159,,,322455.15,1400,,,99855.15000000001,,,-1.2162,0.3465,False
2024-09-23,SKU0025,Home & Kitchen,1959.9196774193551,1793.2584230412754,21.929824390526438,-8.503473703449128,155,172.69168064314601,11.413987511707102,303787.55000000005,1400,309680.81090247555,1.9399283816849966,86787.55000000005,67912.45800207114,-21.748617166781294,-1.2162,0.3465,False
2024-09-30,SKU0025,Home & Kitchen,2130.9629310344826,,,,116,,,247191.69999999998,1400,,,84791.69999999998,,,-0.5381,0.3465,False
2024-10-07,SKU0025,Home & Kitchen,2082.7257017543857,,,,114,,,237430.72999999998,1400,,,77830.72999999997,,,-0.5381,0.3465,False
2024-10-14,SKU0025,Home & Kitchen,1929.0293277310925,,,,119,,,229554.49000000002,1400,,,62954.490000000005,,,-0.5381,0.3465,False
2024-10-21,SKU0025,Home & Kitchen,2204.5571074380164,,,,121,,,266751.41,1400,,,97351.40999999997,,,-0.5381,0.3465,False
2024-10-28,SKU0025,Home & Kitchen,2166.344,,,,95,,,205802.68,1400,,,72802.68000000001,,,-0.5381,0.3465,False
2024-11-04,SKU0025,Home & Kitchen,2003.6263,,,,100,,,200362.63,1400,,,60362.62999999999,,,-0.5381,0.3465,False
2024-11-11,SKU0025,Home & Kitchen,2136.8580373831774,,,,107,,,228643.80999999997,1400,,,78843.80999999998,,,-0.5381,0.3465,False
2024-11-18,SKU0025,Home & Kitchen,2043.392595419848,,,,131,,,267684.4300000001,1400,,,84284.4300000001,,,-0.5381,0.3465,False
2024-11-25,SKU0025,Home & Kitchen,2138.970168067227,,,,119,,,254537.45,1400,,,87937.45000000001,,,-0.5381,0.3465,False
2024-12-02,SKU0025,Home & Kitchen,2214.941927710843,,,,83,,,183840.18,1400,,,67640.17999999998,,,-0.5381,0.3465,False
2024-12-09,SKU0025,Home & Kitchen,1873.581037735849,1712.0031728564115,18.224450620371588,-8.62401260607857,106,111.27103339794306,4.972673016927409,198599.59,1400,190496.36222429023,-4.080183536990067,50199.58999999998,34716.91546716997,-30.842233039811706,-0.5381,0.3465,False
2024-12-16,SKU0025,Home & Kitchen,1939.9453900709216,,,,141,,,273532.29999999993,1400,,,76132.29999999994,,,-0.5381,0.3465,False
2024-12-23,SKU0025,Home & Kitchen,2156.081833333333,1741.0283048039878,19.587751897140016,-19.250360636250374,120,134.63218488337512,12.193487402812607,258729.81999999998,1400,234398.44461955965,-9.404163532614962,90729.81999999998,45913.385782834484,-49.39548454649806,-0.5381,0.3465,False
2024-12-30,SKU0025,Home & Kitchen,2000.7028571428568,,,,42,,,84029.51999999999,1400,,,25229.519999999986,,,-0.5381,0.3465,False
2024-07-01,SKU0026,Beauty & Personal Care,1057.8051862464183,1276.4992774095967,29.494672192343714,20.67432585949083,349,341.9816932412677,-2.010976148633903,369174.01,900,436539.3843097886,18.247593948931716,55074.009999999995,128755.86039264766,133.7869720992673,-0.1081,0.0175,True
2024-07-08,SKU0026,Beauty & Personal Care,1158.2476875,1248.7062625720891,27.925403517543256,7.809950846294189,320,317.4092338866626,-0.8096144104179359,370639.26,900,396350.89815248456,6.937105948378086,82639.26,110682.58765448822,33.93463065193012,-0.1081,0.0175,True
2024-07-15,SKU0026,Beauty & Personal Care,1098.46761732852,1134.0459442596507,20.63813599831222,3.2389053960149905,277,268.6982684747014,-2.997014991082514,304275.53,900,304716.1815933259,0.14481992466692795,54975.53000000003,62887.739966094625,14.392239540200148,-0.9546,0.0175,True
2024-07-22,SKU0026,Beauty & Personal Care,1078.294494680851,1113.2553199574193,19.156011755288628,3.2422334945627185,376,364.72,-2.9999999999999916,405438.7299999999,900,406026.48029487,0.1449664897258396,67038.72999999994,77778.48029486997,16.020217409950988,-0.9546,0.0175,True
2024-07-29,SKU0026,Beauty & Personal Care,1222.8123999999998,1226.8052423763127,26.6387223568831,0.3265294313594458,250,249.2232163014066,-0.3107134794373523,305703.1,900,305748.3482804513,0.014801380964524213,80703.09999999995,81447.45360918538,0.9223358324344844,-0.9546,0.0175,True
2024-08-05,SKU0026,Beauty & Personal Care,1125.4799712643678,1187.1411018321503,24.187613535492694,5.478651965570935,348,345.99924716446344,-0.5749289757288945,391667.02999999997,900,410749.9275119156,4.872224632212641,78467.03,99350.60506389853,26.61445840870813,-0.1081,0.0175,True
2024-08-12,SKU0026,Beauty & Personal Care,1079.0165206185568,1289.689538454107,30.215763316279226,19.52454052462327,388,380.5910883478029,-1.9095133124219288,418658.41000000003,900,490844.34507102414,17.24220351169443,69458.41000000003,148312.36555800153,113.52686529680346,-0.1081,0.0175,True
2024-08-19,SKU0026,Beauty & Personal Care,1214.4027272727271,1226.567789431107,26.62452024625333,1.001732117787646,220,217.91663678239135,-0.9469832807312062,267168.6,900,267289.52745843923,0.045262601383266876,69168.59999999998,71164.55435428701,2.885636479973619,-0.9546,0.0175,True
2024-08-26,SKU0026,Beauty & Personal Care,1049.0762828947368,,,,304,,,318919.19,900,,,45319.18999999998,,,-0.9546,0.0175,True
2024-09-02,SKU0026,Beauty & Personal Care,1022.6588349514564,,,,309,,,316001.58,900,,,37901.580000000016,,,-0.9546,0.0175,True
2024-09-09,SKU0026,Beauty & Personal Care,1111.612249134948,1141.9872134895638,21.19001076641873,2.7325143617528136,289,281.65759373016874,-2.5406250068620295,321255.93999999994,900,321649.37062209105,0.12246641169999517,61155.93999999994,68157.53626493918,11.448759131066,-0.9546,0.0175,True
2024-09-16,SKU0026,Beauty & Personal Care,1049.6297178683385,1225.4457832541095,26.557338374440743,16.750294164958525,319,313.70402793593746,-1.660179330427125,334831.88,900,384427.27822392393,14.812029913019021,47731.87999999998,102093.65308158023,113.88986371703828,-0.1081,0.0175,True
2024-09-23,SKU0026,Beauty & Personal Care,1085.9155663430422,1208.4117735345483,25.52207619034182,11.280454115233617,309,305.45032917533405,-1.148760784681535,335547.91000000003,900,369109.77400547697,10.00210789734226,57447.91000000004,94204.47774767634,63.98242816436015,-0.1081,0.0175,True
2024-09-30,SKU0026,Beauty & Personal Care,1238.3344495412844,1233.389179986081,27.03033117169419,-0.3993484601058528,218,218.83431160427202,0.3827117450789119,269956.91,900,269907.8721424116,-0.018165068487552283,73756.90999999999,72956.99169856678,-1.0845333697320103,-0.9546,0.0175,True
2024-10-07,SKU0026,Beauty & Personal Care,1040.6910843373494,,,,249,,,259132.08,900,,,35032.079999999994,,,-0.9546,0.0175,True
2024-10-14,SKU0026,Beauty & Personal Care,1203.957429906542,1168.0203125758765,22.946545508682277,-2.9849159478550047,214,220.2809859533628,2.935040165122804,257646.89,900,257292.66606776908,-0.13748426469689656,65046.89000000001,59039.77870974255,-9.235047656017759,-0.9546,0.0175,True
2024-10-21,SKU0026,Beauty & Personal Care,1167.9902734375,1205.8592452961254,25.364423458976336,3.2422334945627185,256,248.32000000000002,-2.9999999999999916,299005.51,900,299438.9677919339,0.1449664897258618,68605.51000000001,75950.96779193387,10.706804441704264,-0.9546,0.0175,True
2024-10-28,SKU0026,Beauty & Personal Care,1194.2490456431533,1195.4237122433985,24.712887089130096,0.09836027121232771,241,240.77393104989045,-0.09380454361391788,287814.01999999996,900,287826.86646709614,0.004463461194892382,70914.01999999995,71130.32852219472,0.3050292765729212,-0.9546,0.0175,True
2024-11-04,SKU0026,Beauty & Personal Care,1120.4039726027395,1156.7300854768769,22.194467724165452,3.2422334945627185,219,212.43,-2.9999999999999916,245368.46999999994,900,245724.17205785296,0.1449664897258396,48268.46999999995,54537.17205785296,12.9871571604673,-0.9546,0.0175,True
2024-11-11,SKU0026,Beauty & Personal Care,1228.951592920354,1158.5820473873414,22.318837752618077,-5.725981880685282,226,239.08581984035084,5.790185770066736,277743.06,900,277000.53865191474,-0.26734109867057043,74343.06,61823.30079559897,-16.840521770829763,-0.9546,0.0175,True
2024-11-18,SKU0026,Beauty & Personal Care,1194.335,1188.0280442613598,24.244212554800196,-0.5280725875604575,270,271.3681258283355,0.506713269753889,322470.45,900,322392.94380270806,-0.0240351316816656,79470.45000000001,78161.63055720608,-1.64692592377913,-0.9546,0.0175,True
2024-11-25,SKU0026,Beauty & Personal Care,1214.4831325301204,1222.4120582840285,26.375071817977418,0.6528642137161533,249,247.45800988970714,-0.6192731366638005,302406.3,900,302495.6552081464,0.029548064357909354,78306.29999999999,79783.44630740996,1.8863696885307757,-0.9546,0.0175,True
2024-12-02,SKU0026,Beauty & Personal Care,1037.7702631578948,,,,266,,,276046.89,900,,,36646.89000000001,,,-0.9546,0.0175,True
2024-12-09,SKU0026,Beauty & Personal Care,1134.831235059761,1126.6973181312073,20.120516351917665,-0.7167512381808239,251,252.72948430533302,0.6890375718458186,284842.64,900,284749.63217950176,-0.03265235166274305,58942.64,57293.09630470205,-2.7985575388173145,-0.9546,0.0175,True
2024-12-16,SKU0026,Beauty & Personal Care,1128.8602173913043,1165.4605014663587,22.77730572013051,3.2422334945627185,230,223.10000000000002,-2.9999999999999916,259637.85,900,260014.23787714465,0.1449664897258396,52637.85,59224.237877144624,12.512646084793788,-0.9546,0.0175,True
2024-12-23,SKU0026,Beauty & Personal Care,1103.1535222672064,1138.9203352626023,20.977791673858746,3.2422334945627185,247,239.59000000000003,-2.9999999999999916,272478.92,900,272873.9231255669,0.1449664897258618,50178.919999999984,57242.92312556689,14.07763085687559,-0.9546,0.0175,True
2024-12-30,SKU0026,Beauty & Personal Care,1136.1429347826088,1172.9793415602385,23.272305989390656,3.2422334945627185,92,89.24000000000001,-2.9999999999999916,104525.15000000001,900,104676.6764408357,0.1449664897258618,21725.15000000001,24360.676440835683,12.131223217495268,-0.9546,0.0175,True
2024-07-01,SKU0027,Beauty & Personal Care,547.534233983287,616.915769433513,18.951658431567033,12.671634236544161,359,348.23,-2.9999999999999916,196564.79000000004,500,214828.57838983223,9.291485209447824,17064.790000000026,40713.57838983223,138.58235811769245,-0.2553,0.0182,True
2024-07-08,SKU0027,Beauty & Personal Care,601.6751612903225,677.8490076523403,26.237260163336657,12.66029433534519,372,360.84927230271666,-2.9975074455062756,223823.15999999997,500,244601.32114246563,9.283293624513945,37823.15999999998,64176.68499110729,69.67562993442994,-0.2553,0.0182,True
2024-07-15,SKU0027,Beauty & Personal Care,546.3645983379502,,,,361,,,197237.62,500,,,16737.620000000006,,,-3.588,0.0182,True
2024-07-22,SKU0027,Beauty & Personal Care,634.0997674418604,639.5056731550728,21.81461072374948,0.8525323601712431,301,291.9700000000001,-2.9999999999999694,190864.03,500,186716.47139108667,-2.1730436106338735,40364.029999999984,40731.47139108663,0.9103188930506656,-3.588,0.0182,True
2024-07-29,SKU0027,Beauty & Personal Care,542.3810542168675,,,,332,,,180070.51,500,,,14070.510000000004,,,-3.588,0.0182,True
2024-08-05,SKU0027,Beauty & Personal Care,513.2430659025788,,,,349,,,179121.83,500,,,4621.829999999998,,,-0.2553,0.0182,True
2024-08-12,SKU0027,Beauty & Personal Care,576.1457104557641,649.1133514281378,22.971850925584583,12.664789418401146,373,361.81561171053966,-2.998495519962563,214902.35,500,234859.34431645018,9.286540755115148,28402.349999999995,53951.53846118034,89.95448778421627,-0.2553,0.0182,True
2024-08-19,SKU0027,Beauty & Personal Care,604.7351778656126,609.8907409502561,18.018102845607725,0.8525323601712431,253,245.41000000000005,-2.9999999999999805,152998.0,500,149673.2867366024,-2.1730436106338624,26497.999999999996,26968.286736602367,1.7748008778110558,-3.588,0.0182,True
2024-08-26,SKU0027,Beauty & Personal Care,567.1234322033898,,,,236,,,133841.13,500,,,15841.13,,,-3.588,0.0182,True
2024-09-02,SKU0027,Beauty & Personal Care,564.7859807073955,,,,311,,,175648.44,500,,,20148.440000000013,,,-3.588,0.0182,True
2024-09-09,SKU0027,Beauty & Personal Care,569.7482868525897,,,,251,,,143006.82,500,,,17506.820000000007,,,-3.588,0.0182,True
2024-09-16,SKU0027,Beauty & Personal Care,508.9106336088154,,,,363,,,184734.55999999997,500,,,3234.559999999981,,,-0.2553,0.0182,True
2024-09-23,SKU0027,Beauty & Personal Care,518.8192737430168,,,,358,,,185737.3,500,,,6737.300000000002,,,-0.2553,0.0182,True
2024-09-30,SKU0027,Beauty & Personal Care,581.8930769230769,,,,260,,,151292.2,500,,,21292.200000000004,,,-3.588,0.0182,True
2024-10-07,SKU0027,Beauty & Personal Care,605.9150627615063,611.0806847467001,18.177744366563356,0.8525323601712431,239,231.83000000000004,-2.9999999999999805,144813.7,500,141666.8351448275,-2.1730436106338846,25313.700000000008,25751.83514482748,1.7308222220673963,-3.588,0.0182,True
2024-10-14,SKU0027,Beauty & Personal Care,583.5656299212598,,,,254,,,148225.66999999998,500,,,21225.669999999976,,,-3.588,0.0182,True
2024-10-21,SKU0027,Beauty & Personal Care,567.4632862190812,,,,283,,,160592.10999999996,500,,,19092.10999999997,,,-3.588,0.0182,True
2024-10-28,SKU0027,Beauty & Personal Care,557.3281993569132,,,,311,,,173329.07,500,,,17829.069999999992,,,-3.588,0.0182,True
2024-11-04,SKU0027,Beauty & Personal Care,538.4255521472392,,,,326,,,175526.72999999995,500,,,12526.729999999967,,,-3.588,0.0182,True
2024-11-11,SKU0027,Beauty & Personal Care,540.1899373040752,,,,319,,,172320.59,500,,,12820.589999999993,,,-3.588,0.0182,True
2024-11-18,SKU0027,Beauty & Personal Care,632.2025570776256,637.5922884585424,21.579980020020102,0.8525323601712431,219,212.43000000000004,-2.9999999999999805,138452.36,500,135443.7298372482,-2.1730436106338624,28952.359999999997,29228.729837248164,0.9545675628797268,-3.588,0.0182,True
2024-11-25,SKU0027,Beauty & Personal Care,588.6111313868613,,,,274,,,161279.44999999998,500,,,24279.449999999997,,,-3.588,0.0182,True
2024-12-02,SKU0027,Beauty & Personal Care,622.320637254902,627.6261220715239,20.33473712825798,0.8525323601712431,204,197.88000000000005,-2.9999999999999694,126953.41,500,124194.65703551318,-2.1730436106338735,24953.41,25254.65703551316,1.2072379506975484,-3.588,0.0182,True
2024-12-09,SKU0027,Beauty & Personal Care,591.8904081632653,,,,294,,,174015.78,500,,,27015.78,,,-3.588,0.0182,True
2024-12-16,SKU0027,Beauty & Personal Care,577.9532781456953,,,,302,,,174541.88999999998,500,,,23541.88999999999,,,-3.588,0.0182,True
2024-12-23,SKU0027,Beauty & Personal Care,543.6350500000001,,,,400,,,217454.02000000005,500,,,17454.020000000037,,,-3.588,0.0182,True
2024-12-30,SKU0027,Beauty & Personal Care,610.9785365853659,616.1873263234568,18.855844864044847,0.8525323601712431,82,79.54000000000002,-2.9999999999999805,50100.240000000005,500,49011.53993576777,-2.1730436106338735,9100.240000000002,9241.539935767754,1.5527055964211112,-3.588,0.0182,True
2024-07-01,SKU0028,Beauty & Personal Care,615.7898969072164,,,,485,,,298658.1,650,,,-16591.900000000038,,,0.0316,0.0513,False
2024-07-08,SKU0028,Beauty & Personal Care,638.034036939314,,,,379,,,241814.9,650,,,-4535.100000000002,,,0.0316,0.0513,False
2024-07-15,SKU0028,Beauty & Personal Care,659.2072062663185,,,,383,,,252476.36,650,,,3526.3599999999888,,,-1.3107,0.0513,False
2024-07-22,SKU0028,Beauty & Personal Care,657.2926785714286,,,,392,,,257658.73,650,,,2858.730000000015,,,-1.3107,0.0513,False
2024-07-29,SKU0028,Beauty & Personal Care,670.8455462184875,,,,357,,,239491.86000000002,650,,,7441.860000000027,,,-1.3107,0.0513,False
2024-08-05,SKU0028,Beauty & Personal Care,646.712043478261,,,,460,,,297487.54000000004,650,,,-1512.4599999999555,,,0.0316,0.0513,False
2024-08-12,SKU0028,Beauty & Personal Care,592.5198398169337,,,,437,,,258931.17,650,,,-25118.829999999994,,,0.0316,0.0513,False
2024-08-19,SKU0028,Beauty & Personal Care,608.2240506329114,,,,395,,,240248.5,650,,,-16501.500000000007,,,-1.3107,0.0513,False
2024-08-26,SKU0028,Beauty & Personal Care,602.6339634146342,,,,328,,,197663.94,650,,,-15536.059999999983,,,-1.3107,0.0513,False
2024-09-02,SKU0028,Beauty & Personal Care,630.0118691588785,,,,321,,,202233.81,650,,,-6416.189999999989,,,-1.3107,0.0513,False
2024-09-09,SKU0028,Beauty & Personal Care,607.0270277777777,,,,360,,,218529.72999999995,650,,,-15470.270000000037,,,-1.3107,0.0513,False
2024-09-16,SKU0028,Beauty & Personal Care,561.6410361445783,,,,415,,,233081.02999999997,650,,,-36668.97000000002,,,0.0316,0.0513,False
2024-09-23,SKU0028,Beauty & Personal Care,638.5955949367088,,,,395,,,252245.25999999998,650,,,-4504.74000000001,,,0.0316,0.0513,False
2024-09-30,SKU0028,Beauty & Personal Care,666.8770512820513,,,,312,,,208065.64,650,,,5265.640000000005,,,-1.3107,0.0513,False
2024-10-07,SKU0028,Beauty & Personal Care,640.2212820512821,,,,312,,,199749.04,650,,,-3050.9599999999973,,,-1.3107,0.0513,False
2024-10-14,SKU0028,Beauty & Personal Care,648.3743396226415,,,,318,,,206183.04,650,,,-516.9599999999984,,,-1.3107,0.0513,False
2024-10-21,SKU0028,Beauty & Personal Care,685.9923566878981,,,,314,,,215401.6,650,,,11301.600000000006,,,-1.3107,0.0513,False
2024-10-28,SKU0028,Beauty & Personal Care,607.7901285347043,,,,389,,,236430.36,650,,,-16419.640000000025,,,-1.3107,0.0513,False
2024-11-04,SKU0028,Beauty & Personal Care,655.7637662337662,,,,231,,,151481.43,650,,,1331.4299999999935,,,-1.3107,0.0513,False
2024-11-11,SKU0028,Beauty & Personal Care,586.6230154639175,,,,388,,,227609.72999999998,650,,,-24590.270000000026,,,-1.3107,0.0513,False
2024-11-18,SKU0028,Beauty & Personal Care,606.6238323353293,,,,334,,,202612.36,650,,,-14487.640000000005,,,-1.3107,0.0513,False
2024-11-25,SKU0028,Beauty & Personal Care,674.0340689655172,,,,290,,,195469.88,650,,,6969.879999999998,,,-1.3107,0.0513,False
2024-12-02,SKU0028,Beauty & Personal Care,596.0381388012618,,,,317,,,188944.08999999997,650,,,-17105.91000000002,,,-1.3107,0.0513,False
2024-12-09,SKU0028,Beauty & Personal Care,654.5672695035461,,,,282,,,184587.97,650,,,1287.9699999999923,,,-1.3107,0.0513,False
2024-12-16,SKU0028,Beauty & Personal Care,635.6736125654451,,,,382,,,242827.32,650,,,-5472.679999999984,,,-1.3107,0.0513,False
2024-12-23,SKU0028,Beauty & Personal Care,640.362475,,,,400,,,256144.99000000002,650,,,-3855.009999999993,,,-1.3107,0.0513,False
2024-12-30,SKU0028,Beauty & Personal Care,643.4200884955752,,,,113,,,72706.47,650,,,-743.5300000000008,,,-1.3107,0.0513,False
2024-07-01,SKU0029,Beauty & Personal Care,2028.8534293948128,,,,347,,,704012.14,1800,,,79412.14000000004,,,-2.1207,0.552,False
2024-07-08,SKU0029,Beauty & Personal Care,2159.392346041056,,,,341,,,736352.7900000002,1800,,,122552.79000000011,,,-2.1207,0.552,False
2024-07-15,SKU0029,Beauty & Personal Care,2014.844579124579,,,,297,,,598408.84,1800,,,63808.83999999997,,,0.5161,0.552,False
2024-07-22,SKU0029,Beauty & Personal Care,2276.1378368794326,,,,282,,,641870.87,1800,,,134270.87,,,0.5161,0.552,False
2024-07-29,SKU0029,Beauty & Personal Care,2055.652777777778,,,,306,,,629029.75,1800,,,78229.75000000001,,,0.5161,0.552,False
2024-08-05,SKU0029,Beauty & Personal Care,2114.504730878187,,,,353,,,746420.1699999999,1800,,,111020.16999999995,,,-2.1207,0.552,False
2024-08-12,SKU0029,Beauty & Personal Care,1954.2902450980391,,,,408,,,797350.4199999999,1800,,,62950.41999999996,,,-2.1207,0.552,False
2024-08-19,SKU0029,Beauty & Personal Care,2327.35811965812,,,,234,,,544601.8,1800,,,123401.80000000006,,,0.5161,0.552,False
2024-08-26,SKU0029,Beauty & Personal Care,2169.8926907630525,,,,249,,,540303.28,1800,,,92103.28000000009,,,0.5161,0.552,False
2024-09-02,SKU0029,Beauty & Personal Care,2146.976052631579,,,,228,,,489510.54000000004,1800,,,79110.54000000002,,,0.5161,0.552,False
2024-09-09,SKU0029,Beauty & Personal Care,2368.656485355649,,,,239,,,566108.9,1800,,,135908.90000000005,,,0.5161,0.552,False
2024-09-16,SKU0029,Beauty & Personal Care,1976.811415929204,,,,339,,,670139.0700000002,1800,,,59939.07000000017,,,-2.1207,0.552,False
2024-09-23,SKU0029,Beauty & Personal Care,1976.352342857143,,,,350,,,691723.3200000001,1800,,,61723.320000000036,,,-2.1207,0.552,False
2024-09-30,SKU0029,Beauty & Personal Care,2121.727641921397,,,,229,,,485875.62999999995,1800,,,73675.62999999996,,,0.5161,0.552,False
2024-10-07,SKU0029,Beauty & Personal Care,2032.8441772151896,,,,237,,,481784.06999999995,1800,,,55184.06999999993,,,0.5161,0.552,False
2024-10-14,SKU0029,Beauty & Personal Care,2215.611576923077,,,,260,,,576059.01,1800,,,108059.01,,,0.5161,0.552,False
2024-10-21,SKU0029,Beauty & Personal Care,2444.685916666667,,,,240,,,586724.62,1800,,,154724.62000000002,,,0.5161,0.552,False
2024-10-28,SKU0029,Beauty & Personal Care,2320.947701612903,,,,248,,,575595.0299999999,1800,,,129195.02999999997,,,0.5161,0.552,False
2024-11-04,SKU0029,Beauty & Personal Care,2394.2728679245283,2257.0565350765523,20.250114606059277,-5.731023171428317,265,257.05,-2.9999999999999916,634482.31,1800,580176.3823414278,-8.559092476285468,157482.31,117486.38234142779,-25.3970923201293,0.5161,0.552,False
2024-11-11,SKU0029,Beauty & Personal Care,2225.3872440944883,,,,254,,,565248.36,1800,,,108048.36000000003,,,0.5161,0.552,False
2024-11-18,SKU0029,Beauty & Personal Care,2103.6569014084503,,,,284,,,597438.5599999998,1800,,,86238.55999999988,,,0.5161,0.552,False
2024-11-25,SKU0029,Beauty & Personal Care,2427.602,,,,210,,,509796.42,1800,,,131796.41999999998,,,0.5161,0.552,False
2024-12-02,SKU0029,Beauty & Personal Care,2319.3888,,,,250,,,579847.2000000001,1800,,,129847.20000000004,,,0.5161,0.552,False
2024-12-09,SKU0029,Beauty & Personal Care,2294.88197080292,,,,274,,,628797.66,1800,,,135597.6600000001,,,0.5161,0.552,False
2024-12-16,SKU0029,Beauty & Personal Care,2042.1880882352943,,,,272,,,555475.16,1800,,,65875.16000000006,,,0.5161,0.552,False
2024-12-23,SKU0029,Beauty & Personal Care,2439.125750915752,,,,273,,,665881.3300000003,1800,,,174481.33000000034,,,0.5161,0.552,False
2024-12-30,SKU0029,Beauty & Personal Care,2029.695,,,,112,,,227325.84,1800,,,25725.839999999993,,,0.5161,0.552,False
2024-07-01,SKU0030,Beauty & Personal Care,2646.7671549295774,,,,355,,,939602.34,2200,,,158602.33999999997,,,-2.3767,0.0628,False
2024-07-08,SKU0030,Beauty & Personal Care,2496.434205607477,,,,428,,,1068473.84,2200,,,126873.84000000016,,,-2.3767,0.0628,False
2024-07-15,SKU0030,Beauty & Personal Care,2552.7605900621115,,,,322,,,821988.9099999999,2200,,,113588.90999999992,,,-0.8676,0.0628,False
2024-07-22,SKU0030,Beauty & Personal Care,2817.2264363636364,2917.6534806388804,24.59694015760005,3.5647487535602984,275,266.76865605462655,-2.9932159801357994,774737.27,2200,778338.4978631375,0.46483214408123974,169737.27,191447.45454295908,12.790464076015295,-0.8676,0.0628,False
2024-07-29,SKU0030,Beauty & Personal Care,2962.4905597014927,2800.9823032038935,21.456126392389628,-5.451772866201909,268,281.3571220454752,4.984000763237018,793947.4700000001,2200,788076.3197297541,-0.7394885042263488,204347.47000000003,169090.65122970863,-17.25336690994579,-0.8676,0.0628,False
2024-08-05,SKU0030,Beauty & Personal Care,2514.7062020905923,,,,287,,,721720.68,2200,,,90320.68000000001,,,-2.3767,0.0628,False
2024-08-12,SKU0030,Beauty & Personal Care,2399.8308615384617,,,,325,,,779945.03,2200,,,64945.03000000006,,,-2.3767,0.0628,False
2024-08-19,SKU0030,Beauty & Personal Care,2959.0989805825243,2867.9532157988056,23.290241002510978,-3.080186414236674,206,211.66822820765873,2.751567091096474,609574.39,2200,607054.5757705903,-0.41337271885875104,156374.39,141384.47371374108,-9.5859151145267,-0.8676,0.0628,False
2024-08-26,SKU0030,Beauty & Personal Care,2900.1324354243543,2932.4613977516656,24.97769956369239,1.1147408970852979,271,268.4060209528968,-0.9571878402594769,785935.89,2200,787090.2953684947,0.14688289250852637,189735.89,196597.04927212166,3.616163116067095,-0.8676,0.0628,False
2024-09-02,SKU0030,Beauty & Personal Care,2934.936336633664,2877.262600076964,23.53843545802347,-1.9650762381732134,303,308.26245515751907,1.7367838803693303,889285.7100000001,2200,886952.0332326319,-0.2624214851454476,222685.71000000014,208774.63188608995,-6.246955906560048,-0.8676,0.0628,False
2024-09-09,SKU0030,Beauty & Personal Care,2915.502974137931,2832.2563656093525,22.32341582091649,-2.8553086471535094,232,237.9047960767033,2.5451707227169384,676396.69,2200,673807.3730972378,-0.3828104041671443,165996.68999999994,150416.82172849058,-9.385649961760901,-0.8676,0.0628,False
2024-09-16,SKU0030,Beauty & Personal Care,2841.629849056604,2878.281843942922,23.565511673928093,1.2898229830491825,265,257.05,-2.9999999999999916,753031.9100000001,2200,739862.3479855282,-1.7488717064422898,170031.9100000001,174352.34798552812,2.5409571565290445,-2.3767,0.0628,False
2024-09-23,SKU0030,Beauty & Personal Care,2853.7423846153847,2890.3427781570567,23.884460465178243,1.2825402089195581,260,252.2431025733609,-2.9834220871688855,741973.02,2200,729069.0298628433,-1.739145466119063,169973.02000000002,174134.20420144938,2.4481439474625777,-2.3767,0.0628,False
2024-09-30,SKU0030,Beauty & Personal Care,2651.779834710744,2746.466840652961,19.897084958908177,3.570696356567815,242,234.74472115614378,-2.9980491090314976,641730.7200000001,2200,644718.5926736745,0.46559601723201727,109330.72000000007,128280.20613015816,17.332261353586674,-0.8676,0.0628,False
2024-10-07,SKU0030,Beauty & Personal Care,2733.801576923077,2789.1020867632533,21.12156774608795,2.0228428539578847,260,255.52151018683765,-1.722496081985525,710788.41,2200,712675.5772750068,0.26550338306821075,138788.41,150528.25486396393,8.458807809646295,-0.8676,0.0628,False
2024-10-14,SKU0030,Beauty & Personal Care,2662.6684251968504,2757.7332021307852,20.224335033564817,3.570282203910047,254,246.38581005202502,-2.9977125779429015,676317.78,2200,679466.3289143584,0.4655428272724693,117517.78000000001,137417.54679990333,16.933409395500256,-0.8676,0.0628,False
2024-10-21,SKU0030,Beauty & Personal Care,2834.950299145299,2797.0344878528094,21.34526729812091,-1.3374418346565276,234,236.74960309733132,1.1750440586886013,663378.37,2200,662196.8048487001,-0.17811330678447757,148578.37,141347.67803457112,-4.866584527363493,-0.8676,0.0628,False
2024-10-28,SKU0030,Beauty & Personal Care,2549.7737451737453,,,,259,,,660391.4,2200,,,90591.40000000002,,,-0.8676,0.0628,False
2024-11-04,SKU0030,Beauty & Personal Care,2552.6741025641027,,,,273,,,696880.03,2200,,,96280.03000000003,,,-0.8676,0.0628,False
2024-11-11,SKU0030,Beauty & Personal Care,2675.0802641509435,2770.6634844510463,20.59663642494326,3.5730972853796006,265,257.05,-2.9999999999999916,708896.27,2200,712199.0486781414,0.465904366818215,125896.27000000005,146689.04867814147,16.51580199964733,-0.8676,0.0628,False
2024-11-18,SKU0030,Beauty & Personal Care,2538.4204214559386,,,,261,,,662527.73,2200,,,88327.72999999997,,,-0.8676,0.0628,False
2024-11-25,SKU0030,Beauty & Personal Care,2649.462964169381,2744.0695881298143,19.827106079354863,3.5707849190521834,307,297.7957683071845,-2.9981210725783303,813385.13,2200,817172.3112854974,0.46560739135930174,137985.12999999995,162021.62100969147,17.419624136087375,-0.8676,0.0628,False
2024-12-02,SKU0030,Beauty & Personal Care,2895.0132217573223,2886.3302848985245,23.77864683364378,-0.2999273645295175,239,239.62366541476075,0.2609478722848335,691908.16,2200,691633.0424650151,-0.03976214632083197,166108.16000000003,164460.97855254146,-0.9916318665251445,-0.8676,0.0628,False
2024-12-09,SKU0030,Beauty & Personal Care,2756.281841004184,2854.5944609874864,22.931259411224506,3.5668565718041556,239,231.84211995205692,-2.994928890352755,658751.36,2200,661815.2314387381,0.46510286350498475,132951.36000000002,151762.56754421286,14.14893954015426,-0.8676,0.0628,False
2024-12-16,SKU0030,Beauty & Personal Care,2607.6979016393443,2700.855519953795,18.544328500858253,3.572408378128711,305,295.85170729121836,-2.999440232387418,795347.86,2200,799052.7167252415,0.4658158915825217,124347.86000000002,148178.96068456114,19.1648659531102,-0.8676,0.0628,False
2024-12-23,SKU0030,Beauty & Personal Care,2622.9592565055764,2716.6463553960616,19.01779944120623,3.5718091563228915,269,260.9328155355448,-2.9989533325112228,705576.04,2200,708862.1823278706,0.4657389340871898,113776.04000000005,134809.98814967208,18.487150853265778,-0.8676,0.0628,False
2024-12-30,SKU0030,Beauty & Personal Care,2720.0301162790693,2807.5406919122233,21.63960414402492,3.217264952671406,86,83.66945016352471,-2.709941670320104,233922.58999999997,2200,234905.38600401746,0.4201372787542734,44722.58999999995,50832.59564426309,13.662012070998442,-0.8676,0.0628,False
2024-07-01,SKU0031,Beauty & Personal Care,383.2353862660945,,,,466,,,178587.69000000003,450,,,-31112.309999999958,,,-4.7796,0.0039,True
2024-07-08,SKU0031,Beauty & Personal Care,410.480487804878,,,,492,,,201956.4,450,,,-19443.60000000002,,,-4.7796,0.0039,True
2024-07-15,SKU0031,Beauty & Personal Care,481.8312328767123,,,,292,,,140694.72,450,,,9294.719999999994,,,-1.4125,0.0039,True
2024-07-22,SKU0031,Beauty & Personal Care,409.4179506172839,,,,405,,,165814.27,450,,,-16435.730000000018,,,-1.4125,0.0039,True
2024-07-29,SKU0031,Beauty & Personal Care,479.02051851851854,,,,270,,,129335.54000000001,450,,,7835.540000000006,,,-1.4125,0.0039,True
2024-08-05,SKU0031,Beauty & Personal Care,450.0086163522012,,,,318,,,143102.74,450,,,2.739999999986594,,,-4.7796,0.0039,True
2024-08-12,SKU0031,Beauty & Personal Care,368.5032911392405,,,,553,,,203782.32,450,,,-45067.68,,,-4.7796,0.0039,True
2024-08-19,SKU0031,Beauty & Personal Care,445.0682997118156,,,,347,,,154438.7,450,,,-1711.2999999999874,,,-1.4125,0.0039,True
2024-08-26,SKU0031,Beauty & Personal Care,423.2451219512195,,,,369,,,156177.45,450,,,-9872.55,,,-1.4125,0.0039,True
2024-09-02,SKU0031,Beauty & Personal Care,439.55328621908126,,,,283,,,124393.58,450,,,-2956.420000000004,,,-1.4125,0.0039,True
2024-09-09,SKU0031,Beauty & Personal Care,405.3530769230769,,,,351,,,142278.93,450,,,-15671.070000000003,,,-1.4125,0.0039,True
2024-09-16,SKU0031,Beauty & Personal Care,425.8383734939759,,,,332,,,141378.34,450,,,-8021.6600000000035,,,-4.7796,0.0039,True
2024-09-23,SKU0031,Beauty & Personal Care,432.0220430107527,,,,372,,,160712.2,450,,,-6687.7999999999865,,,-4.7796,0.0039,True
2024-09-30,SKU0031,Beauty & Personal Care,471.1448846153846,,,,260,,,122497.67,450,,,5497.670000000003,,,-1.4125,0.0039,True
2024-10-07,SKU0031,Beauty & Personal Care,427.4938775510204,,,,294,,,125683.2,450,,,-6616.800000000009,,,-1.4125,0.0039,True
2024-10-14,SKU0031,Beauty & Personal Care,440.5929931972789,,,,294,,,129534.33999999998,450,,,-2765.6600000000117,,,-1.4125,0.0039,True
2024-10-21,SKU0031,Beauty & Personal Care,470.179889298893,,,,271,,,127418.75,450,,,5468.75,,,-1.4125,0.0039,True
2024-10-28,SKU0031,Beauty & Personal Care,412.2536858974359,,,,312,,,128623.15,450,,,-11776.849999999999,,,-1.4125,0.0039,True
2024-11-04,SKU0031,Beauty & Personal Care,453.7792483660131,,,,306,,,138856.45,450,,,1156.450000000015,,,-1.4125,0.0039,True
2024-11-11,SKU0031,Beauty & Personal Care,465.11761904761903,,,,273,,,126977.11,450,,,4127.109999999995,,,-1.4125,0.0039,True
2024-11-18,SKU0031,Beauty & Personal Care,448.5505387205387,,,,297,,,133219.51,450,,,-430.48999999999864,,,-1.4125,0.0039,True
2024-11-25,SKU0031,Beauty & Personal Care,408.4741776315789,,,,304,,,124176.15,450,,,-12623.850000000006,,,-1.4125,0.0039,True
2024-12-02,SKU0031,Beauty & Personal Care,405.0,,,,407,,,164835.0,450,,,-18315.0,,,-1.4125,0.0039,True
2024-12-09,SKU0031,Beauty & Personal Care,470.6785423728813,,,,295,,,138850.16999999998,450,,,6100.169999999978,,,-1.4125,0.0039,True
2024-12-16,SKU0031,Beauty & Personal Care,479.3028813559322,,,,295,,,141394.35,450,,,8644.349999999995,,,-1.4125,0.0039,True
2024-12-23,SKU0031,Beauty & Personal Care,432.5152733118971,,,,311,,,134512.25,450,,,-5437.7500000000055,,,-1.4125,0.0039,True
2024-12-30,SKU0031,Beauty & Personal Care,428.2563043478261,,,,92,,,39399.58,450,,,-2000.4200000000012,,,-1.4125,0.0039,True
2024-07-01,SKU0032,Sports & Fitness,3626.3182802547767,3677.862664148944,18.43088570861036,1.4213971281788806,157,152.29000000000002,-2.9999999999999916,569331.97,3000,560101.7051232428,-1.6212447856664647,98331.96999999994,103231.7051232427,4.982850565530983,-2.1581,0.8599,False
2024-07-08,SKU0032,Sports & Fitness,3417.072617801048,,,,191,,,652660.8700000002,3000,,,79660.8700000002,,,-2.1581,0.8599,False
2024-07-15,SKU0032,Sports & Fitness,3452.5293442622947,4185.223694725785,28.319243633725073,21.221958668682838,122,118.82537484669359,-2.602151765005256,421208.57999999996,3000,497310.7743430553,18.06757933161176,55208.57999999995,140834.64980297457,155.09558442360714,-0.137,0.8599,False
2024-07-22,SKU0032,Sports & Fitness,4011.5148,4291.802430325172,30.099298634939675,6.987077059398428,125,123.8487483435791,-0.9210013251367166,501439.35,3000,531534.3591337034,6.00172466195632,126439.34999999999,159988.11410296615,26.5334835262647,-0.137,0.8599,False
2024-07-29,SKU0032,Sports & Fitness,3868.067024793388,3984.849901435028,24.71485566069535,3.0191533883226374,121,120.50792473356317,-0.40667377391473414,468036.11,3000,480205.991996679,2.6002015093833153,105036.10999999996,118682.21779598949,12.991825188489493,-0.137,0.8599,False
2024-08-05,SKU0032,Sports & Fitness,3859.543278688525,3914.4027160126248,23.359955077490692,1.4213971281788806,122,118.34000000000002,-2.9999999999999805,470864.28,3000,463230.41741293407,-1.6212447856664647,104864.28000000003,108210.41741293402,3.1909220307754005,-2.1581,0.8599,False
2024-08-12,SKU0032,Sports & Fitness,3438.2681355932204,,,,118,,,405715.64,3000,,,51715.640000000014,,,-2.1581,0.8599,False
2024-08-19,SKU0032,Sports & Fitness,3639.9098039215687,4058.379164020059,26.078863537523024,11.496695869981144,102,100.49056270474385,-1.4798404855452474,371270.8,3000,407828.8058615837,9.846722624451942,65270.80000000001,106357.1177473521,62.94747076388227,-0.137,0.8599,False
2024-08-26,SKU0032,Sports & Fitness,3866.185,4093.139317596121,26.706623761785757,5.87023946335008,100,99.22154296337654,-0.77845703662347,386618.5,3000,406127.59865594923,5.04608513455751,86618.5,108462.96976581964,25.21917346273561,-0.137,0.8599,False
2024-09-02,SKU0032,Sports & Fitness,3974.825507246377,3970.9721932474304,24.451749999623566,-0.09694297251343631,69,69.00916907316358,0.013288511831266447,274262.96,3000,274033.49146864313,-0.08366734296052503,67262.96000000002,67005.98424915237,-0.3820464500040588,-0.137,0.8599,False
2024-09-09,SKU0032,Sports & Fitness,3410.5201769911505,4144.749312814424,27.619265398637605,21.52836217702807,113,110.0215112538327,-2.6358307488206223,385388.78,3000,456011.58316412754,18.325080238227876,46388.780000000006,125947.04940262942,171.50325876780852,-0.137,0.8599,False
2024-09-16,SKU0032,Sports & Fitness,3595.5154716981133,,,,106,,,381124.64,3000,,,63124.64000000001,,,-2.1581,0.8599,False
2024-09-23,SKU0032,Sports & Fitness,3558.1322727272727,,,,88,,,313115.64,3000,,,49115.64,,,-2.1581,0.8599,False
2024-09-30,SKU0032,Sports & Fitness,3510.392222222222,3946.274866170734,23.97893958889264,12.41692142516715,81,79.71151761031531,-1.5907189996107296,284341.76999999996,3000,314563.5584899132,10.62868409727955,41341.76999999997,75429.00565896725,82.45228895368366,-0.137,0.8599,False
2024-10-07,SKU0032,Sports & Fitness,3650.937906976744,3876.8996636088277,22.61858030116163,6.189142691259764,86,85.29537355397807,-0.8193330767696905,313980.66,3000,330681.60503880685,5.319099921252124,55980.66,74795.48437687267,33.60950795662765,-0.137,0.8599,False
2024-10-14,SKU0032,Sports & Fitness,3646.145972222223,3878.1388395470567,22.64330587116417,6.362687316751625,72,71.39410639652557,-0.841518893714488,262522.51000000007,3000,276876.25693112076,5.467625207118698,46522.51000000005,62693.93774154406,34.7604369186959,-0.137,0.8599,False
2024-10-21,SKU0032,Sports & Fitness,,,,,0,,,,3000,,,,,,-0.137,0.8599,False
2024-10-28,SKU0032,Sports & Fitness,3841.011475409836,3944.6673353917877,23.947959487386346,2.6986605128767938,61,60.77786781476699,-0.364151123332801,234301.69999999998,3000,239748.4698836712,2.3246821869714163,51301.69999999998,57414.86643937023,11.916108899647071,-0.137,0.8599,False
2024-11-04,SKU0032,Sports & Fitness,4077.3764285714287,3799.213093612837,21.036279722147157,-6.8221156381200405,56,56.54473423443331,0.9727397043451935,228333.08000000002,3000,214825.49467831705,-5.915737361263195,60333.08000000001,45191.29197501713,-25.096991608886665,-0.137,0.8599,False
2024-11-11,SKU0032,Sports & Fitness,3906.698235294117,4003.1651045299386,25.059298788220545,2.4692685082332577,68,67.77313643592967,-0.3336228883387138,265655.4799999999,3000,271307.0548048602,2.1274075749765364,61655.47999999994,67987.64549707118,10.270239558707917,-0.137,0.8599,False
2024-11-18,SKU0032,Sports & Fitness,3775.26649122807,4017.119447056248,25.319621695630563,6.406248575832452,57,56.51716367543699,-0.8470812711631748,215190.19,3000,227036.1972930589,5.504901172799248,44190.19,57484.70626674795,30.084768286237164,-0.137,0.8599,False
2024-11-25,SKU0032,Sports & Fitness,3534.868285714286,4086.3617152547413,26.585060035171608,15.60152698671249,70,68.62336825711151,-1.9666167755549857,247440.78,3000,280419.90481768793,13.328087964194069,37440.780000000006,74549.80004635343,99.11390747295708,-0.137,0.8599,False
2024-12-02,SKU0032,Sports & Fitness,3999.612258064516,4049.3059324026376,25.91322932668702,1.2424622971370036,62,61.89520415261114,-0.16902556030460314,247975.96,3000,250632.61736244068,1.0713366579730987,61975.95999999999,64947.004904607245,4.7938666938071695,-0.137,0.8599,False
2024-12-09,SKU0032,Sports & Fitness,4153.25,4036.529149750217,25.678723261898362,-2.8103497321322557,63,63.24651597954319,0.39129520562410924,261654.75,3000,255296.40537156898,-2.430051290271251,72654.75,65556.85743293942,-9.769344147575465,-0.137,0.8599,False
2024-12-16,SKU0032,Sports & Fitness,3423.3914285714286,4052.7188226789895,25.975619546759116,18.38315621331614,77,75.24021136198972,-2.2854397896237333,263601.14,3000,304927.4208090813,15.67758045700458,32601.140000000003,79206.78672311215,142.95710739904231,-0.137,0.8599,False
2024-12-23,SKU0032,Sports & Fitness,3887.5659523809527,4099.4620865629595,26.81966715015438,5.450611945302963,84,83.39145641429616,-0.7244566496474314,326555.54000000004,3000,341860.1139136746,4.686667974971281,74555.54000000002,91685.74467078615,22.97643430761298,-0.137,0.8599,False
2024-12-30,SKU0032,Sports & Fitness,3604.71,4037.7310416786763,25.700846117953468,12.012645724029847,28,27.568202155382057,-1.5421351593498,100931.88,3000,111312.98560605913,10.285259331401653,16931.88,28608.37913991295,68.96162233557615,-0.137,0.8599,False
2024-07-01,SKU0033,Sports & Fitness,971.00642228739,,,,341,,,331113.19,900,,,24213.19,,,-3.1783,0.6898,False
2024-07-08,SKU0033,Sports & Fitness,1096.144612244898,1106.690853369999,18.676476157781735,0.9621213302779763,245,237.65624373866999,-2.9974515352367392,268555.43000000005,900,263011.9911918572,-2.0641693255440186,48055.43000000004,49121.37182705421,2.2181506378242233,-3.1783,0.6898,False
2024-07-15,SKU0033,Sports & Fitness,1188.8571126760562,1123.1460633132167,19.86794688617334,-5.527245340268627,142,137.74,-2.9999999999999916,168817.71,900,154702.1387607625,-8.361427980060565,41017.70999999998,30736.13876076247,-25.0661756573868,0.5357,0.6898,False
2024-07-22,SKU0033,Sports & Fitness,1134.3449268292682,,,,205,,,232540.70999999996,900,,,48040.70999999997,,,0.5357,0.6898,False
2024-07-29,SKU0033,Sports & Fitness,1171.518787878788,,,,165,,,193300.60000000003,900,,,44800.600000000035,,,0.5357,0.6898,False
2024-08-05,SKU0033,Sports & Fitness,1095.1905925925926,1105.7286110997036,18.605705688948028,0.9622086400655538,270,261.9061609991137,-2.9977181484764137,295701.46,900,289597.13564000535,-2.0643538114403226,52701.45999999999,53881.59074080302,2.23927523222891,-3.1783,0.6898,False
2024-08-12,SKU0033,Sports & Fitness,1054.7089999999998,,,,210,,,221488.88999999996,900,,,32488.889999999963,,,-3.1783,0.6898,False
2024-08-19,SKU0033,Sports & Fitness,1184.4510429447853,,,,163,,,193065.52,900,,,46365.520000000004,,,0.5357,0.6898,False
2024-08-26,SKU0033,Sports & Fitness,1197.5442196531794,,,,173,,,207175.15000000005,900,,,51475.15000000004,,,0.5357,0.6898,False
2024-09-02,SKU0033,Sports & Fitness,1102.3377040816324,,,,196,,,216058.18999999994,900,,,39658.18999999995,,,0.5357,0.6898,False
2024-09-09,SKU0033,Sports & Fitness,1158.1224375,,,,160,,,185299.59,900,,,41299.58999999999,,,0.5357,0.6898,False
2024-09-16,SKU0033,Sports & Fitness,1124.291067961165,1135.0799011047457,20.71042759861646,0.9596121014414427,206,199.84103501983506,-2.989788825322781,231603.96,900,226835.54226698438,-2.058867099256678,46203.95999999999,46978.61074913284,1.676589515558513,-3.1783,0.6898,False
2024-09-23,SKU0033,Sports & Fitness,1093.0356331877729,1103.5550782745918,18.44539364476942,0.9624064181823266,229,222.1338424152835,-2.998322089395844,250305.15999999997,900,245136.92985403404,-2.0647717154396394,44205.15999999999,45216.47168027887,2.2877683968995477,-3.1783,0.6898,False
2024-09-30,SKU0033,Sports & Fitness,1165.3231875,,,,160,,,186451.71,900,,,42451.709999999985,,,0.5357,0.6898,False
2024-10-07,SKU0033,Sports & Fitness,1175.3323163841808,,,,177,,,208033.82,900,,,48733.82,,,0.5357,0.6898,False
2024-10-14,SKU0033,Sports & Fitness,1116.9962345679012,,,,162,,,180953.38999999998,900,,,35153.38999999999,,,0.5357,0.6898,False
2024-10-21,SKU0033,Sports & Fitness,1165.184431818182,,,,176,,,205072.46000000002,900,,,46672.460000000036,,,0.5357,0.6898,False
2024-10-28,SKU0033,Sports & Fitness,1239.4459722222225,,,,144,,,178480.22000000003,900,,,48880.220000000045,,,0.5357,0.6898,False
2024-11-04,SKU0033,Sports & Fitness,1099.3926506024095,,,,166,,,182499.17999999996,900,,,33099.17999999998,,,0.5357,0.6898,False
2024-11-11,SKU0033,Sports & Fitness,1141.5246590909092,,,,176,,,200908.34000000003,900,,,42508.34000000001,,,0.5357,0.6898,False
2024-11-18,SKU0033,Sports & Fitness,1114.8221014492751,,,,138,,,153845.44999999995,900,,,29645.449999999968,,,0.5357,0.6898,False
2024-11-25,SKU0033,Sports & Fitness,1153.7710884353742,,,,147,,,169604.35,900,,,37304.350000000006,,,0.5357,0.6898,False
2024-12-02,SKU0033,Sports & Fitness,1096.408551724138,,,,145,,,158979.24000000002,900,,,28479.24000000002,,,0.5357,0.6898,False
2024-12-09,SKU0033,Sports & Fitness,1171.5264743589744,,,,156,,,182758.13,900,,,42358.130000000005,,,0.5357,0.6898,False
2024-12-16,SKU0033,Sports & Fitness,1073.8170616113744,,,,211,,,226575.4,900,,,36675.39999999999,,,0.5357,0.6898,False
2024-12-23,SKU0033,Sports & Fitness,1230.986149068323,,,,161,,,198188.77,900,,,53288.76999999999,,,0.5357,0.6898,False
2024-12-30,SKU0033,Sports & Fitness,1059.160487804878,,,,82,,,86851.15999999999,900,,,13051.159999999989,,,0.5357,0.6898,False
2024-07-01,SKU0034,Sports & Fitness,1509.1232936507936,,,,504,,,760598.14,1800,,,-146601.86000000004,,,-4.0004,0.8506,False
2024-07-08,SKU0034,Sports & Fitness,1651.1254010695188,,,,374,,,617520.9,1800,,,-55679.099999999955,,,-4.0004,0.8506,False
2024-07-15,SKU0034,Sports & Fitness,1844.5056275303643,2275.5899951052024,20.899634649835747,23.371268763870525,247,239.59123091764877,-2.999501652773773,455592.89,1800,545211.4079911418,19.670745518250254,10992.88999999999,113947.192339374,936.5535572481314,-0.145,0.8506,False
2024-07-22,SKU0034,Sports & Fitness,1802.5246204620464,2223.847505102033,19.05919826470235,23.374043264495768,303,293.91055158548465,-2.9998179585859264,546164.9600000001,1800,653612.2468665425,19.673046558413866,764.9600000000635,124573.2540126701,16184.936991824377,-0.145,0.8506,False
2024-07-29,SKU0034,Sports & Fitness,1824.291474654378,2250.675618911078,20.02401479468302,23.372588765590805,217,210.49075485609757,-2.9996521400472043,395871.25,1800,473746.40996080736,19.671840266452122,5271.2500000000055,94863.05121983174,1699.6310404521062,-0.145,0.8506,False
2024-08-05,SKU0034,Sports & Fitness,1575.3367826086956,,,,345,,,543491.19,1800,,,-77508.81000000003,,,-4.0004,0.8506,False
2024-08-12,SKU0034,Sports & Fitness,1587.4666846361183,,,,371,,,588950.1399999999,1800,,,-78849.8600000001,,,-4.0004,0.8506,False
2024-08-19,SKU0034,Sports & Fitness,1665.1625301204815,,,,249,,,414625.4699999999,1800,,,-33574.53000000011,,,-0.145,0.8506,False
2024-08-26,SKU0034,Sports & Fitness,1871.910041841004,2309.366522457284,22.0565474342848,23.369524754835247,239,231.83166625167715,-2.9993028235660413,447386.49999999994,1800,535384.2888871133,19.66929911544344,17186.499999999938,118087.28963409452,587.0932978447906,-0.145,0.8506,False
2024-09-02,SKU0034,Sports & Fitness,1719.682701754386,,,,285,,,490109.57,1800,,,-22890.429999999986,,,-0.145,0.8506,False
2024-09-09,SKU0034,Sports & Fitness,1635.3498449612405,,,,258,,,421920.26000000007,1800,,,-42479.739999999954,,,-0.145,0.8506,False
2024-09-16,SKU0034,Sports & Fitness,1654.0322077922078,,,,308,,,509441.92,1800,,,-44958.07999999999,,,-4.0004,0.8506,False
2024-09-23,SKU0034,Sports & Fitness,1625.633862928349,,,,321,,,521828.47,1800,,,-55971.530000000006,,,-4.0004,0.8506,False
2024-09-30,SKU0034,Sports & Fitness,1652.65,,,,269,,,444562.85000000003,1800,,,-39637.14999999997,,,-0.145,0.8506,False
2024-10-07,SKU0034,Sports & Fitness,1749.214060150376,,,,266,,,465290.94000000006,1800,,,-13509.059999999958,,,-0.145,0.8506,False
2024-10-14,SKU0034,Sports & Fitness,1620.0,,,,266,,,430920.0,1800,,,-47880.0,,,-0.145,0.8506,False
2024-10-21,SKU0034,Sports & Fitness,1656.4175632911392,,,,316,,,523427.95,1800,,,-45372.05,,,-0.145,0.8506,False
2024-10-28,SKU0034,Sports & Fitness,1856.33171875,2290.1659057238485,21.403074096019374,23.370509838940844,256,248.32149726610422,-2.9994151304280403,475220.92,1800,568697.4266971297,19.670116100345435,14420.919999999984,121718.73161814213,744.0427630008508,-0.145,0.8506,False
2024-11-04,SKU0034,Sports & Fitness,1715.449778597786,,,,271,,,464886.89,1800,,,-22913.109999999993,,,-0.145,0.8506,False
2024-11-11,SKU0034,Sports & Fitness,1727.6614885496183,,,,262,,,452647.31,1800,,,-18952.690000000006,,,-0.145,0.8506,False
2024-11-18,SKU0034,Sports & Fitness,1620.0,,,,305,,,494100.0,1800,,,-54900.0,,,-0.145,0.8506,False
2024-11-25,SKU0034,Sports & Fitness,1620.0,,,,334,,,541080.0,1800,,,-60120.0,,,-0.145,0.8506,False
2024-12-02,SKU0034,Sports & Fitness,1705.7435223880595,,,,335,,,571424.08,1800,,,-31575.920000000053,,,-0.145,0.8506,False
2024-12-09,SKU0034,Sports & Fitness,1624.4852243589744,,,,312,,,506839.39,1800,,,-54760.609999999986,,,-0.145,0.8506,False
2024-12-16,SKU0034,Sports & Fitness,1652.6413694267517,,,,314,,,518929.39,1800,,,-46270.60999999997,,,-0.145,0.8506,False
2024-12-23,SKU0034,Sports & Fitness,1630.3788599348534,,,,307,,,500526.31,1800,,,-52073.69000000001,,,-0.145,0.8506,False
2024-12-30,SKU0034,Sports & Fitness,1620.0,,,,105,,,170100.0,1800,,,-18900.0,,,-0.145,0.8506,False
2024-07-01,SKU0035,Sports & Fitness,811.7458015267175,,,,262,,,212677.4,700,,,29277.399999999987,,,0.1354,0.8636,False
2024-07-08,SKU0035,Sports & Fitness,814.3401282051282,,,,234,,,190555.59,700,,,26755.58999999999,,,0.1354,0.8636,False
2024-07-15,SKU0035,Sports & Fitness,868.121512195122,,,,205,,,177964.91,700,,,34464.91000000002,,,0.272,0.8636,False
2024-07-22,SKU0035,Sports & Fitness,786.8028048780487,,,,246,,,193553.49,700,,,21353.489999999987,,,0.272,0.8636,False
2024-07-29,SKU0035,Sports & Fitness,878.2876190476189,,,,189,,,165996.36,700,,,33696.35999999998,,,0.272,0.8636,False
2024-08-05,SKU0035,Sports & Fitness,767.8065876777251,,,,211,,,162007.19,700,,,14307.190000000002,,,0.1354,0.8636,False
2024-08-12,SKU0035,Sports & Fitness,798.4232644628099,,,,242,,,193218.43,700,,,23818.43,,,0.1354,0.8636,False
2024-08-19,SKU0035,Sports & Fitness,902.2278735632184,,,,174,,,156987.65,700,,,35187.65,,,0.272,0.8636,False
2024-08-26,SKU0035,Sports & Fitness,780.2882843137255,,,,204,,,159178.81,700,,,16378.810000000005,,,0.272,0.8636,False
2024-09-02,SKU0035,Sports & Fitness,857.8329940119761,,,,167,,,143258.11000000002,700,,,26358.110000000008,,,0.272,0.8636,False
2024-09-09,SKU0035,Sports & Fitness,823.3926086956523,,,,207,,,170442.27000000002,700,,,25542.27000000002,,,0.272,0.8636,False
2024-09-16,SKU0035,Sports & Fitness,797.9216190476191,,,,210,,,167563.54,700,,,20563.54,,,0.1354,0.8636,False
2024-09-23,SKU0035,Sports & Fitness,816.2831818181819,,,,198,,,161624.07,700,,,23024.070000000018,,,0.1354,0.8636,False
2024-09-30,SKU0035,Sports & Fitness,927.39012987013,,,,154,,,142818.08000000002,700,,,35018.080000000016,,,0.272,0.8636,False
2024-10-07,SKU0035,Sports & Fitness,878.6362275449102,,,,167,,,146732.25,700,,,29832.25,,,0.272,0.8636,False
2024-10-14,SKU0035,Sports & Fitness,892.7582781456954,,,,151,,,134806.5,700,,,29106.500000000004,,,0.272,0.8636,False
2024-10-21,SKU0035,Sports & Fitness,912.364011299435,,,,177,,,161488.43,700,,,37588.42999999999,,,0.272,0.8636,False
2024-10-28,SKU0035,Sports & Fitness,851.4222842639595,,,,197,,,167730.19,700,,,29830.190000000013,,,0.272,0.8636,False
2024-11-04,SKU0035,Sports & Fitness,854.5110857142857,,,,175,,,149539.44,700,,,27039.440000000006,,,0.272,0.8636,False
2024-11-11,SKU0035,Sports & Fitness,779.1845077720208,,,,193,,,150382.61000000002,700,,,15282.610000000008,,,0.272,0.8636,False
2024-11-18,SKU0035,Sports & Fitness,855.4487765957447,,,,188,,,160824.37,700,,,29224.37,,,0.272,0.8636,False
2024-11-25,SKU0035,Sports & Fitness,861.1072677595629,,,,183,,,157582.63,700,,,29482.63000000001,,,0.272,0.8636,False
2024-12-02,SKU0035,Sports & Fitness,859.6184239130433,,,,184,,,158169.78999999998,700,,,29369.78999999997,,,0.272,0.8636,False
2024-12-09,SKU0035,Sports & Fitness,844.2990277777777,,,,144,,,121579.06,700,,,20779.05999999999,,,0.272,0.8636,False
2024-12-16,SKU0035,Sports & Fitness,867.1740641711231,,,,187,,,162161.55000000002,700,,,31261.550000000014,,,0.272,0.8636,False
2024-12-23,SKU0035,Sports & Fitness,869.5046794871794,,,,156,,,135642.72999999998,700,,,26442.72999999998,,,0.272,0.8636,False
2024-12-30,SKU0035,Sports & Fitness,810.9289361702129,,,,47,,,38113.66,700,,,5213.660000000004,,,0.272,0.8636,False
2024-07-01,SKU0036,Sports & Fitness,3444.9032195121954,3483.582470021305,25.364189813938903,1.1227964341647523,205,198.85000000000002,-2.9999999999999916,706205.16,2600,692710.3741637366,-1.9108874588601776,173205.16000000006,175700.37416373656,1.4406119100242254,-2.728,0.6503,False
2024-07-08,SKU0036,Sports & Fitness,3107.3265917602994,,,,267,,,829656.2,2600,,,135456.19999999992,,,-2.728,0.6503,False
2024-07-15,SKU0036,Sports & Fitness,3544.43035971223,,,,139,,,492675.81999999995,2600,,,131275.81999999995,,,0.8087,0.6503,False
2024-07-22,SKU0036,Sports & Fitness,3290.933957446809,,,,235,,,773369.4800000001,2600,,,162369.48000000013,,,0.8087,0.6503,False
2024-07-29,SKU0036,Sports & Fitness,3573.9188505747125,,,,174,,,621861.88,2600,,,169461.87999999998,,,0.8087,0.6503,False
2024-08-05,SKU0036,Sports & Fitness,3463.5254450261777,3375.5844020775203,22.97630009192432,-2.5390615528737004,191,204.8818659617564,7.267992650134247,661533.36,2600,691596.0310090422,4.544392290215304,164933.35999999996,158903.1795084755,-3.6561314772975306,-2.728,0.6503,False
2024-08-12,SKU0036,Sports & Fitness,2852.283395522388,,,,268,,,764411.9500000001,2600,,,67611.95000000004,,,-2.728,0.6503,False
2024-08-19,SKU0036,Sports & Fitness,3551.963310344828,3420.6687978148416,23.99147202848441,-3.69639270055524,145,140.65,-2.9999999999999916,515034.6800000001,2600,481117.0664126575,-6.585500919538589,138034.68000000008,115427.06641265747,-16.378212770401323,0.8087,0.6503,False
2024-08-26,SKU0036,Sports & Fitness,3618.548079470199,,,,151,,,546400.76,2600,,,153800.76000000004,,,0.8087,0.6503,False
2024-09-02,SKU0036,Sports & Fitness,3536.279344262295,,,,122,,,431426.08,2600,,,114226.08,,,0.8087,0.6503,False
2024-09-09,SKU0036,Sports & Fitness,3104.9408163265307,,,,147,,,456426.3,2600,,,74226.30000000002,,,0.8087,0.6503,False
2024-09-16,SKU0036,Sports & Fitness,3314.4024242424243,3351.6164164756883,22.425490362827155,1.1227964341647523,165,160.05,-2.9999999999999916,546876.4,2600,536426.2074569339,-1.9108874588601887,117876.40000000001,120296.20745693392,2.052834542736215,-2.728,0.6503,False
2024-09-23,SKU0036,Sports & Fitness,3187.053720930233,3222.8378464637526,19.325758109337063,1.1227964341647523,215,208.55,-2.9999999999999916,685216.55,2600,672122.8328800156,-1.9108874588601887,126216.55000000008,129892.83288001562,2.9126789474245074,-2.728,0.6503,False
2024-09-30,SKU0036,Sports & Fitness,3522.694028776978,,,,139,,,489654.47,2600,,,128254.46999999994,,,0.8087,0.6503,False
2024-10-07,SKU0036,Sports & Fitness,3381.1390298507463,,,,134,,,453072.63,2600,,,104672.63,,,0.8087,0.6503,False
2024-10-14,SKU0036,Sports & Fitness,3154.246020408163,,,,196,,,618232.22,2600,,,108632.21999999996,,,0.8087,0.6503,False
2024-10-21,SKU0036,Sports & Fitness,3111.918685714286,,,,175,,,544585.77,2600,,,89585.77000000002,,,0.8087,0.6503,False
2024-10-28,SKU0036,Sports & Fitness,3516.2009375,,,,128,,,450073.72,2600,,,117273.71999999997,,,0.8087,0.6503,False
2024-11-04,SKU0036,Sports & Fitness,3235.493121019108,,,,157,,,507972.42,2600,,,99772.41999999995,,,0.8087,0.6503,False
2024-11-11,SKU0036,Sports & Fitness,3148.5104964539005,,,,141,,,443939.98,2600,,,77339.97999999997,,,0.8087,0.6503,False
2024-11-18,SKU0036,Sports & Fitness,3265.239112149533,,,,214,,,698761.17,2600,,,142361.17000000004,,,0.8087,0.6503,False
2024-11-25,SKU0036,Sports & Fitness,3431.98914893617,,,,188,,,645213.96,2600,,,156413.95999999993,,,0.8087,0.6503,False
2024-12-02,SKU0036,Sports & Fitness,3330.366666666667,,,,180,,,599466.0,2600,,,131466.00000000003,,,0.8087,0.6503,False
2024-12-09,SKU0036,Sports & Fitness,3075.3601129943504,,,,177,,,544338.74,2600,,,84138.74000000002,,,0.8087,0.6503,False
2024-12-16,SKU0036,Sports & Fitness,3536.932,,,,150,,,530539.7999999999,2600,,,140539.79999999996,,,0.8087,0.6503,False
2024-12-23,SKU0036,Sports & Fitness,3548.4264375,,,,160,,,567748.23,2600,,,151748.22999999998,,,0.8087,0.6503,False
2024-12-30,SKU0036,Sports & Fitness,3074.363846153846,,,,39,,,119900.19,2600,,,18500.190000000002,,,0.8087,0.6503,False
2024-07-01,SKU0037,Sports & Fitness,516.3290029325514,,,,341,,,176068.19,550,,,-11481.809999999985,,,-4.9844,0.0261,True
2024-07-08,SKU0037,Sports & Fitness,495.2938352272727,,,,352,,,174343.43,550,,,-19256.57,,,-4.9844,0.0261,True
2024-07-15,SKU0037,Sports & Fitness,558.8627777777779,,,,252,,,140833.42,550,,,2233.420000000022,,,-2.5449,0.0261,True
2024-07-22,SKU0037,Sports & Fitness,590.6618502202642,,,,227,,,134080.24,550,,,9230.23999999998,,,-2.5449,0.0261,True
2024-07-29,SKU0037,Sports & Fitness,575.3084453781513,,,,238,,,136923.41,550,,,6023.410000000011,,,-2.5449,0.0261,True
2024-08-05,SKU0037,Sports & Fitness,538.5104979253111,,,,241,,,129781.02999999998,550,,,-2768.970000000015,,,-4.9844,0.0261,True
2024-08-12,SKU0037,Sports & Fitness,516.4861111111111,,,,360,,,185935.0,550,,,-12065.00000000001,,,-4.9844,0.0261,True
2024-08-19,SKU0037,Sports & Fitness,537.5616544117647,,,,272,,,146216.77000000002,550,,,-3383.229999999996,,,-2.5449,0.0261,True
2024-08-26,SKU0037,Sports & Fitness,495.1260689655172,,,,290,,,143586.56,550,,,-15913.440000000006,,,-2.5449,0.0261,True
2024-09-02,SKU0037,Sports & Fitness,530.572096069869,,,,229,,,121501.01,550,,,-4448.990000000008,,,-2.5449,0.0261,True
2024-09-09,SKU0037,Sports & Fitness,573.5058515283843,,,,229,,,131332.84,550,,,5382.839999999995,,,-2.5449,0.0261,True
2024-09-16,SKU0037,Sports & Fitness,534.048085106383,,,,235,,,125501.30000000002,550,,,-3748.6999999999853,,,-4.9844,0.0261,True
2024-09-23,SKU0037,Sports & Fitness,532.8683464566928,,,,254,,,135348.56,550,,,-4351.440000000017,,,-4.9844,0.0261,True
2024-09-30,SKU0037,Sports & Fitness,544.0376518218623,,,,247,,,134377.3,550,,,-1472.700000000023,,,-2.5449,0.0261,True
2024-10-07,SKU0037,Sports & Fitness,510.18054545454544,,,,220,,,112239.72,550,,,-8760.280000000004,,,-2.5449,0.0261,True
2024-10-14,SKU0037,Sports & Fitness,567.4113821138212,,,,246,,,139583.2,550,,,4283.20000000002,,,-2.5449,0.0261,True
2024-10-21,SKU0037,Sports & Fitness,539.9872769953051,,,,213,,,115017.29,550,,,-2132.7100000000055,,,-2.5449,0.0261,True
2024-10-28,SKU0037,Sports & Fitness,499.6244897959184,,,,245,,,122408.00000000001,550,,,-12341.99999999999,,,-2.5449,0.0261,True
2024-11-04,SKU0037,Sports & Fitness,524.443502538071,,,,197,,,103315.37,550,,,-5034.63000000001,,,-2.5449,0.0261,True
2024-11-11,SKU0037,Sports & Fitness,583.4110659898478,,,,197,,,114931.98000000001,550,,,6581.9800000000105,,,-2.5449,0.0261,True
2024-11-18,SKU0037,Sports & Fitness,501.856375,,,,320,,,160594.04,550,,,-15405.959999999995,,,-2.5449,0.0261,True
2024-11-25,SKU0037,Sports & Fitness,519.9957740585775,,,,239,,,124278.99000000002,550,,,-7171.009999999986,,,-2.5449,0.0261,True
2024-12-02,SKU0037,Sports & Fitness,559.3111374407583,,,,211,,,118014.65000000001,550,,,1964.6500000000076,,,-2.5449,0.0261,True
2024-12-09,SKU0037,Sports & Fitness,506.5963309352518,,,,278,,,140833.78,550,,,-12066.220000000003,,,-2.5449,0.0261,True
2024-12-16,SKU0037,Sports & Fitness,504.4239207048458,,,,227,,,114504.23,550,,,-10345.770000000008,,,-2.5449,0.0261,True
2024-12-23,SKU0037,Sports & Fitness,565.1840329218107,,,,243,,,137339.72,550,,,3689.72000000001,,,-2.5449,0.0261,True
2024-12-30,SKU0037,Sports & Fitness,568.5966101694914,,,,59,,,33547.2,550,,,1097.199999999995,,,-2.5449,0.0261,True
2024-07-01,SKU0038,Books & Stationery,543.0891148325359,554.4547103022702,18.83917809000576,2.092768048433258,418,405.4661114828164,-2.998537922771194,227011.25,450,224812.59537959297,-0.96852231790584,38911.24999999999,42352.845212325585,8.84473054020518,-1.4699,0.7349,False
2024-07-08,SKU0038,Books & Stationery,479.2760365853658,,,,492,,,235803.80999999997,450,,,14403.809999999961,,,-1.4699,0.7349,False
2024-07-15,SKU0038,Books & Stationery,543.8274794520548,588.1794930865118,23.492742387431008,8.155530073460948,365,354.8895443204017,-2.7699878574241943,198497.03000000003,450,208738.75228007702,5.159635023293285,34247.03000000001,49038.457335896266,43.19039442514065,-0.3583,0.7349,False
2024-07-22,SKU0038,Books & Stationery,562.3993137254902,612.2364836904219,26.498989853152395,8.861527521219115,408,395.77472607987613,-2.996390666697024,229458.91999999998,450,242307.72662868327,5.59961087094949,45858.91999999999,64209.09989273902,40.01441789893663,-0.3583,0.7349,False
2024-07-29,SKU0038,Books & Stationery,525.0956743002545,571.6636087379868,21.2823777617353,8.868466589405632,393,381.21547834869983,-2.9986060181425356,206362.6,450,217927.01605959563,5.603930198396223,29512.60000000001,46380.0508026807,57.15338805351167,-0.3583,0.7349,False
2024-08-05,SKU0038,Books & Stationery,478.6587250996016,,,,502,,,240286.68000000002,450,,,14386.68000000001,,,-1.4699,0.7349,False
2024-08-12,SKU0038,Books & Stationery,447.36744186046514,,,,516,,,230841.6,450,,,-1358.3999999999903,,,-1.4699,0.7349,False
2024-08-19,SKU0038,Books & Stationery,508.668753117207,553.7970565923424,18.742796726120712,8.871845026568192,401,388.9712649904229,-2.9996845410416695,203976.17,450,215411.14165069626,5.606033121759402,23526.170000000013,40374.07240500594,71.61345176459204,-0.3583,0.7349,False
2024-08-26,SKU0038,Books & Stationery,512.0719104477612,557.4984615743623,19.282288469602086,8.87112731625519,335,324.9518243262598,-2.9994554249970773,171544.09,450,181160.14214767228,5.605586381712291,20794.089999999997,34931.82120085537,67.98917962197612,-0.3583,0.7349,False
2024-09-02,SKU0038,Books & Stationery,536.6223076923078,582.958237191225,22.807506388765773,8.634737847217044,364,353.3570747922613,-2.923880551576563,195330.52000000005,450,205992.41741994448,5.458387875046067,31530.52000000004,46981.73376342689,49.00399284067256,-0.3583,0.7349,False
2024-09-09,SKU0038,Books & Stationery,522.81740625,569.1856766612424,20.93968305041821,8.868922468329243,320,310.4039950261836,-2.9987515543176135,167301.57,450,176677.50794733124,5.604213963641369,23301.569999999992,36995.71018554861,58.76917386059661,-0.3583,0.7349,False
2024-09-16,SKU0038,Books & Stationery,521.310806451613,,,,434,,,226248.89,450,,,30948.890000000025,,,-1.4699,0.7349,False
2024-09-23,SKU0038,Books & Stationery,512.1610465116279,,,,430,,,220229.25,450,,,26729.249999999993,,,-1.4699,0.7349,False
2024-09-30,SKU0038,Books & Stationery,495.0853442622951,,,,305,,,151001.03,450,,,13751.030000000008,,,-0.3583,0.7349,False
2024-10-07,SKU0038,Books & Stationery,586.3370877192983,600.1619609418108,25.020239654337217,2.3578370722356468,285,282.63013750125606,-0.8315307013136652,167106.07000000004,450,169623.85754400745,1.5067002317793898,38856.07000000002,42440.295668442224,9.224364863564949,-0.3583,0.7349,False
2024-10-14,SKU0038,Books & Stationery,557.9281034482758,584.1241221746118,22.961579069066104,4.695231977817826,290,285.27137037329277,-1.6305619402438687,161799.15,450,166633.8888008482,2.988111371937485,31299.149999999983,38261.77213286645,22.245403254933336,-0.3583,0.7349,False
2024-10-21,SKU0038,Books & Stationery,512.5095689655172,557.9744758342678,19.351149651214307,8.871035707785868,348,337.56199689185496,-2.999426180501452,178353.33000000002,450,188350.9782773015,5.605529359783468,21753.33,36448.079675966765,67.55172507366349,-0.3583,0.7349,False
2024-10-28,SKU0038,Books & Stationery,557.4365982404693,593.9240587292534,24.232737605745434,6.54558035908579,341,333.3407675349712,-2.246109227281179,190085.88000000003,450,197979.10159429463,4.152450247380068,36635.88000000002,47975.75620355759,30.952924301415898,-0.3583,0.7349,False
2024-11-04,SKU0038,Books & Stationery,539.4240634005763,587.247716567528,23.371349550704597,8.865687760658503,347,336.5979154916251,-2.9977188784942155,187180.14999999997,450,197666.35727384657,5.602200486454678,31030.149999999976,46197.29530261529,48.87873665649482,-0.3583,0.7349,False
2024-11-11,SKU0038,Books & Stationery,592.4025409836065,593.166131997148,24.135924874051366,0.1288973224648382,244,243.88740980661132,-0.04614352188060389,144546.22,450,144665.75151779092,0.08269432282002054,34746.21999999999,34916.417104815846,0.4898291233286889,-0.3583,0.7349,False
2024-11-18,SKU0038,Books & Stationery,535.121635883905,568.5859282774611,20.856289679331113,6.253586128746291,379,370.85172142931475,-2.149941575378689,202811.1,450,210861.07028218135,3.9691961052335634,32261.100000000002,43977.79563898971,36.31833892517522,-0.3583,0.7349,False
2024-11-25,SKU0038,Books & Stationery,544.8851418439716,590.7846172212185,23.830108827715442,8.423697372608885,282,273.9454570533973,-2.856220903050599,153657.61,450,161842.76198478308,5.3268770643921215,26757.609999999993,38567.306310754284,44.135841395230344,-0.3583,0.7349,False
2024-12-02,SKU0038,Books & Stationery,560.6486713286713,610.3940928756962,26.27713713939228,8.872833218196007,286,277.42,-2.9999999999999916,160345.52,450,169335.52924557563,5.606648221650112,31645.51999999999,44496.529245575635,40.6092528913276,-0.3583,0.7349,False
2024-12-09,SKU0038,Books & Stationery,541.1710461538462,589.1478022933331,23.618487882273776,8.865359017349927,325,315.25775474268596,-2.9976139253273915,175880.59000000003,450,185733.41336258405,5.60199585558816,29630.59000000001,43867.423728375376,48.04775648535975,-0.3583,0.7349,False
2024-12-16,SKU0038,Books & Stationery,560.8144668587896,610.512743199356,26.291464836294566,8.861803551348157,347,336.6022185809195,-2.996478795124069,194602.62,450,205499.9438328264,5.59978269194239,38452.619999999995,54028.94547141263,40.50783918342271,-0.3583,0.7349,False
2024-12-23,SKU0038,Books & Stationery,572.9469845360825,604.6386725503677,25.575385692433684,5.531347379364626,388,380.5871669732233,-1.9105239759733772,222303.43,450,230117.71942839486,3.5151456855140983,47703.43,58853.49429044439,23.373716083821193,-0.3583,0.7349,False
2024-12-30,SKU0038,Books & Stationery,552.336,601.2912361037957,25.16105790666797,8.863307136198916,105,101.85319321705805,-2.9969588408971015,57995.28,450,61243.43245060357,5.600718628487655,10745.28,15409.495502927448,43.407109939689306,-0.3583,0.7349,False
2024-07-01,SKU0039,Books & Stationery,367.4806962025317,424.9603626484714,29.405180725487806,15.641547172388236,474,468.5143731833427,-1.157305235581707,174185.85000000003,300,199100.03793401457,14.303221492454487,31985.850000000028,58545.72597901177,83.03633006161073,-0.0801,0.0359,True
2024-07-08,SKU0039,Books & Stationery,352.5572209567198,403.49658482890607,25.649928331559867,14.448537951925712,439,434.28001013662066,-1.0751685337993977,154772.62,300,175230.50094958916,13.218023284473169,23072.619999999988,44946.49790860295,94.80448214638378,-0.0801,0.0359,True
2024-07-15,SKU0039,Books & Stationery,369.9766386554622,373.65566046771676,19.712175743710027,0.9943930042784821,357,346.2900000000001,-2.9999999999999805,132081.66,300,129393.21866336567,-2.0354387858498524,24981.66,25506.218663365642,2.0997750484381017,-3.0783,0.0359,True
2024-07-22,SKU0039,Books & Stationery,347.47669250646,,,,387,,,134473.48,300,,,18373.480000000014,,,-3.0783,0.0359,True
2024-07-29,SKU0039,Books & Stationery,334.79,,,,406,,,135924.74000000002,300,,,14124.740000000009,,,-3.0783,0.0359,True
2024-08-05,SKU0039,Books & Stationery,373.5167718446602,404.6954401860038,25.870180335583786,8.347327534280137,412,409.36270896489305,-0.640119183278387,153888.91,300,165667.22170028236,7.653775506163729,30288.909999999996,42858.40901081444,41.498683877414024,-0.0801,0.0359,True
2024-08-12,SKU0039,Books & Stationery,331.8613646055437,402.2334208933226,25.4164411963262,21.205257313223047,469,461.8306732616832,-1.5286410955899332,155642.98,300,185763.73157951317,19.35246393991761,14942.980000000001,47214.52960100821,215.96461750606775,-0.0801,0.0359,True
2024-08-19,SKU0039,Books & Stationery,348.0361616161616,,,,297,,,103366.74,300,,,14266.740000000002,,,-3.0783,0.0359,True
2024-08-26,SKU0039,Books & Stationery,347.4944761904762,,,,315,,,109460.76,300,,,14960.759999999997,,,-3.0783,0.0359,True
2024-09-02,SKU0039,Books & Stationery,379.0156953642384,382.7846009240578,21.626941293931985,0.9943930042784821,302,292.94000000000005,-2.9999999999999805,114462.74,300,112132.92099469352,-2.0354387858498635,23862.74,24250.920994693504,1.6267243187224167,-3.0783,0.0359,True
2024-09-09,SKU0039,Books & Stationery,387.8942415730337,391.10334227677026,23.293930894689105,0.8273133137328026,356,347.084516737327,-2.50434923108791,138090.35,300,135745.9145484862,-1.6977547319662833,31290.349999999995,31620.5595272881,1.055307873795286,-3.0783,0.0359,True
2024-09-16,SKU0039,Books & Stationery,343.7612596401028,382.9903253930861,21.66903963119907,11.411718060974563,389,385.64742733878415,-0.8618438717778565,133723.13,300,147699.23368348746,10.451522996423623,17023.129999999997,32005.005481852222,88.00893538293033,-0.0801,0.0359,True
2024-09-23,SKU0039,Books & Stationery,321.1102102803738,385.60019124560154,22.19920871125293,20.083441416864023,428,421.7714421742568,-1.4552705200334581,137435.16999999998,300,162635.1487643266,18.33590249448276,9035.169999999984,36103.71611204955,299.5908888493478,-0.0801,0.0359,True
2024-09-30,SKU0039,Books & Stationery,390.74137123745817,394.5404700391227,23.962173013518242,0.9722796410405632,299,290.22557139602327,-2.9345915063467287,116831.67,300,114505.73335595998,-1.9908443010700938,27131.66999999999,27438.061937152997,1.1292778408148463,-3.0783,0.0359,True
2024-10-07,SKU0039,Books & Stationery,334.3294472361809,,,,398,,,133063.12,300,,,13663.119999999997,,,-3.0783,0.0359,True
2024-10-14,SKU0039,Books & Stationery,375.6213358778626,379.3564881644094,20.9187111965295,0.9943930042784821,262,254.14000000000004,-2.9999999999999805,98412.79,300,96409.65790210303,-2.0354387858498524,19812.789999999994,20167.657902103016,1.7911051502742525,-3.0783,0.0359,True
2024-10-21,SKU0039,Books & Stationery,339.43801186943614,,,,337,,,114390.60999999997,300,,,13290.609999999979,,,-3.0783,0.0359,True
2024-10-28,SKU0039,Books & Stationery,352.5305099150142,,,,353,,,124443.27,300,,,18543.27000000001,,,-3.0783,0.0359,True
2024-11-04,SKU0039,Books & Stationery,371.9977027027027,375.6968218344551,20.148379606950652,0.9943930042784821,296,287.12000000000006,-2.9999999999999805,110111.32,300,107870.07148510877,-2.0354387858498413,21311.320000000007,21734.071485108747,1.9836945112209792,-3.0783,0.0359,True
2024-11-11,SKU0039,Books & Stationery,367.5500996677741,371.204992146089,19.182121375691533,0.9943930042784821,301,291.9700000000001,-2.9999999999999694,110632.58,300,108380.72155689364,-2.0354387858498524,20332.579999999998,20789.721556893615,2.2483204634808684,-3.0783,0.0359,True
2024-11-18,SKU0039,Books & Stationery,359.3893902439024,,,,328,,,117879.72,300,,,19479.719999999994,,,-3.0783,0.0359,True
2024-11-25,SKU0039,Books & Stationery,373.73878881987577,,,,322,,,120343.89,300,,,23743.889999999996,,,-3.0783,0.0359,True
2024-12-02,SKU0039,Books & Stationery,351.6001986754967,,,,302,,,106183.26000000001,300,,,15583.260000000004,,,-3.0783,0.0359,True
2024-12-09,SKU0039,Books & Stationery,344.5265428571429,,,,350,,,120584.29000000001,300,,,15584.29000000001,,,-3.0783,0.0359,True
2024-12-16,SKU0039,Books & Stationery,348.9970382165605,,,,314,,,109585.06999999999,300,,,15385.069999999996,,,-3.0783,0.0359,True
2024-12-23,SKU0039,Books & Stationery,331.02275609756094,,,,410,,,135719.33,300,,,12719.329999999987,,,-3.0783,0.0359,True
2024-12-30,SKU0039,Books & Stationery,386.4136,388.6438984908854,22.808514126966106,0.5771790876111682,100,98.24397839474082,-1.7560216052591837,38641.36,300,38181.922766586395,-1.1889779071275086,8641.359999999997,8708.729248164145,0.7796139515556355,-3.0783,0.0359,True
2024-07-01,SKU0040,Books & Stationery,426.7426905829596,,,,669,,,285490.86,500,,,-49009.14000000003,,,-3.7724,0.2378,False
2024-07-08,SKU0040,Books & Stationery,414.553686440678,,,,708,,,293504.01,500,,,-60495.98999999997,,,-3.7724,0.2378,False
2024-07-15,SKU0040,Books & Stationery,498.0148534798535,,,,546,,,271916.11000000004,500,,,-1083.8899999999815,,,-3.5786,0.2378,False
2024-07-22,SKU0040,Books & Stationery,450.0,,,,425,,,191250.0,500,,,-21250.0,,,-3.5786,0.2378,False
2024-07-29,SKU0040,Books & Stationery,453.4014465408805,,,,477,,,216272.49,500,,,-22227.510000000002,,,-3.5786,0.2378,False
2024-08-05,SKU0040,Books & Stationery,458.4603982300885,,,,452,,,207224.1,500,,,-18775.89999999999,,,-3.7724,0.2378,False
2024-08-12,SKU0040,Books & Stationery,417.3617879417879,,,,481,,,200751.02,500,,,-39748.980000000025,,,-3.7724,0.2378,False
2024-08-19,SKU0040,Books & Stationery,450.0,,,,454,,,204300.0,500,,,-22700.0,,,-3.5786,0.2378,False
2024-08-26,SKU0040,Books & Stationery,491.8897107438016,,,,484,,,238074.61999999997,500,,,-3925.380000000039,,,-3.5786,0.2378,False
2024-09-02,SKU0040,Books & Stationery,481.4218244803695,,,,433,,,208455.65,500,,,-8044.350000000015,,,-3.5786,0.2378,False
2024-09-09,SKU0040,Books & Stationery,450.0,,,,436,,,196200.0,500,,,-21800.0,,,-3.5786,0.2378,False
2024-09-16,SKU0040,Books & Stationery,434.3276968503937,,,,508,,,220638.47,500,,,-33361.530000000006,,,-3.7724,0.2378,False
2024-09-23,SKU0040,Books & Stationery,420.28233695652176,,,,552,,,231995.85,500,,,-44004.14999999999,,,-3.7724,0.2378,False
2024-09-30,SKU0040,Books & Stationery,491.404854368932,,,,412,,,202458.8,500,,,-3541.200000000025,,,-3.5786,0.2378,False
2024-10-07,SKU0040,Books & Stationery,450.0,,,,432,,,194400.0,500,,,-21600.0,,,-3.5786,0.2378,False
2024-10-14,SKU0040,Books & Stationery,450.0,,,,434,,,195300.0,500,,,-21700.0,,,-3.5786,0.2378,False
2024-10-21,SKU0040,Books & Stationery,450.0,,,,320,,,144000.0,500,,,-16000.0,,,-3.5786,0.2378,False
2024-10-28,SKU0040,Books & Stationery,450.0,,,,453,,,203850.0,500,,,-22650.0,,,-3.5786,0.2378,False
2024-11-04,SKU0040,Books & Stationery,458.2248214285714,,,,448,,,205284.71999999997,500,,,-18715.280000000024,,,-3.5786,0.2378,False
2024-11-11,SKU0040,Books & Stationery,450.0,,,,453,,,203850.0,500,,,-22650.0,,,-3.5786,0.2378,False
2024-11-18,SKU0040,Books & Stationery,478.0463756613756,,,,378,,,180701.52999999997,500,,,-8298.470000000032,,,-3.5786,0.2378,False
2024-11-25,SKU0040,Books & Stationery,450.75625,,,,496,,,223575.1,500,,,-24424.899999999987,,,-3.5786,0.2378,False
2024-12-02,SKU0040,Books & Stationery,470.32274944567627,,,,451,,,212115.56,500,,,-13384.440000000004,,,-3.5786,0.2378,False
2024-12-09,SKU0040,Books & Stationery,450.0,,,,486,,,218700.0,500,,,-24300.0,,,-3.5786,0.2378,False
2024-12-16,SKU0040,Books & Stationery,450.0,,,,490,,,220500.0,500,,,-24500.0,,,-3.5786,0.2378,False
2024-12-23,SKU0040,Books & Stationery,450.0,,,,523,,,235350.0,500,,,-26150.0,,,-3.5786,0.2378,False
2024-12-30,SKU0040,Books & Stationery,494.775,,,,120,,,59373.0,500,,,-627.0000000000027,,,-3.5786,0.2378,False
2024-07-01,SKU0041,Books & Stationery,277.41585585585585,,,,444,,,123172.64,250,,,12172.64,,,-0.9683,0.4447,False
2024-07-08,SKU0041,Books & Stationery,282.6407984031936,,,,501,,,141603.04,250,,,16353.040000000008,,,-0.9683,0.4447,False
2024-07-15,SKU0041,Books & Stationery,320.07037735849053,,,,424,,,135709.84,250,,,29709.839999999986,,,1.0867,0.4447,False
2024-07-22,SKU0041,Books & Stationery,306.2037275064268,,,,389,,,119113.25000000001,250,,,21863.250000000022,,,1.0867,0.4447,False
2024-07-29,SKU0041,Books & Stationery,319.7317150395778,,,,379,,,121178.31999999999,250,,,26428.31999999999,,,1.0867,0.4447,False
2024-08-05,SKU0041,Books & Stationery,255.82113425925928,,,,432,,,110514.73000000001,250,,,2514.7300000000096,,,-0.9683,0.4447,False
2024-08-12,SKU0041,Books & Stationery,280.85224669603525,,,,454,,,127506.92,250,,,14006.920000000004,,,-0.9683,0.4447,False
2024-08-19,SKU0041,Books & Stationery,277.4937755102041,,,,392,,,108777.56000000001,250,,,10777.560000000009,,,1.0867,0.4447,False
2024-08-26,SKU0041,Books & Stationery,305.1664873417721,,,,316,,,96432.60999999999,250,,,17432.609999999982,,,1.0867,0.4447,False
2024-09-02,SKU0041,Books & Stationery,273.6058894230769,,,,416,,,113820.05,250,,,9820.049999999997,,,1.0867,0.4447,False
2024-09-09,SKU0041,Books & Stationery,272.8059400544959,,,,367,,,100119.78,250,,,8369.780000000002,,,1.0867,0.4447,False
2024-09-16,SKU0041,Books & Stationery,276.5724716553288,,,,441,,,121968.46,250,,,11718.46,,,-0.9683,0.4447,False
2024-09-23,SKU0041,Books & Stationery,287.5108333333333,,,,336,,,96603.64,250,,,12603.639999999996,,,-0.9683,0.4447,False
2024-09-30,SKU0041,Books & Stationery,275.79023333333333,,,,300,,,82737.07,250,,,7737.07,,,1.0867,0.4447,False
2024-10-07,SKU0041,Books & Stationery,297.9924776119404,,,,335,,,99827.48000000003,250,,,16077.48000000003,,,1.0867,0.4447,False
2024-10-14,SKU0041,Books & Stationery,297.38464088397785,,,,362,,,107653.23999999998,250,,,17153.239999999983,,,1.0867,0.4447,False
2024-10-21,SKU0041,Books & Stationery,322.0510606060606,,,,330,,,106276.85,250,,,23776.850000000002,,,1.0867,0.4447,False
2024-10-28,SKU0041,Books & Stationery,289.40734870317004,,,,347,,,100424.35,250,,,13674.350000000006,,,1.0867,0.4447,False
2024-11-04,SKU0041,Books & Stationery,314.84867346938773,,,,294,,,92565.51,250,,,19065.509999999995,,,1.0867,0.4447,False
2024-11-11,SKU0041,Books & Stationery,305.7382911392405,,,,316,,,96613.3,250,,,17613.300000000003,,,1.0867,0.4447,False
2024-11-18,SKU0041,Books & Stationery,290.9661370716511,,,,321,,,93400.12999999999,250,,,13150.129999999996,,,1.0867,0.4447,False
2024-11-25,SKU0041,Books & Stationery,294.97459701492534,,,,335,,,98816.48999999999,250,,,15066.489999999987,,,1.0867,0.4447,False
2024-12-02,SKU0041,Books & Stationery,265.82310256410256,,,,390,,,103671.01,250,,,6171.009999999997,,,1.0867,0.4447,False
2024-12-09,SKU0041,Books & Stationery,319.97404530744336,,,,309,,,98871.98,250,,,21621.98,,,1.0867,0.4447,False
2024-12-16,SKU0041,Books & Stationery,314.1482065217391,,,,368,,,115606.54,250,,,23606.539999999986,,,1.0867,0.4447,False
2024-12-23,SKU0041,Books & Stationery,308.6957046979866,,,,298,,,91991.32000000002,250,,,17491.320000000014,,,1.0867,0.4447,False
2024-12-30,SKU0041,Books & Stationery,279.6861728395061,,,,81,,,22654.579999999998,250,,,2404.5799999999963,,,1.0867,0.4447,False
2024-07-01,SKU0042,Books & Stationery,903.2484659090908,,,,528,,,476915.18999999994,800,,,54515.18999999993,,,-1.7398,0.4364,False
2024-07-08,SKU0042,Books & Stationery,985.8056234718828,1003.1887509789545,20.254289213338396,1.7633422951931044,409,396.74901358599374,-2.9953512014685213,403194.50000000006,800,398014.1473914653,-1.2848272009004957,75994.50000000006,80614.93652267034,6.0799617375866255,-1.7398,0.4364,False
2024-07-15,SKU0042,Books & Stationery,916.746961722488,979.7129217333555,18.343426706611027,6.868412183505912,418,405.46078014716386,-2.999813361922521,383200.23,800,397235.1655662636,3.6625592751506453,48800.229999999974,72866.54144853253,49.31597955282705,-0.4585,0.4364,False
2024-07-22,SKU0042,Books & Stationery,904.0693121693122,,,,378,,,341738.2,800,,,39338.200000000004,,,-0.4585,0.4364,False
2024-07-29,SKU0042,Books & Stationery,951.730783783784,1017.0623095490586,21.34208568256736,6.864496439375101,370,358.9067201842835,-2.998183733977444,352140.3900000001,800,365030.49774330505,3.660502489732842,56140.39000000007,77905.12159587829,38.76840113842847,-0.4585,0.4364,False
2024-08-05,SKU0042,Books & Stationery,820.3490520446097,,,,538,,,441347.79000000004,800,,,10947.79000000003,,,-1.7398,0.4364,False
2024-08-12,SKU0042,Books & Stationery,935.2544208037824,,,,423,,,395612.61999999994,800,,,57212.61999999996,,,-1.7398,0.4364,False
2024-08-19,SKU0042,Books & Stationery,1032.4290202702705,1012.1786422283926,20.962568599675674,-1.961430533653219,296,298.70067383928216,0.9123898105682926,305598.99000000005,800,302338.44247935055,-1.0669366154153481,68798.99000000006,63377.903407924845,-7.879602000080544,-0.4585,0.4364,False
2024-08-26,SKU0042,Books & Stationery,1052.027928802589,1032.1649032327127,22.493004994219284,-1.888070176281753,309,311.7123618245828,0.8777869982468545,325076.63,800,321738.55977911083,-1.0268564125600732,77876.63,72368.6703194446,-7.072673381674843,-0.4585,0.4364,False
2024-09-02,SKU0042,Books & Stationery,910.9630630630631,,,,333,,,303350.7,800,,,36950.700000000026,,,-0.4585,0.4364,False
2024-09-09,SKU0042,Books & Stationery,904.0361478599224,,,,257,,,232337.29000000004,800,,,26737.29000000005,,,-0.4585,0.4364,False
2024-09-16,SKU0042,Books & Stationery,880.2523287671233,,,,438,,,385550.52,800,,,35150.520000000026,,,-1.7398,0.4364,False
2024-09-23,SKU0042,Books & Stationery,964.1040105540897,981.1259630006857,18.461030472247234,1.7655722059296552,379,367.6336032667448,-2.9990492699881854,365395.42,800,360694.87303649704,-1.2864274444115753,62195.41999999998,66587.99042310119,7.062530364938802,-1.7398,0.4364,False
2024-09-30,SKU0042,Books & Stationery,1042.2947289156623,1049.2476865844494,23.75489503301264,0.667081726108365,332,330.98946783436674,-0.30437715832327683,346041.84999999986,800,347289.93340902735,0.3606741233834754,80441.84999999987,82498.35914153393,2.556516466906289,-0.4585,0.4364,False
2024-10-07,SKU0042,Books & Stationery,895.4129234972678,,,,366,,,327721.13,800,,,34921.13000000001,,,-0.4585,0.4364,False
2024-10-14,SKU0042,Books & Stationery,907.3682890855456,,,,339,,,307597.85,800,,,36397.849999999955,,,-0.4585,0.4364,False
2024-10-21,SKU0042,Books & Stationery,886.8981034482758,,,,348,,,308640.54,800,,,30240.53999999999,,,-0.4585,0.4364,False
2024-10-28,SKU0042,Books & Stationery,978.1308045977012,989.2163233188841,19.127901436568614,1.1333370413318278,348,346.20647821431965,-0.5153798234713625,340389.52,800,342473.09948834864,0.6121162274175251,61989.520000000004,65507.9169168929,5.675793129052931,-0.4585,0.4364,False
2024-11-04,SKU0042,Books & Stationery,876.113724137931,,,,435,,,381109.47,800,,,33109.46999999996,,,-0.4585,0.4364,False
2024-11-11,SKU0042,Books & Stationery,932.771588235294,987.4056520994245,18.979600906776472,5.85717495614253,340,331.2414367013604,-2.576048029011646,317142.33999999997,800,327069.666808457,3.1302432871173957,45142.339999999946,62076.51744736869,37.51284813186195,-0.4585,0.4364,False
2024-11-18,SKU0042,Books & Stationery,1030.8036627906977,985.0690934820512,18.78742259874011,-4.436787621110028,344,351.232858474974,2.1025751380738367,354596.46,800,345988.63349905226,-2.4274992764867886,79396.45999999999,65002.346719073044,-18.129414436017612,-0.4585,0.4364,False
2024-11-25,SKU0042,Books & Stationery,923.8162341772152,,,,316,,,291925.93,800,,,39125.92999999999,,,-0.4585,0.4364,False
2024-12-02,SKU0042,Books & Stationery,908.9655526992289,,,,389,,,353587.60000000003,800,,,42387.60000000002,,,-0.4585,0.4364,False
2024-12-09,SKU0042,Books & Stationery,1002.024588235294,1034.0518536839847,22.63444070528334,3.1962554437007684,340,335.1305359535551,-1.432195307777906,340688.36,800,346542.35192888096,1.7182835154335718,68688.35999999996,78437.92316603687,14.193908787510612,-0.4585,0.4364,False
2024-12-16,SKU0042,Books & Stationery,995.6903767123288,985.6172357636303,18.83258825316899,-1.0116740288239945,292,293.36452563068895,0.46730329818114313,290741.59,800,289145.1328232283,-0.5490983167463992,57141.590000000004,54453.51231867717,-4.704240258842707,-0.4585,0.4364,False
2024-12-23,SKU0042,Books & Stationery,1033.714938271605,1043.3309186108938,23.322506241343657,0.9302352112050327,324,322.62740195193476,-0.42364137285964,334923.64,800,336607.1436475582,0.502652977125817,75723.64000000001,78505.22208601037,3.6733338307698205,-0.4585,0.4364,False
2024-12-30,SKU0042,Books & Stationery,919.24198019802,982.3766504845112,18.564839707312103,6.868123045565322,101,97.97031003624058,-2.999693033425177,92843.44000000002,800,96243.7450203311,3.662407403615253,12043.440000000017,17867.496991338645,48.35874958764788,-0.4585,0.4364,False
2024-07-01,SKU0043,Books & Stationery,627.64,,,,528,,,331393.92,650,,,-11806.080000000007,,,-0.6769,0.0486,True
2024-07-08,SKU0043,Books & Stationery,662.7391428571428,,,,455,,,301546.31,650,,,5796.309999999991,,,-0.6769,0.0486,True
2024-07-15,SKU0043,Books & Stationery,705.8603235294117,,,,340,,,239992.50999999998,650,,,18992.509999999995,,,-2.1452,0.0486,True
2024-07-22,SKU0043,Books & Stationery,627.9276431718063,,,,454,,,285079.15,650,,,-10020.849999999955,,,-2.1452,0.0486,True
2024-07-29,SKU0043,Books & Stationery,600.1154098360656,,,,427,,,256249.28000000003,650,,,-21300.71999999998,,,-2.1452,0.0486,True
2024-08-05,SKU0043,Books & Stationery,552.9698189134809,,,,497,,,274826.0,650,,,-48223.99999999998,,,-0.6769,0.0486,True
2024-08-12,SKU0043,Books & Stationery,570.0302288732394,,,,568,,,323777.17,650,,,-45422.83000000004,,,-0.6769,0.0486,True
2024-08-19,SKU0043,Books & Stationery,698.1744059405939,,,,404,,,282062.45999999996,650,,,19462.459999999952,,,-2.1452,0.0486,True
2024-08-26,SKU0043,Books & Stationery,700.6313838120104,,,,383,,,268341.82,650,,,19391.819999999992,,,-2.1452,0.0486,True
2024-09-02,SKU0043,Books & Stationery,711.1855287009064,,,,331,,,235402.41,650,,,20252.410000000014,,,-2.1452,0.0486,True
2024-09-09,SKU0043,Books & Stationery,601.8069500924214,,,,541,,,325577.56,650,,,-26072.44000000002,,,-2.1452,0.0486,True
2024-09-16,SKU0043,Books & Stationery,610.2589559164733,,,,431,,,263021.61,650,,,-17128.39000000002,,,-0.6769,0.0486,True
2024-09-23,SKU0043,Books & Stationery,618.3011467889908,,,,436,,,269579.3,650,,,-13820.700000000026,,,-0.6769,0.0486,True
2024-09-30,SKU0043,Books & Stationery,657.0360433604336,,,,369,,,242446.3,650,,,2596.300000000002,,,-2.1452,0.0486,True
2024-10-07,SKU0043,Books & Stationery,711.4016713091922,,,,359,,,255393.2,650,,,22043.200000000015,,,-2.1452,0.0486,True
2024-10-14,SKU0043,Books & Stationery,588.1345054945054,,,,364,,,214080.96,650,,,-22519.040000000015,,,-2.1452,0.0486,True
2024-10-21,SKU0043,Books & Stationery,702.8522508038585,,,,311,,,218587.05,650,,,16437.049999999996,,,-2.1452,0.0486,True
2024-10-28,SKU0043,Books & Stationery,586.5176315789474,,,,380,,,222876.7,650,,,-24123.299999999977,,,-2.1452,0.0486,True
2024-11-04,SKU0043,Books & Stationery,607.6470157068063,,,,382,,,232121.16,650,,,-16178.839999999987,,,-2.1452,0.0486,True
2024-11-11,SKU0043,Books & Stationery,714.6686585365854,,,,328,,,234411.32000000004,650,,,21211.320000000025,,,-2.1452,0.0486,True
2024-11-18,SKU0043,Books & Stationery,686.0193665158371,,,,442,,,303220.56,650,,,15920.559999999989,,,-2.1452,0.0486,True
2024-11-25,SKU0043,Books & Stationery,589.9194323144104,,,,458,,,270183.1,650,,,-27516.90000000003,,,-2.1452,0.0486,True
2024-12-02,SKU0043,Books & Stationery,612.9882945736434,,,,387,,,237226.47,650,,,-14323.529999999993,,,-2.1452,0.0486,True
2024-12-09,SKU0043,Books & Stationery,621.5814285714285,,,,420,,,261064.19999999998,650,,,-11935.80000000001,,,-2.1452,0.0486,True
2024-12-16,SKU0043,Books & Stationery,629.8013827160494,,,,405,,,255069.56,650,,,-8180.440000000003,,,-2.1452,0.0486,True
2024-12-23,SKU0043,Books & Stationery,679.8704273504273,,,,351,,,238634.52,650,,,10484.519999999999,,,-2.1452,0.0486,True
2024-12-30,SKU0043,Books & Stationery,698.6940860215053,,,,93,,,64978.549999999996,650,,,4528.549999999994,,,-2.1452,0.0486,True
2024-07-01,SKU0044,Pet Supplies,1708.827635135135,,,,444,,,758719.47,1600,,,48319.46999999999,,,-1.1712,0.1127,False
2024-07-08,SKU0044,Pet Supplies,1910.6184764542936,1960.9593863122484,18.40728517029939,2.634796558200203,361,350.17,-2.9999999999999916,689733.27,1600,686669.1483049601,-0.4442473385458001,112133.26999999999,126397.14830496002,12.72046940659095,-1.1712,0.1127,False
2024-07-15,SKU0044,Pet Supplies,2082.0625340599454,2076.727449253434,22.955706076154257,-0.25624037315096215,367,368.8020356176055,0.4910178794565345,764116.95,1600,765901.310707624,0.23351932025903466,176916.94999999995,175818.05371945514,-0.6211367992410066,-1.9091,0.1127,False
2024-07-22,SKU0044,Pet Supplies,1861.779899665552,,,,299,,,556672.1900000001,1600,,,78272.19000000003,,,-1.9091,0.1127,False
2024-07-29,SKU0044,Pet Supplies,2073.664775510204,2107.014911394543,24.063185725580443,1.6082703568195411,245,237.65000000000003,-2.9999999999999916,508047.87,1600,500732.09369291324,-1.4399777538850356,116047.86999999998,120492.09369291319,3.8296469318335635,-1.9091,0.1127,False
2024-08-05,SKU0044,Pet Supplies,1705.518580858086,,,,303,,,516772.13,1600,,,31972.130000000026,,,-1.1712,0.1127,False
2024-08-12,SKU0044,Pet Supplies,1738.698181818182,,,,407,,,707650.1600000001,1600,,,56450.16000000011,,,-1.1712,0.1127,False
2024-08-19,SKU0044,Pet Supplies,1860.8339492753623,,,,276,,,513590.17,1600,,,71990.17,,,-1.9091,0.1127,False
2024-08-26,SKU0044,Pet Supplies,1823.3697134670488,,,,349,,,636356.03,1600,,,77956.03000000001,,,-1.9091,0.1127,False
2024-09-02,SKU0044,Pet Supplies,2096.578315018315,2130.117705859183,24.886779937137792,1.5997203920605552,273,264.85254528949497,-2.984415644873639,572365.88,1600,564167.0961630244,-1.4324375584679472,135565.88000000003,140403.0236998324,3.5681129350780383,-1.9091,0.1127,False
2024-09-09,SKU0044,Pet Supplies,2091.6665461847388,2034.3419843736542,21.350490119653216,-2.7406166587903957,249,262.5664897869348,5.448389472664594,520824.97,1600,534150.0338631778,2.558453344350564,122424.96999999996,114043.65020408208,-6.846086869302792,-1.9091,0.1127,False
2024-09-16,SKU0044,Pet Supplies,1757.0455048076924,,,,416,,,730930.93,1600,,,65330.93000000004,,,-1.1712,0.1127,False
2024-09-23,SKU0044,Pet Supplies,1924.0376237623764,1974.708564726963,18.975385604749874,2.633573290812352,303,293.9141027761067,-2.998645948479639,582983.4,1600,580394.6960460187,-0.4440441964524644,98183.40000000004,110132.13160424803,12.169808342599664,-1.1712,0.1127,False
2024-09-30,SKU0044,Pet Supplies,1838.5059876543207,,,,324,,,595675.94,1600,,,77275.93999999992,,,-1.9091,0.1127,False
2024-10-07,SKU0044,Pet Supplies,1926.4810384615384,1957.4640619328645,18.26159002785945,1.6082703568195411,260,252.20000000000002,-2.9999999999999916,500885.07,1600,493672.4364194685,-1.4399777538850467,84885.06999999999,90152.43641946845,6.205291954720016,-1.9091,0.1127,False
2024-10-14,SKU0044,Pet Supplies,1835.6732806324112,,,,253,,,464425.34,1600,,,59625.34000000003,,,-1.9091,0.1127,False
2024-10-21,SKU0044,Pet Supplies,1799.4815037593985,,,,266,,,478662.08,1600,,,53062.08,,,-1.9091,0.1127,False
2024-10-28,SKU0044,Pet Supplies,1980.8454863813229,2012.7028371531915,20.504906612887122,1.6082703568195411,257,249.29000000000002,-2.9999999999999916,509077.29,1600,501746.69027391914,-1.4399777538850356,97877.28999999998,102882.69027391911,5.113954701769052,-1.9091,0.1127,False
2024-11-04,SKU0044,Pet Supplies,1883.4339662447253,,,,237,,,446373.8499999999,1600,,,67173.84999999989,,,-1.9091,0.1127,False
2024-11-11,SKU0044,Pet Supplies,2062.837047619048,2096.0130443653966,23.66459720748412,1.6082703568195411,315,305.55,-2.9999999999999916,649793.6700000002,1600,640436.785705847,-1.4399777538850467,145793.67000000013,151556.78570584694,3.95292587520899,-1.9091,0.1127,False
2024-11-18,SKU0044,Pet Supplies,1820.6875617283952,,,,324,,,589902.77,1600,,,71502.77000000003,,,-1.9091,0.1127,False
2024-11-25,SKU0044,Pet Supplies,1932.495143884892,1963.5748904309698,18.51596759577485,1.6082703568195411,278,269.66,-2.9999999999999916,537233.65,1600,529497.6049536153,-1.4399777538850467,92433.65,98041.60495361534,6.067005850807949,-1.9091,0.1127,False
2024-12-02,SKU0044,Pet Supplies,1842.588993055556,,,,288,,,530665.6300000001,1600,,,69865.63000000015,,,-1.9091,0.1127,False
2024-12-09,SKU0044,Pet Supplies,2005.0618146718148,2037.3086294730895,21.465016303700185,1.6082703568195411,259,251.23000000000002,-2.9999999999999916,519311.01,1600,511833.0469825243,-1.4399777538850467,104911.01000000002,109865.04698252428,4.722132579339622,-1.9091,0.1127,False
2024-12-16,SKU0044,Pet Supplies,1966.56786516854,1998.1955931907846,19.92775855115028,1.6082703568195411,267,258.99,-2.9999999999999916,525073.6200000002,1600,517512.67668048135,-1.4399777538850356,97873.62000000018,103128.67668048131,5.369226846295372,-1.9091,0.1127,False
2024-12-23,SKU0044,Pet Supplies,1945.6596193771627,1976.9510862802135,19.067294527224554,1.6082703568195411,289,280.33000000000004,-2.9999999999999805,562295.63,1600,554198.6980169324,-1.4399777538850245,99895.63000000002,105670.69801693228,5.7811017528316855,-1.9091,0.1127,False
2024-12-30,SKU0044,Pet Supplies,2089.7270103092783,2123.3354703545338,24.646857628538193,1.6082703568195411,97,94.09,-2.9999999999999916,202703.52,1600,199784.6344056581,-1.4399777538850356,47503.52,49240.634405658086,3.6568119702668156,-1.9091,0.1127,False
2024-07-01,SKU0045,Pet Supplies,1326.845803814714,1356.9920797706168,18.93836254475842,2.272025571413927,367,355.9955314157078,-2.998492802259467,486952.41000000003,1100,483083.11656484724,-0.7945937540698833,83252.41,91488.03200756869,9.892352674917992,-1.3551,0.044,True
2024-07-08,SKU0045,Pet Supplies,1365.105077399381,1396.081894346266,21.20806061201089,2.2691891972080214,323,313.3266435818462,-2.994847188282901,440928.94,1100,437429.65412090113,-0.7936167399442806,85628.94000000003,92770.34618087031,8.339944627213969,-1.3551,0.044,True
2024-07-15,SKU0045,Pet Supplies,1526.7689272030652,1470.2874659363154,25.184698537881307,-3.699411237705763,261,269.56832907593537,3.2828847034235054,398486.69,1100,396342.9354537438,-0.5379739399216099,111386.69000000003,99817.77347021486,-10.386264759088515,-0.8569,0.044,True
2024-07-22,SKU0045,Pet Supplies,1373.8738513513515,1423.5054325995231,22.725971056447342,3.6125282681050974,296,287.13420818023286,-2.9951999391105155,406666.66000000003,1100,408737.1052297239,0.5091258845079327,81066.66000000005,92889.47623146776,14.584067274348932,-0.8569,0.044,True
2024-07-29,SKU0045,Pet Supplies,1515.7178656126482,1515.0663845794004,27.39592065430371,-0.042981682015375,253,253.09321963932717,0.03684570724393765,383476.62,1100,383453.0292405155,-0.006151811676158303,105176.62,105050.48763725563,-0.11992433560268356,-0.8569,0.044,True
2024-08-05,SKU0045,Pet Supplies,1379.040748502994,1402.2477090751534,21.554516161377762,1.6828335636457137,334,326.53157999755337,-2.2360538929480978,460599.61,1100,457878.1599922594,-0.5908493947141213,93199.60999999996,98693.42199495067,5.894672729800821,-1.3551,0.044,True
2024-08-12,SKU0045,Pet Supplies,1162.9727064220183,,,,436,,,507056.1,1100,,,27456.099999999977,,,-1.3551,0.044,True
2024-08-19,SKU0045,Pet Supplies,1381.9221348314609,1431.9271505993536,23.180449540356904,3.6185118182502585,267,258.99,-2.9999999999999916,368973.2100000001,1100,370854.8127337266,0.5099564637027543,75273.21000000005,85965.81273372659,14.205057461647419,-0.8569,0.044,True
2024-08-26,SKU0045,Pet Supplies,1398.476105610561,1448.9724043289132,24.084130469726826,3.6108088308241637,303,293.9287239003194,-2.9938204949440883,423738.26,1100,425894.60977117514,0.5088872010696299,90438.26,102573.01348082375,13.417721084885702,-0.8569,0.044,True
2024-09-02,SKU0045,Pet Supplies,1428.1784081632652,1473.7617901131912,25.361072095951453,3.1917148228385095,245,238.49200786567704,-2.656323320131826,349903.70999999996,1100,351480.40843980946,0.4506092375555326,80403.70999999998,89139.19978756472,10.864535713046998,-0.8569,0.044,True
2024-09-09,SKU0045,Pet Supplies,1333.9773376623375,1382.2066404029097,20.41710929131748,3.6154514307633834,308,298.7675614236258,-2.997544992329282,410865.01999999996,1100,412958.5073367198,0.5095316551211537,72065.01999999995,84314.18977073139,16.997386208636932,-0.8569,0.044,True
2024-09-16,SKU0045,Pet Supplies,1240.098148148148,,,,378,,,468757.1,1100,,,52957.09999999998,,,-1.3551,0.044,True
2024-09-23,SKU0045,Pet Supplies,1271.704642857143,,,,308,,,391685.03,1100,,,52885.030000000035,,,-1.3551,0.044,True
2024-09-30,SKU0045,Pet Supplies,1342.091044176707,1390.6055266287387,20.897768710387417,3.6148428724366077,249,241.53732857351773,-2.997056797784048,334180.67000000004,1100,335883.1440014753,0.5094471806149858,60280.67000000007,70192.08257060582,16.442107512417724,-0.8569,0.044,True
2024-10-07,SKU0045,Pet Supplies,1289.833079847909,,,,263,,,339226.10000000003,1100,,,49926.10000000006,,,-0.8569,0.044,True
2024-10-14,SKU0045,Pet Supplies,1380.5404363636364,1410.4431938184052,22.010329460909496,2.166018224973776,275,269.99640505376686,-1.8194890713575051,379648.62,1100,380814.5918635228,0.30711868872927983,77148.62000000002,83818.5463043792,8.645554909963614,-0.8569,0.044,True
2024-10-21,SKU0045,Pet Supplies,1471.6310169491526,1374.1446323879138,19.95020217861057,-6.624376860671122,236,250.27582728630787,6.049079358605036,347304.92,1100,343915.1846819245,-0.9760113153811534,87704.92000000001,68611.77466698588,-21.769754003554343,-0.8569,0.044,True
2024-10-28,SKU0045,Pet Supplies,1426.9391881918818,1401.3030995297042,21.501636557488922,-1.796578920413694,271,275.24281597252127,1.5656147500078488,386700.51999999996,1100,385698.61114557803,-0.2590916749793726,88600.51999999997,82931.51357580464,-6.398389562719653,-0.8569,0.044,True
2024-11-04,SKU0045,Pet Supplies,1456.4358974358977,1393.4943197807625,21.061752144561144,-4.321616747152824,234,243.02809805114484,3.8581615603183073,340806.00000000006,1100,338658.2741813925,-0.630190142957443,83406.00000000006,71327.36632513319,-14.481732339240416,-0.8569,0.044,True
2024-11-11,SKU0045,Pet Supplies,1282.5014942528735,,,,261,,,334732.88999999996,1100,,,47632.889999999985,,,-0.8569,0.044,True
2024-11-18,SKU0045,Pet Supplies,1379.1823636363636,1369.356001833894,19.670268467305956,-0.7124773388604955,220,221.35209364882294,0.6145880221922528,303420.12,1100,303109.81795651384,-0.10226811705372763,61420.11999999998,59622.51494280862,-2.926736478520975,-0.8569,0.044,True
2024-11-25,SKU0045,Pet Supplies,1474.903209876543,1411.5870415859224,22.073526633954742,-4.292903281152971,243,252.3104500508674,3.8314609262828814,358401.48,1100,356158.16174851655,-0.6259232666905978,91101.47999999997,78616.66669256242,-13.704292518011297,-0.8569,0.044,True
2024-12-02,SKU0045,Pet Supplies,1295.729543859649,1342.6145171274588,18.070303429053915,3.6184228020418097,285,276.4502035067529,-2.9999285941217813,369282.92,1100,371166.0564910068,0.5099441076253486,55782.91999999999,67070.8326335786,20.235428037074076,-0.8569,0.044,True
2024-12-09,SKU0045,Pet Supplies,1428.8406862745098,1480.4042361113238,25.695970521575706,3.6087683065113563,306,296.84391879977335,-2.992183398766879,437225.25,1100,439448.9948550703,0.5086039415771015,100625.25000000001,112920.68417531962,12.21903466110108,-0.8569,0.044,True
2024-12-16,SKU0045,Pet Supplies,1255.5907894736845,,,,266,,,333987.1500000001,1100,,,41387.150000000074,,,-0.8569,0.044,True
2024-12-23,SKU0045,Pet Supplies,1506.3601851851852,1450.3970258165095,24.158697210458733,-3.7151247038433755,270,278.902785691941,3.297328034052227,406717.25,1100,404519.7708595306,-0.5402965181509733,109717.25,97726.70659839548,-10.928585433561743,-0.8569,0.044,True
2024-12-30,SKU0045,Pet Supplies,1401.699818181818,1391.555148151026,20.951749453725814,-0.723740554090313,55,55.343403225925286,0.6243695016823425,77093.48999999999,1100,77013.39767523443,-0.1038898676990252,16593.48999999999,16135.65412671662,-2.759129473566868,-0.8569,0.044,True
2024-07-01,SKU0046,Pet Supplies,485.04469168900806,,,,373,,,180921.67,450,,,13071.670000000007,,,-1.4172,0.9052,False
2024-07-08,SKU0046,Pet Supplies,536.7178186968838,,,,353,,,189461.38999999998,450,,,30611.38999999998,,,-1.4172,0.9052,False
2024-07-15,SKU0046,Pet Supplies,593.9364564564564,635.6610985459519,29.207560281830027,7.025102035061637,333,329.17642503950265,-1.148220708858061,197780.84,450,209244.64795603944,5.796217649818569,47930.83999999999,61115.25668826324,27.507168011792093,-0.1701,0.9052,False
2024-07-22,SKU0046,Pet Supplies,536.2295268138802,623.7719411866202,27.858249099189774,16.325549041077903,317,308.94980528174807,-2.5394936019722203,169984.76,450,192714.21976982433,13.371469165720695,27334.760000000013,53686.80739303769,96.40489762133512,-0.1701,0.9052,False
2024-07-29,SKU0046,Pet Supplies,507.87951890034367,607.4160679145218,25.915690451684608,19.598456978476662,291,282.2746440406794,-2.9984041097321668,147792.94,450,171458.15435516078,16.012411929257773,16842.940000000006,44434.56453685506,163.81715150000562,-0.1701,0.9052,False
2024-08-05,SKU0046,Pet Supplies,565.3614715719065,577.6440364229994,22.097352067100324,2.172515367370731,299,290.03000000000003,-2.9999999999999916,169043.08000000005,450,167534.09988376254,-0.8926600936503881,34493.08000000003,37020.59988376252,7.327614361380563,-1.4172,0.9052,False
2024-08-12,SKU0046,Pet Supplies,458.34347031963466,,,,438,,,200754.43999999997,450,,,3654.439999999982,,,-1.4172,0.9052,False
2024-08-19,SKU0046,Pet Supplies,555.181875,617.205620057875,27.090748143575915,11.171788534680637,320,314.2869136261952,-1.7853394918139975,177658.2,450,193979.6494007316,9.186994690215023,33658.2,52550.53826894376,56.12997209875681,-0.1701,0.9052,False
2024-08-26,SKU0046,Pet Supplies,553.4374603174602,622.8783594606532,27.754754493372925,12.547198937954175,252,246.98382368223852,-1.9905461578418548,139466.24,450,153840.87890851195,10.306894993736094,26066.239999999983,42698.158251504625,63.80635738604668,-0.1701,0.9052,False
2024-09-02,SKU0046,Pet Supplies,605.1317567567568,612.9011083993013,26.578693718591257,1.2839107443616715,222,221.5187754065762,-0.21676783487558637,134339.25,450,135769.10297794643,1.0643598039637991,34439.25,36085.654044987146,4.780603657127114,-0.1701,0.9052,False
2024-09-09,SKU0046,Pet Supplies,550.3635782747604,629.4601796321928,28.510171959893515,14.37169981439881,313,305.9316068862223,-2.2582725603123577,172263.8,450,192571.76422576688,11.788875100727436,31413.799999999992,54902.54112696683,74.772046447634,-0.1701,0.9052,False
2024-09-16,SKU0046,Pet Supplies,555.2619649122807,567.3251164291647,20.68040230047064,2.172515367370731,285,276.45000000000005,-2.9999999999999805,158249.66,450,156837.0284368426,-0.892660093650377,29999.66000000001,32434.528436842593,8.116320107769814,-1.4172,0.9052,False
2024-09-23,SKU0046,Pet Supplies,488.2226648351648,,,,364,,,177713.05,450,,,13913.04999999998,,,-1.4172,0.9052,False
2024-09-30,SKU0046,Pet Supplies,534.7971565495208,588.4484252508274,23.527707664747933,10.032078152296364,313,307.9512008735576,-1.6130348646780868,167391.51,450,181213.39920814618,8.257222369369966,26541.51,42635.35881504528,60.63652299754341,-0.1701,0.9052,False
2024-10-07,SKU0046,Pet Supplies,542.5206109324758,618.5397193233205,27.2480026840802,14.012206515100711,311,304.13959567691563,-2.205917788773104,168723.90999999997,450,188122.42014510758,11.497190970211403,28773.90999999999,51259.60209049553,78.14611253908679,-0.1701,0.9052,False
2024-10-14,SKU0046,Pet Supplies,504.8405167173252,579.6997202923794,22.37360408367346,14.828287567293263,329,321.35242538008646,-2.324490765931164,166092.53,450,186287.91110811385,12.159114626114654,18042.529999999995,41679.319687074945,131.00596028979834,-0.1701,0.9052,False
2024-10-21,SKU0046,Pet Supplies,523.2678745644599,597.6338622846957,24.703061791094957,14.211838971030666,287,280.5855068035547,-2.2350150510262345,150177.88,450,167687.40013211718,11.659187179974296,21027.88,41423.922070517554,96.99523713525831,-0.1701,0.9052,False
2024-10-28,SKU0046,Pet Supplies,512.1103422053233,611.2589370126435,26.381444466194854,19.3607874389633,263,255.20053325541284,-2.965576708968498,134685.02000000002,450,155993.60668276343,15.82105172703201,16335.020000000019,41153.36671782765,151.93337209154078,-0.1701,0.9052,False
2024-11-04,SKU0046,Pet Supplies,537.0027335640139,600.0854752483455,25.010682884172887,11.747191911977817,289,283.59122848749206,-1.871547236161919,155193.79,450,170178.9771231788,9.655790430260636,25143.790000000005,42562.92430380737,69.27807742511118,-0.1701,0.9052,False
2024-11-11,SKU0046,Pet Supplies,556.8664573991032,612.531417873656,26.534380626200072,9.996105840984072,223,219.41513559558203,-1.607562513191918,124181.22000000002,450,134398.66410930234,8.227849677513488,23831.22000000001,35661.85309129043,49.643421911637,-0.1701,0.9052,False
2024-11-18,SKU0046,Pet Supplies,502.6850287356322,599.8432791309242,24.980404773063867,19.32785836882136,348,337.69564188556836,-2.961022446675754,174934.39,450,202564.4611768616,15.794533697383105,18334.39000000001,50601.42232835584,175.9918509879838,-0.1701,0.9052,False
2024-11-25,SKU0046,Pet Supplies,525.0726488095238,606.7768425666627,25.837644347713983,15.560550324299616,336,327.83503529914935,-2.430049018110314,176424.41,450,198922.70760154826,12.75237230582109,25224.409999999996,51396.94171693105,103.75874685247766,-0.1701,0.9052,False
2024-12-02,SKU0046,Pet Supplies,537.3524923076923,612.634330299961,26.54672163414858,14.00976808890686,325,317.8319234689752,-2.2055620095460915,174639.56,450,194714.7475823641,11.495211956766326,28389.55999999999,51690.38202132524,82.07531931218821,-0.1701,0.9052,False
2024-12-09,SKU0046,Pet Supplies,597.8791428571428,622.8771777412661,27.75461743006367,4.181118405412643,245,243.29891537416395,-0.6943202554432815,146480.38999999998,450,151545.34175577038,3.4577677979765076,36230.38999999999,42060.8298373966,16.092677548866053,-0.1701,0.9052,False
2024-12-16,SKU0046,Pet Supplies,556.8314925373135,597.4862010340319,24.684453093441615,7.301079238795771,268,264.806742132092,-1.191514129816429,149230.84,450,158218.37436470215,6.0225717182200045,28630.840000000007,39055.34040526075,36.41004038044549,-0.1701,0.9052,False
2024-12-23,SKU0046,Pet Supplies,546.4240157480316,602.1757676370478,25.270988275431467,10.203020050774004,254,249.836911744666,-1.6390111241472494,138791.7,450,150445.7341139136,8.39678029299562,24491.700000000026,38019.12382881391,55.232686292964004,-0.1701,0.9052,False
2024-12-30,SKU0046,Pet Supplies,503.8707692307692,602.62600108708,25.32681975416879,19.59931750100821,104,100.88153625874264,-2.9985228281320775,52402.56,450,60793.83677912734,16.013104663450296,5602.559999999998,15397.145462693155,174.82339256863222,-0.1701,0.9052,False
2024-07-01,SKU0047,Pet Supplies,367.4794817658349,,,,521,,,191456.81,350,,,9106.809999999992,,,-3.0724,0.0096,True
2024-07-08,SKU0047,Pet Supplies,361.30309012875534,,,,466,,,168367.24,350,,,5267.23999999999,,,-3.0724,0.0096,True
2024-07-15,SKU0047,Pet Supplies,421.5100290697675,428.44229676609484,18.308719133984074,1.6446269882655518,344,333.682349891621,-2.999316891970638,144999.45,350,142963.6323778738,-1.4040174787740445,24599.450000000015,26174.809915806432,6.404045276648129,-1.8668,0.0096,True
2024-07-22,SKU0047,Pet Supplies,408.53439344262296,,,,305,,,124602.99,350,,,17852.99,,,-1.8668,0.0096,True
2024-07-29,SKU0047,Pet Supplies,388.3010240963856,,,,332,,,128915.94000000003,350,,,12715.940000000024,,,-1.8668,0.0096,True
2024-08-05,SKU0047,Pet Supplies,418.71871165644166,,,,326,,,136502.3,350,,,22402.29999999998,,,-3.0724,0.0096,True
2024-08-12,SKU0047,Pet Supplies,377.505497382199,,,,382,,,144207.1,350,,,10507.100000000017,,,-3.0724,0.0096,True
2024-08-19,SKU0047,Pet Supplies,444.535737704918,442.8324947450426,20.96334299010514,-0.383150962995471,305,307.19360273734446,0.7192140122440849,135583.4,350,136035.3094698958,0.33330737383470144,28833.39999999999,28517.548511825233,-1.0954361545109426,-1.8668,0.0096,True
2024-08-26,SKU0047,Pet Supplies,398.5340131578947,,,,304,,,121154.34,350,,,14754.339999999995,,,-1.8668,0.0096,True
2024-09-02,SKU0047,Pet Supplies,456.4406355932204,439.7227543715275,20.40439196733485,-3.66266276883197,236,253.0254304368089,7.214165439325804,107719.99000000002,350,111261.03919771494,3.287272118865703,25119.990000000016,22702.13854483183,-9.625208669144314,-1.8668,0.0096,True
2024-09-09,SKU0047,Pet Supplies,444.4007258064516,443.2428512214914,21.036515527443285,-0.2605474108664074,248,249.21076709977132,0.48821254023037053,110211.37999999999,350,110460.89096439768,0.2263931042308709,23411.379999999994,23237.122479477715,-0.7443282733537226,-1.8668,0.0096,True
2024-09-16,SKU0047,Pet Supplies,417.93561797752807,,,,267,,,111588.81,350,,,18138.809999999994,,,-3.0724,0.0096,True
2024-09-23,SKU0047,Pet Supplies,404.208087431694,,,,366,,,147940.16,350,,,19840.160000000014,,,-3.0724,0.0096,True
2024-09-30,SKU0047,Pet Supplies,398.193883161512,,,,291,,,115874.42,350,,,14024.419999999998,,,-1.8668,0.0096,True
2024-10-07,SKU0047,Pet Supplies,398.8881978798586,,,,283,,,112885.35999999997,350,,,13835.359999999979,,,-1.8668,0.0096,True
2024-10-14,SKU0047,Pet Supplies,416.61835294117645,,,,255,,,106237.68,350,,,16987.679999999997,,,-1.8668,0.0096,True
2024-10-21,SKU0047,Pet Supplies,423.8065637065637,430.7782258982754,18.75169659047496,1.6450104337078608,259,251.23000000000002,-2.9999999999999916,109765.9,350,108224.41369242374,-1.4043398793033623,19115.899999999994,20293.913692423735,6.162480931704706,-1.8668,0.0096,True
2024-10-28,SKU0047,Pet Supplies,459.4775289575289,447.15398355610023,21.727187306587243,-2.682077930859539,259,272.4842434742661,5.206271611685764,119004.67999999998,350,121842.4149257884,2.384557418908595,28354.67999999998,26472.929709795262,-6.636471616695083,-1.8668,0.0096,True
2024-11-04,SKU0047,Pet Supplies,405.6,,,,295,,,119652.0,350,,,16402.000000000007,,,-1.8668,0.0096,True
2024-11-11,SKU0047,Pet Supplies,415.5046840148699,,,,269,,,111770.76,350,,,17620.760000000002,,,-1.8668,0.0096,True
2024-11-18,SKU0047,Pet Supplies,461.2530932203389,449.58023342019,22.149602232872095,-2.530684340489142,236,247.5673544744253,4.901421387468341,108855.72999999998,350,111301.38901183104,2.2466975434651593,26255.729999999978,24652.814945782186,-6.105010427125023,-1.8668,0.0096,True
2024-11-25,SKU0047,Pet Supplies,457.116338028169,442.8753471962452,20.97099054716419,-3.1153974704457577,213,225.9639791529753,6.086375189190285,97365.78,350,100073.87572121904,2.7813629400586626,22815.780000000002,20986.48301767769,-8.017683297797895,-1.8668,0.0096,True
2024-12-02,SKU0047,Pet Supplies,434.9942181818182,442.13458247078466,20.838583120078088,1.6414848727901887,275,266.76727292833704,-2.993718935150169,119623.41,350,117947.03683304015,-1.4013755058143285,23373.410000000007,24578.49130812219,5.155778759377361,-1.8668,0.0096,True
2024-12-09,SKU0047,Pet Supplies,419.8000657894737,,,,304,,,127619.22,350,,,21219.22000000001,,,-1.8668,0.0096,True
2024-12-16,SKU0047,Pet Supplies,445.22645283018863,436.9220739052499,19.89418230311239,-1.8652033975407267,265,274.4799637795203,3.577344822460482,117985.01,350,119926.35501998587,1.6454166677494664,25235.009999999987,23858.36769715377,-5.455287328383129,-1.8668,0.0096,True
2024-12-23,SKU0047,Pet Supplies,460.6097244094488,438.2139748883215,20.130342696351196,-4.86219641798511,254,278.768764798043,9.75148220395392,116994.87,350,122160.368496858,4.415149567547716,28094.869999999995,24591.300817542968,-12.470494373019092,-1.8668,0.0096,True
2024-12-30,SKU0047,Pet Supplies,454.74528571428567,440.00999345028436,20.456352080661176,-3.240339752144117,70,74.43957002220802,6.342242888868599,31832.17,350,32754.154717913734,2.8963929192189486,7332.169999999997,6700.305210140928,-8.61770512493668,-1.8668,0.0096,True
2024-07-01,SKU0048,Pet Supplies,1025.6879859484775,1185.4268882318372,24.077983304189697,15.57382990458307,427,420.79713963777937,-1.4526605063748588,437968.7699999999,900,498824.2438176707,13.89493452185433,53668.76999999989,120106.81814366925,123.79275348339362,-0.1011,0.0017,True
2024-07-08,SKU0048,Pet Supplies,971.5341223404254,1145.2452147364556,21.414209950913577,17.88008145072253,376,369.7985617482812,-1.649318683967771,365296.82999999996,900,423510.03325864277,15.935863242679327,26896.82999999994,90691.32768518967,237.1822169571279,-0.1011,0.0017,True
2024-07-15,SKU0048,Pet Supplies,1098.106783625731,1115.4325557394222,19.313812801224152,1.5777857283136854,342,331.75035188551396,-2.996973132890657,375552.51999999996,900,370045.1428711115,-1.4664732189490937,67752.51999999997,71469.82617414893,5.486594704003567,-1.9437,0.0017,True
2024-07-22,SKU0048,Pet Supplies,1104.6064469914038,1122.0527832543569,19.789869653932314,1.5794164800025712,349,338.53000000000003,-2.9999999999999916,385507.6499999999,900,379848.52871509746,-1.4679660143974926,71407.64999999992,75171.52871509745,5.270974069441481,-1.9437,0.0017,True
2024-07-29,SKU0048,Pet Supplies,1077.667116564417,,,,326,,,351319.4799999999,900,,,57919.47999999995,,,-1.9437,0.0017,True
2024-08-05,SKU0048,Pet Supplies,1106.9384615384615,1131.0735704579597,20.429579162069935,2.180347847517594,325,324.2920627570111,-0.21782684399659358,359755.0,900,366798.18129374925,1.9577716206166107,67255.0,74935.32481243928,11.419708292973429,-0.1011,0.0017,True
2024-08-12,SKU0048,Pet Supplies,959.5762239583332,1172.8054604316803,23.26093027664345,22.221187973349153,384,376.2882984533147,-2.008255611115961,368477.26999999996,900,441312.9711225933,19.766674107901782,22877.26999999996,102653.50251461007,348.7139528213386,-0.1011,0.0017,True
2024-08-19,SKU0048,Pet Supplies,1110.6742903225806,1128.216463103087,20.228074183157403,1.5794164800025712,310,300.70000000000005,-2.9999999999999805,344309.03,900,339254.69045509835,-1.4679660143974926,65309.03,68624.6904550983,5.07687903969527,-1.9437,0.0017,True
2024-08-26,SKU0048,Pet Supplies,1044.7386930091184,,,,329,,,343719.02999999997,900,,,47619.02999999995,,,-1.9437,0.0017,True
2024-09-02,SKU0048,Pet Supplies,1084.2875746268658,1101.4129912711426,18.286781876314308,1.5794164800025712,268,259.96000000000004,-2.9999999999999916,290589.07,900,286323.32121084625,-1.4679660143975037,49389.07000000002,52359.32121084623,6.013984897561775,-1.9437,0.0017,True
2024-09-09,SKU0048,Pet Supplies,952.6792574257428,,,,404,,,384882.4200000001,900,,,21282.420000000082,,,-1.9437,0.0017,True
2024-09-16,SKU0048,Pet Supplies,992.98476340694,1142.8466030073926,21.24927373178023,15.092058319835155,317,312.5270241158255,-1.4110334019477921,314776.17,900,357170.4478587806,13.468070933953058,29476.16999999999,75896.12615453768,157.48299780649145,-0.1011,0.0017,True
2024-09-23,SKU0048,Pet Supplies,973.51211143695,1144.9628645456123,21.394830533899263,17.611568576747636,341,335.4531541327968,-1.6266410167751322,331967.62999999995,900,384081.40427674784,15.698450561805654,25067.629999999957,82173.56555723072,227.80747744095015,-0.1011,0.0017,True
2024-09-30,SKU0048,Pet Supplies,1148.2026910299005,1154.7715557030615,22.062507033951707,0.5720997454960575,301,297.6808828087694,-1.102696741272624,345609.01000000007,900,343753.4161441434,-0.5369055210269758,74709.01000000005,75840.62161625092,1.5146922924702988,-1.9437,0.0017,True
2024-10-07,SKU0048,Pet Supplies,978.0578839590444,,,,293,,,286570.96,900,,,22870.960000000003,,,-1.9437,0.0017,True
2024-10-14,SKU0048,Pet Supplies,950.1121824104234,,,,307,,,291684.44,900,,,15384.439999999993,,,-1.9437,0.0017,True
2024-10-21,SKU0048,Pet Supplies,1009.9711923076924,,,,260,,,262592.51,900,,,28592.510000000017,,,-1.9437,0.0017,True
2024-10-28,SKU0048,Pet Supplies,1161.7254285714284,1180.073911442666,23.733590644357992,1.5794164800025712,245,237.65000000000003,-2.9999999999999916,284622.73,900,280444.5650543496,-1.4679660143975037,64122.72999999997,66559.56505434959,3.8002671663380783,-1.9437,0.0017,True
2024-11-04,SKU0048,Pet Supplies,958.2577507598784,,,,329,,,315266.8,900,,,19166.799999999985,,,-1.9437,0.0017,True
2024-11-11,SKU0048,Pet Supplies,1044.0963425925927,,,,216,,,225524.81000000003,900,,,31124.81000000002,,,-1.9437,0.0017,True
2024-11-18,SKU0048,Pet Supplies,957.8680759493672,,,,395,,,378357.89,900,,,22857.890000000025,,,-1.9437,0.0017,True
2024-11-25,SKU0048,Pet Supplies,1120.2081132075473,1128.0884592894124,20.219022489875154,0.7034716129042273,212,209.13098261255232,-1.3533100884187244,237484.12000000002,900,235918.24796507505,-0.6593586278210828,46684.120000000024,47700.363613777954,2.1768507444885454,-1.9437,0.0017,True
2024-12-02,SKU0048,Pet Supplies,1078.5251760563378,,,,284,,,306301.14999999997,900,,,50701.14999999995,,,-1.9437,0.0017,True
2024-12-09,SKU0048,Pet Supplies,996.4777469135802,,,,324,,,322858.79,900,,,31258.78999999998,,,-1.9437,0.0017,True
2024-12-16,SKU0048,Pet Supplies,1096.5809652509654,1098.4278396903533,18.064713267490568,0.16842116523199113,259,258.1542341628478,-0.32655051627498155,284014.47000000003,900,283563.7977384145,-0.1586793312275736,50914.47000000004,51224.98699185148,0.6098796508172244,-1.9437,0.0017,True
2024-12-23,SKU0048,Pet Supplies,1094.917027027027,1112.210326994246,19.080053641269952,1.5794164800025712,333,323.01000000000005,-2.9999999999999805,364607.37,900,359255.05772241147,-1.4679660143974926,64907.36999999998,68546.05772241144,5.605970049951892,-1.9437,0.0017,True
2024-12-30,SKU0048,Pet Supplies,1063.514153846154,,,,65,,,69128.42000000001,900,,,10628.420000000006,,,-1.9437,0.0017,True
2024-07-01,SKU0049,Pet Supplies,2260.0543920595533,2396.81362459299,24.9002933924133,6.051147840243343,403,390.927063545629,-2.9957658695709766,910801.9199999999,1800,936979.3121282931,2.874103748957091,185401.91999999995,233310.59774616096,25.84044315515235,-0.5177,0.1568,False
2024-07-08,SKU0049,Pet Supplies,2204.6889701897016,2338.151787768882,23.016118567836813,6.053589389876457,369,357.9413577746086,-2.9969220123011953,813530.2299999999,1800,836921.2255971221,2.8752460246157296,149330.22999999992,192626.78160282664,28.993829047759956,-0.5177,0.1568,False
2024-07-15,SKU0049,Pet Supplies,2413.188722627737,2364.272485833044,23.866643511448903,-2.0270373525294816,274,286.57928382566786,4.5909794984189345,661213.71,1800,677551.5157587652,2.4708812766095267,168013.71,161708.80487256302,-3.752613478648248,-2.1919,0.1568,False
2024-07-22,SKU0049,Pet Supplies,2017.739520766773,,,,313,,,631552.47,1800,,,68152.46999999996,,,-2.1919,0.1568,False
2024-07-29,SKU0049,Pet Supplies,2249.251548821549,2280.725909641382,21.077758954252005,1.3993259596208008,297,288.09000000000003,-2.9999999999999916,668027.7100000001,1800,657054.3273085858,-1.6426538191678164,133427.71000000005,138492.3273085857,3.7957762361249037,-2.1919,0.1568,False
2024-08-05,SKU0049,Pet Supplies,1939.3710695187167,,,,374,,,725324.78,1800,,,52124.78000000004,,,-0.5177,0.1568,False
2024-08-12,SKU0049,Pet Supplies,2241.6661329305134,2377.330542552311,24.28482418488119,6.051945364604516,331,321.08276493446664,-2.996143524330319,741991.49,1800,763319.8637658516,2.8744768711365776,146191.48999999993,185370.8868838117,26.800053056311146,-0.5177,0.1568,False
2024-08-19,SKU0049,Pet Supplies,2386.045257142857,2419.4338078343576,25.60242837925848,1.3993259596208008,350,339.50000000000006,-2.9999999999999805,835115.8399999999,1800,821397.7777597646,-1.6426538191678053,205115.83999999988,210297.77775976443,2.526346946079139,-2.1919,0.1568,False
2024-08-26,SKU0049,Pet Supplies,2159.409925925926,,,,270,,,583040.68,1800,,,97040.68000000002,,,-2.1919,0.1568,False
2024-09-02,SKU0049,Pet Supplies,2226.5445985401457,2257.7012151100525,20.272886954518547,1.3993259596208008,274,265.78000000000003,-2.9999999999999916,610073.22,1800,600051.8289519498,-1.6426538191678275,116873.21999999991,121647.82895194978,4.085289129494218,-2.1919,0.1568,False
2024-09-09,SKU0049,Pet Supplies,2347.374746376812,2374.8488909315697,24.205703913484648,1.170420044654752,276,269.0495059962371,-2.5182949288996115,647875.43,1800,638951.9209208504,-1.3773495128762137,151075.43000000005,154662.8101276236,2.3745622485559448,-2.1919,0.1568,False
2024-09-16,SKU0049,Pet Supplies,2199.5527181208054,2308.4457506518356,22.025458060180355,4.950689821340748,298,290.63785228569003,-2.470519367218116,655466.71,1800,670921.715087477,2.357862703275515,119066.70999999999,147773.580973235,24.109905256670828,-0.5177,0.1568,False
2024-09-23,SKU0049,Pet Supplies,2218.3473566878984,2328.47737290849,22.6962640503726,4.964507289111886,314,306.2216981752793,-2.4771661862167837,696561.0700000001,1800,713030.295294751,2.3643620070169735,131361.0700000001,161831.23857924814,23.195737199193054,-0.5177,0.1568,False
2024-09-30,SKU0049,Pet Supplies,2301.657558685446,2333.865250405706,22.874724678852036,1.3993259596208008,213,206.61000000000004,-2.9999999999999805,490253.06,1800,482199.899386323,-1.6426538191677942,106853.06,110301.89938632291,3.2276468135988834,-2.1919,0.1568,False
2024-10-07,SKU0049,Pet Supplies,2370.775333333333,2314.482246145777,22.228826641575047,-2.374458954253056,225,237.16925194652043,5.4085564206757475,533424.45,1800,548924.0229618963,2.9056735141961276,128424.44999999994,122019.36945815953,-4.9874307749345315,-2.1919,0.1568,False
2024-10-14,SKU0049,Pet Supplies,2338.818885017421,2352.297050226499,23.479052110927874,0.5762808439516043,287,283.4078349598746,-1.2516254495210433,671241.0199999998,1800,666659.4141871914,-0.6825574832730497,154641.01999999984,156525.31125941715,1.218493811937682,-2.1919,0.1568,False
2024-10-21,SKU0049,Pet Supplies,2106.6651502145924,,,,233,,,490852.98000000004,1800,,,71452.98000000003,,,-2.1919,0.1568,False
2024-10-28,SKU0049,Pet Supplies,2318.070962199313,2350.5083309357997,23.42082024089775,1.3993259596208008,291,282.27000000000004,-2.9999999999999916,674558.65,1800,663477.9865732483,-1.6426538191677942,150758.65000000002,155391.9865732482,3.073347083731637,-2.1919,0.1568,False
2024-11-04,SKU0049,Pet Supplies,2365.988259259259,2399.096147172654,24.971743957768915,1.3993259596208008,270,261.90000000000003,-2.9999999999999916,638816.83,1800,628323.2809445182,-1.6426538191678164,152816.8299999999,156903.28094451813,2.6740843561001926,-2.1919,0.1568,False
2024-11-11,SKU0049,Pet Supplies,2123.4375187969927,,,,266,,,564834.38,1800,,,86034.38000000005,,,-2.1919,0.1568,False
2024-11-18,SKU0049,Pet Supplies,2228.0578402366864,2259.2356319904848,20.327035634874356,1.3993259596208008,338,327.86000000000007,-2.9999999999999805,753083.55,1800,740712.9943044005,-1.6426538191678053,144683.55,150564.99430440037,4.06504008534514,-2.1919,0.1568,False
2024-11-25,SKU0049,Pet Supplies,2428.1291139240507,2438.85564351246,26.19489370811529,0.4417610878638456,237,234.72121830617266,-0.9615112632182843,575466.6,1800,572451.1679181294,-0.5239977579707733,148866.6,149952.97496701856,0.7297640753658241,-2.1919,0.1568,False
2024-12-02,SKU0049,Pet Supplies,2145.323813229572,,,,257,,,551348.22,1800,,,88748.21999999997,,,-2.1919,0.1568,False
2024-12-09,SKU0049,Pet Supplies,2114.307122093024,,,,344,,,727321.6500000004,1800,,,108121.65000000031,,,-2.1919,0.1568,False
2024-12-16,SKU0049,Pet Supplies,2042.7739240506328,,,,395,,,806895.7,1800,,,95895.69999999995,,,-2.1919,0.1568,False
2024-12-23,SKU0049,Pet Supplies,2297.9270312500003,2330.082520731425,22.749517067104964,1.3993259596208008,320,310.4000000000001,-2.9999999999999694,735336.6500000001,1800,723257.6144350346,-1.6426538191678053,159336.65000000008,164537.6144350344,3.2641356743940086,-2.1919,0.1568,False
2024-12-30,SKU0049,Pet Supplies,2340.185625,2372.9324499539393,24.144490500142997,1.3993259596208008,48,46.56000000000001,-2.9999999999999805,112328.91,1800,110483.73486985544,-1.6426538191678053,25928.910000000003,26675.73486985542,2.8802786922219825,-2.1919,0.1568,False
