week_start_date,sku_id,category,current_price,current_quantity,cost_price,is_on_promo,normal_elasticity,promo_elasticity,final_elasticity,elasticity,competitor_price,margin_target,elasticity_p_value,recommended_price,predicted_quantity,predicted_revenue,predicted_gross_margin,predicted_profit,volume_change_pct,price_change_pct,historical_revenue,historical_profit,revenue_change_pct,profit_change_pct
2024-07-01,SKU0001,Electronics,11365.814729729733,148,8000,True,-0.6959,-1.2398,-1.2398,-1.2398,9291.879,0.18,0.4324,10220.201876866526,168.8369308299278,1725547.517352412,21.723659704726213,374852.0707129895,14.079007317518787,-10.07946091067814,1682140.5800000005,498140.5800000004,2.5804583676598103,-24.749742188642976
2024-07-08,SKU0001,Electronics,10764.77175,160,8000,True,-0.6959,-1.2398,-1.2398,-1.2398,8909.088000000002,0.18,0.4324,9799.539175034823,179.76403035212064,1761604.6576977551,18.363508149641415,323492.41488079,12.35251897007541,-8.966586541560229,1722363.48,442363.48,2.27833312500072,-26.871808025203613
2024-07-15,SKU0001,Electronics,12962.745842696631,89,8000,False,-0.6959,-1.2398,-0.6959,-0.6959,8887.224,0.18,0.4324,,,,,,,,1153684.3800000001,441684.3800000002,,
2024-07-22,SKU0001,Electronics,12968.80761904762,84,8000,False,-0.6959,-1.2398,-0.6959,-0.6959,8627.472,0.18,0.4324,,,,,,,,1089379.84,417379.8400000001,,
2024-07-29,SKU0001,Electronics,13073.121692307692,65,8000,False,-0.6959,-1.2398,-0.6959,-0.6959,8527.056,0.18,0.4324,,,,,,,,849752.9099999999,329752.91,,
2024-08-05,SKU0001,Electronics,11324.75448275862,116,8000,True,-0.6959,-1.2398,-1.2398,-1.2398,9106.059,0.18,0.4324,10015.402719586009,135.08719577537792,1352952.6679499676,20.123032253557913,272255.1017469443,16.4544791167051,-11.561855624914742,1313671.52,385671.52,2.990180372485174,-29.40751711535654
2024-08-12,SKU0001,Electronics,11012.749444444444,126,8000,True,-0.6959,-1.2398,-1.2398,-1.2398,8508.12,0.18,0.4324,,,,,,,,1387606.43,379606.42999999993,,
2024-08-19,SKU0001,Electronics,12958.994933333332,75,8000,False,-0.6959,-1.2398,-0.6959,-0.6959,8629.923,0.18,0.4324,,,,,,,,971924.6199999999,371924.6199999999,,
2024-08-26,SKU0001,Electronics,12547.79042857143,70,8000,False,-0.6959,-1.2398,-0.6959,-0.6959,8610.627,0.18,0.4324,,,,,,,,878345.3300000001,318345.33000000013,,
2024-09-02,SKU0001,Electronics,11294.97757009346,107,8000,False,-0.6959,-1.2398,-0.6959,-0.6959,8829.624000000002,0.18,0.4324,,,,,,,,1208562.6000000003,352562.60000000027,,
2024-09-09,SKU0001,Electronics,12304.032068965518,87,8000,False,-0.6959,-1.2398,-0.6959,-0.6959,8768.259,0.18,0.4324,,,,,,,,1070450.79,374450.7900000001,,
2024-09-16,SKU0001,Electronics,11837.069745762712,118,8000,True,-0.6959,-1.2398,-1.2398,-1.2398,9288.594,0.18,0.4324,10217.38356649153,141.61550905044504,1446939.9749323498,21.702068362820015,314015.9025287893,20.013143263089027,-13.683168335229057,1396774.23,452774.23000000004,3.591542846000939,-30.646251106475454
2024-09-23,SKU0001,Electronics,10325.4685840708,113,8000,True,-0.6959,-1.2398,-1.2398,-1.2398,8588.733,0.18,0.4324,,,,,,,,1166777.9500000004,262777.9500000005,,
2024-09-30,SKU0001,Electronics,11826.990476190476,84,8000,False,-0.6959,-1.2398,-0.6959,-0.6959,8740.127999999999,0.18,0.4324,,,,,,,,993467.2,321467.2,,
2024-10-07,SKU0001,Electronics,12693.994102564104,78,8000,False,-0.6959,-1.2398,-0.6959,-0.6959,8808.413999999999,0.18,0.4324,,,,,,,,990131.54,366131.5400000001,,
2024-10-14,SKU0001,Electronics,12409.781222222224,90,8000,False,-0.6959,-1.2398,-0.6959,-0.6959,8865.168,0.18,0.4324,,,,,,,,1116880.31,396880.3100000001,,
2024-10-21,SKU0001,Electronics,11862.897014925373,67,8000,False,-0.6959,-1.2398,-0.6959,-0.6959,8319.69,0.18,0.4324,,,,,,,,794814.1,258814.09999999998,,
2024-10-28,SKU0001,Electronics,12639.402298850577,87,8000,False,-0.6959,-1.2398,-0.6959,-0.6959,7957.77,0.18,0.4324,,,,,,,,1099628.0000000002,403628.0000000002,,
2024-11-04,SKU0001,Electronics,11484.985757575758,99,8000,False,-0.6959,-1.2398,-0.6959,-0.6959,9075.159,0.18,0.4324,9980.596466332698,109.16086700658703,1089490.563507756,19.84446994740039,216203.62745505982,10.263502026855576,-13.098747556136326,1137013.59,345013.59,-4.179635750197508,-37.3347503630046
2024-11-11,SKU0001,Electronics,12297.007857142858,70,8000,False,-0.6959,-1.2398,-0.6959,-0.6959,8642.328,0.18,0.4324,,,,,,,,860790.55,300790.5500000001,,
2024-11-18,SKU0001,Electronics,11518.121627906976,86,8000,False,-0.6959,-1.2398,-0.6959,-0.6959,8580.126,0.18,0.4324,,,,,,,,990558.46,302558.4599999999,,
2024-11-25,SKU0001,Electronics,12688.610975609758,82,8000,False,-0.6959,-1.2398,-0.6959,-0.6959,8574.084,0.18,0.4324,,,,,,,,1040466.1000000001,384466.1000000001,,
2024-12-02,SKU0001,Electronics,12953.39792682927,82,8000,False,-0.6959,-1.2398,-0.6959,-0.6959,8674.653,0.18,0.4324,,,,,,,,1062178.6300000001,406178.6300000001,,
2024-12-09,SKU0001,Electronics,11568.77448275862,87,8000,False,-0.6959,-1.2398,-0.6959,-0.6959,8686.538999999999,0.18,0.4324,,,,,,,,1006483.3799999999,310483.3799999999,,
2024-12-16,SKU0001,Electronics,11564.656636363636,110,8000,False,-0.6959,-1.2398,-0.6959,-0.6959,8332.494,0.18,0.4324,,,,,,,,1272112.23,392112.2299999999,,
2024-12-23,SKU0001,Electronics,12246.598068181816,88,8000,False,-0.6959,-1.2398,-0.6959,-0.6959,8959.263,0.18,0.4324,9854.283231814763,102.36911958417518,1008774.2985739778,18.817027968388103,189821.3419005763,16.328544982017256,-19.534525613138108,1077700.63,373700.62999999983,-6.395684432885796,-49.204971396334976
2024-12-30,SKU0001,Electronics,11824.967142857144,28,8000,False,-0.6959,-1.2398,-0.6959,-0.6959,8546.910000000002,0.18,0.4324,,,,,,,,331099.08,107099.08000000002,,
2024-07-01,SKU0002,Electronics,17489.128724137932,290,18000,True,-0.7486,-2.7505,-2.7505,-2.7505,21997.556666666667,0.18,0.4094,,,,,,,,5071847.33,-148152.66999999963,,
2024-07-08,SKU0002,Electronics,20573.90927272728,165,18000,True,-0.7486,-2.7505,-2.7505,-2.7505,21723.59,0.18,0.4094,,,,,,,,3394695.030000001,424695.0300000012,,
2024-07-15,SKU0002,Electronics,22632.095,134,18000,False,-0.7486,-2.7505,-0.7486,-0.7486,22411.83333333333,0.18,0.4094,23570.32326196831,129.98669732225667,3063828.4756412203,23.632782631183755,724067.9238406003,-2.995001998315916,4.145565233657389,3032700.73,620700.7300000002,1.0264034737519356,16.653306310852912
2024-07-22,SKU0002,Electronics,21607.813741935483,155,18000,False,-0.7486,-2.7505,-0.7486,-0.7486,21334.27333333333,0.18,0.4094,22504.574216893663,150.3527730274912,3383625.1393129434,20.016260576537295,677275.2248181019,-2.9982109500056753,4.150167553590989,3349211.13,559211.1299999998,1.0275258255499464,21.11261534048905
2024-07-29,SKU0002,Electronics,20338.68707070707,198,18000,False,-0.7486,-2.7505,-0.7486,-0.7486,20782.710000000003,0.18,0.4094,,,,,,,,4027060.04,463060.0399999999,,
2024-08-05,SKU0002,Electronics,18583.051111111112,162,18000,True,-0.7486,-2.7505,-2.7505,-2.7505,21609.78,0.18,0.4094,,,,,,,,3010454.2800000003,94454.28000000012,,
2024-08-12,SKU0002,Electronics,17090.358301886794,265,18000,True,-0.7486,-2.7505,-2.7505,-2.7505,21622.846666666665,0.18,0.4094,,,,,,,,4528944.95,-241055.0499999996,,
2024-08-19,SKU0002,Electronics,21827.869545454545,176,18000,False,-0.7486,-2.7505,-0.7486,-0.7486,20600.79333333333,0.18,0.4094,22660.637419418297,171.1353997356057,3878037.243035774,20.567106446107804,797600.0477948721,-2.7639774229513137,3.815158745701641,3841705.04,673705.0399999999,0.9457311963693593,18.39009662075144
2024-08-26,SKU0002,Electronics,21253.342880434782,184,18000,False,-0.7486,-2.7505,-0.7486,-0.7486,19758.88666666667,0.18,0.4094,,,,,,,,3910615.09,598615.09,,
2024-09-02,SKU0002,Electronics,20879.31704819277,166,18000,False,-0.7486,-2.7505,-0.7486,-0.7486,21139.32,0.18,0.4094,,,,,,,,3465966.63,477966.62999999983,,
2024-09-09,SKU0002,Electronics,19738.9848255814,172,18000,False,-0.7486,-2.7505,-0.7486,-0.7486,21801.12,0.18,0.4094,,,,,,,,3395105.3900000006,299105.3900000007,,
2024-09-16,SKU0002,Electronics,19834.09093406593,182,18000,True,-0.7486,-2.7505,-2.7505,-2.7505,21829.05,0.18,0.4094,,,,,,,,3609804.5499999993,333804.5499999994,,
2024-09-23,SKU0002,Electronics,20824.511944444446,144,18000,True,-0.7486,-2.7505,-2.7505,-2.7505,21960.58666666667,0.18,0.4094,,,,,,,,2998729.72,406729.72000000026,,
2024-09-30,SKU0002,Electronics,20404.06090909091,143,18000,False,-0.7486,-2.7505,-0.7486,-0.7486,21220.096666666668,0.18,0.4094,,,,,,,,2917780.71,343780.71,,
2024-10-07,SKU0002,Electronics,19022.431505376346,186,18000,False,-0.7486,-2.7505,-0.7486,-0.7486,21426.086666666662,0.18,0.4094,,,,,,,,3538172.2600000002,190172.2600000003,,
2024-10-14,SKU0002,Electronics,18808.38512820513,195,18000,False,-0.7486,-2.7505,-0.7486,-0.7486,20213.303333333333,0.18,0.4094,,,,,,,,3667635.1,157635.10000000018,,
2024-10-21,SKU0002,Electronics,20765.11576642336,137,18000,False,-0.7486,-2.7505,-0.7486,-0.7486,21514.25333333333,0.18,0.4094,,,,,,,,2844820.8600000003,378820.8600000005,,
2024-10-28,SKU0002,Electronics,20329.988773584908,106,18000,False,-0.7486,-2.7505,-0.7486,-0.7486,20125.146666666667,0.18,0.4094,,,,,,,,2154978.81,246978.81000000023,,
2024-11-04,SKU0002,Electronics,18942.458496732022,153,18000,False,-0.7486,-2.7505,-0.7486,-0.7486,21635.766666666663,0.18,0.4094,,,,,,,,2898196.1499999994,144196.14999999944,,
2024-11-11,SKU0002,Electronics,20616.85511450382,131,18000,False,-0.7486,-2.7505,-0.7486,-0.7486,20894.823333333334,0.18,0.4094,,,,,,,,2700808.02,342808.0200000002,,
2024-11-18,SKU0002,Electronics,20434.725839416056,137,18000,False,-0.7486,-2.7505,-0.7486,-0.7486,20959.506666666664,0.18,0.4094,,,,,,,,2799557.4399999995,333557.4399999997,,
2024-11-25,SKU0002,Electronics,19166.984551724137,145,18000,False,-0.7486,-2.7505,-0.7486,-0.7486,19880.596666666668,0.18,0.4094,,,,,,,,2779212.76,169212.75999999992,,
2024-12-02,SKU0002,Electronics,19491.642617449663,149,18000,False,-0.7486,-2.7505,-0.7486,-0.7486,20919.15333333333,0.18,0.4094,,,,,,,,2904254.7499999995,222254.74999999977,,
2024-12-09,SKU0002,Electronics,22274.446888888888,135,18000,False,-0.7486,-2.7505,-0.7486,-0.7486,20946.316666666666,0.18,0.4094,23040.761964347854,131.62455105209463,3032729.9494554643,21.877583615280095,663488.0305177609,-2.500332554003981,3.4403326793323252,3007050.33,577050.3299999998,0.8539803673809576,14.979230757525276
2024-12-16,SKU0002,Electronics,20733.3518125,160,18000,False,-0.7486,-2.7505,-0.7486,-0.7486,21328.81,0.18,0.4094,,,,,,,,3317336.29,437336.29000000015,,
2024-12-23,SKU0002,Electronics,18828.93966442953,149,18000,False,-0.7486,-2.7505,-0.7486,-0.7486,21323.84333333333,0.18,0.4094,,,,,,,,2805512.01,123512.01000000001,,
2024-12-30,SKU0002,Electronics,19276.56339622641,53,18000,False,-0.7486,-2.7505,-0.7486,-0.7486,21823.62,0.18,0.4094,,,,,,,,1021657.8599999998,67657.85999999978,,
2024-07-01,SKU0003,Electronics,33655.95154411765,136,30000,True,-1.176,1.7516,1.7516,1.7516,37729.95333333334,0.18,0.0164,,,,,,,,4577209.41,497209.41000000015,,
2024-07-08,SKU0003,Electronics,35592.216636363635,110,30000,True,-1.176,1.7516,1.7516,1.7516,35575.65333333333,0.18,0.0164,,,,,,,,3915143.83,615143.8299999998,,
2024-07-15,SKU0003,Electronics,33999.69010869566,92,30000,False,-1.176,1.7516,-1.176,-1.176,36753.05333333334,0.18,0.0164,,,,,,,,3127971.49,367971.49000000046,,
2024-07-22,SKU0003,Electronics,39854.97824324325,74,30000,False,-1.176,1.7516,-1.176,-1.176,35209.58666666667,0.18,0.0164,38727.931009674496,76.5389777456399,2964196.2496841536,22.536527984141987,668026.9173149565,3.4310510076214884,-2.827870653171971,2949268.39,729268.3900000004,0.5061546699096198,-8.397659013445491
2024-07-29,SKU0003,Electronics,35388.70777777778,81,30000,False,-1.176,1.7516,-1.176,-1.176,37493.18666666667,0.18,0.0164,,,,,,,,2866485.33,436485.3300000003,,
2024-08-05,SKU0003,Electronics,35810.27141791045,134,30000,True,-1.176,1.7516,1.7516,1.7516,34683.34,0.18,0.0164,,,,,,,,4798576.37,778576.3700000005,,
2024-08-12,SKU0003,Electronics,34130.762500000004,92,30000,True,-1.176,1.7516,1.7516,1.7516,35362.943333333336,0.18,0.0164,,,,,,,,3140030.1500000004,380030.1500000004,,
2024-08-19,SKU0003,Electronics,35240.46156626506,83,30000,False,-1.176,1.7516,-1.176,-1.176,35438.85,0.18,0.0164,,,,,,,,2924958.31,434958.31000000006,,
2024-08-26,SKU0003,Electronics,39595.72041666667,72,30000,False,-1.176,1.7516,-1.176,-1.176,35939.41333333333,0.18,0.0164,39532.15929249425,72.13615771918988,2851698.0777035034,24.11241749272236,687613.3461278068,0.18910794331927772,-0.16052523733263158,2850891.87,690891.8700000003,0.028279140011844284,-0.4745350198133824
2024-09-02,SKU0003,Electronics,33175.62925,80,30000,False,-1.176,1.7516,-1.176,-1.176,34944.41,0.18,0.0164,,,,,,,,2654050.34,254050.33999999985,,
2024-09-09,SKU0003,Electronics,39214.8955,60,30000,False,-1.176,1.7516,-1.176,-1.176,36628.24333333333,0.18,0.0164,40240.193938193304,58.206228882398264,2342229.9386385744,25.447675411111764,596043.0721666267,-2.9896185293362243,2.614563739417086,2352893.73,552893.73,-0.4532202719340628,7.804274099224595
2024-09-16,SKU0003,Electronics,32389.18186915888,107,30000,True,-1.176,1.7516,1.7516,1.7516,35718.44666666666,0.18,0.0164,,,,,,,,3465642.4600000004,255642.4600000003,,
2024-09-23,SKU0003,Electronics,34117.82791666666,72,30000,True,-1.176,1.7516,1.7516,1.7516,34749.60666666667,0.18,0.0164,,,,,,,,2456483.6099999994,296483.60999999964,,
2024-09-30,SKU0003,Electronics,38628.74107142857,56,30000,False,-1.176,1.7516,-1.176,-1.176,36356.05666666666,0.18,0.0164,39639.26152609269,54.324931376184395,2153400.162207612,24.31745989956854,523652.22092207987,-2.991193971099293,2.6159808128242146,2163209.5,483209.50000000006,-0.45346221863338254,8.369603851348085
2024-10-07,SKU0003,Electronics,37755.49847457627,59,30000,False,-1.176,1.7516,-1.176,-1.176,34607.52,0.18,0.0164,38066.99552284299,58.43264992404664,2224355.4230465353,21.191573992232197,471375.92532513605,-0.9616102982260233,0.8250375729417891,2227574.41,457574.41,-0.14450637154989066,3.0162340864158255
2024-10-14,SKU0003,Electronics,33729.24307692308,52,30000,False,-1.176,1.7516,-1.176,-1.176,35107.996666666666,0.18,0.0164,,,,,,,,1753920.6400000001,193920.64000000004,,
2024-10-21,SKU0003,Electronics,,0,30000,False,-1.176,1.7516,-1.176,-1.176,36293.05666666667,0.18,0.0164,,,,,,,,,,,
2024-10-28,SKU0003,Electronics,35525.3074137931,58,30000,False,-1.176,1.7516,-1.176,-1.176,36413.68333333333,0.18,0.0164,,,,,,,,2060467.83,320467.83,,
2024-11-04,SKU0003,Electronics,37814.83346153847,52,30000,False,-1.176,1.7516,-1.176,-1.176,36319.386666666665,0.18,0.0164,38804.833874611235,50.44339951617543,1957447.7382958324,22.69004398540141,444145.7528105694,-2.993462468893404,2.618021348896593,1966371.3400000003,406371.34000000026,-0.45381060650364624,9.295540578862948
2024-11-11,SKU0003,Electronics,36284.1268,50,30000,False,-1.176,1.7516,-1.176,-1.176,33745.56,0.18,0.0164,37119.5733025816,48.67923183336494,1806952.3143519536,19.180105451498946,346575.3593510054,-2.6415363332701225,2.302512355296926,1814206.3399999999,314206.3399999999,-0.3998456784163995,10.301835205172981
2024-11-18,SKU0003,Electronics,35731.903018867924,53,30000,False,-1.176,1.7516,-1.176,-1.176,35538.46666666667,0.18,0.0164,36669.38909395427,51.41013880983024,1885178.383391864,18.187892568556208,342874.2190969569,-2.9997380946599317,2.623666796003876,1893790.86,303790.86,-0.45477443101273884,12.865218886755493
2024-11-25,SKU0003,Electronics,36448.02127272728,55,30000,False,-1.176,1.7516,-1.176,-1.176,35169.68666666667,0.18,0.0164,37403.56194783819,53.351375170292336,1995531.4661843858,19.793735040964712,394990.2110756157,-2.9974996903775697,2.621653087724418,2004641.1700000004,354641.17000000045,-0.45443064584045345,11.377427238810212
2024-12-02,SKU0003,Electronics,36388.37235294117,51,30000,False,-1.176,1.7516,-1.176,-1.176,33846.153333333335,0.18,0.0164,37230.14222863845,49.646663531565785,1848352.3444575518,19.420130560438267,358952.4385105782,-2.6536009184984555,2.3132935640338914,1855806.9899999998,325806.9899999998,-0.40169293372733783,10.173338672254516
2024-12-09,SKU0003,Electronics,39962.07047619048,42,30000,False,-1.176,1.7516,-1.176,-1.176,35889.98,0.18,0.0164,39477.95998985067,42.60633583700318,1682011.2214873524,24.00823140883507,403821.14637725696,1.4436567547694734,-1.2114249351225181,1678406.96,418406.9600000001,0.21474300174211258,-3.486035132575982
2024-12-16,SKU0003,Electronics,33258.333384615384,65,30000,False,-1.176,1.7516,-1.176,-1.176,35530.57,0.18,0.0164,,,,,,,,2161791.67,211791.66999999993,,
2024-12-23,SKU0003,Electronics,37520.852333333336,60,30000,False,-1.176,1.7516,-1.176,-1.176,35355.130000000005,0.18,0.0164,38503.44096538263,58.20341639234195,2241031.807046122,22.084885797681917,494929.3152758634,-2.9943060127634147,2.618780147423161,2251251.14,451251.14000000013,-0.4539401567555945,9.67934956925831
2024-12-30,SKU0003,Electronics,35437.08,21,30000,False,-1.176,1.7516,-1.176,-1.176,34638.89333333333,0.18,0.0164,,,,,,,,744178.68,114178.68000000004,,
2024-07-01,SKU0004,Electronics,13417.998,80,9000,True,-1.8797,0.0483,0.0483,0.0483,9964.842,0.18,0.0018,,,,,,,,1073439.8399999999,353439.83999999997,,
2024-07-08,SKU0004,Electronics,14264.49883116883,77,9000,True,-1.8797,0.0483,0.0483,0.0483,9534.189,0.18,0.0018,,,,,,,,1098366.41,405366.4099999999,,
2024-07-15,SKU0004,Electronics,14431.626274509805,51,9000,False,-1.8797,0.0483,-1.8797,-1.8797,10072.686,0.18,0.0018,,,,,,,,736012.9400000001,277012.94000000006,,
2024-07-22,SKU0004,Electronics,14862.188333333334,60,9000,False,-1.8797,0.0483,-1.8797,-1.8797,9716.133,0.18,0.0018,,,,,,,,891731.3,351731.3,,
2024-07-29,SKU0004,Electronics,13966.606000000002,50,9000,False,-1.8797,0.0483,-1.8797,-1.8797,9488.532,0.18,0.0018,,,,,,,,698330.3,248330.30000000008,,
2024-08-05,SKU0004,Electronics,14682.984473684211,38,9000,True,-1.8797,0.0483,0.0483,0.0483,9428.595,0.18,0.0018,,,,,,,,557953.41,215953.41000000003,,
2024-08-12,SKU0004,Electronics,12062.936233766231,77,9000,True,-1.8797,0.0483,0.0483,0.0483,9518.448,0.18,0.0018,,,,,,,,928846.0899999999,235846.08999999982,,
2024-08-19,SKU0004,Electronics,14732.921463414636,41,9000,False,-1.8797,0.0483,-1.8797,-1.8797,9343.152,0.18,0.0018,,,,,,,,604049.78,235049.78000000006,,
2024-08-26,SKU0004,Electronics,13688.389782608694,46,9000,False,-1.8797,0.0483,-1.8797,-1.8797,9190.494,0.18,0.0018,,,,,,,,629665.9299999999,215665.92999999993,,
2024-09-02,SKU0004,Electronics,14288.93487804878,41,9000,False,-1.8797,0.0483,-1.8797,-1.8797,9149.508,0.18,0.0018,,,,,,,,585846.33,216846.33,,
2024-09-09,SKU0004,Electronics,14879.39,48,9000,False,-1.8797,0.0483,-1.8797,-1.8797,9121.425,0.18,0.0018,,,,,,,,714210.72,282210.72,,
2024-09-16,SKU0004,Electronics,15152.817727272726,44,9000,True,-1.8797,0.0483,0.0483,0.0483,9155.928,0.18,0.0018,,,,,,,,666723.98,270723.98,,
2024-09-23,SKU0004,Electronics,12552.135777777778,45,9000,True,-1.8797,0.0483,0.0483,0.0483,9673.731,0.18,0.0018,,,,,,,,564846.11,159846.11,,
2024-09-30,SKU0004,Electronics,14937.976774193548,31,9000,False,-1.8797,0.0483,-1.8797,-1.8797,9598.941,0.18,0.0018,,,,,,,,463077.28,184077.28,,
2024-10-07,SKU0004,Electronics,15414.63576923077,26,9000,False,-1.8797,0.0483,-1.8797,-1.8797,9934.503,0.18,0.0018,,,,,,,,400780.53,166780.53000000003,,
2024-10-14,SKU0004,Electronics,15976.591612903225,31,9000,False,-1.8797,0.0483,-1.8797,-1.8797,9402.384,0.18,0.0018,,,,,,,,495274.33999999997,216274.33999999997,,
2024-10-21,SKU0004,Electronics,,0,9000,False,-1.8797,0.0483,-1.8797,-1.8797,9334.293,0.18,0.0018,,,,,,,,,,,
2024-10-28,SKU0004,Electronics,14815.497272727274,33,9000,False,-1.8797,0.0483,-1.8797,-1.8797,9670.413,0.18,0.0018,,,,,,,,488911.41000000003,191911.41000000006,,
2024-11-04,SKU0004,Electronics,14802.479,30,9000,False,-1.8797,0.0483,-1.8797,-1.8797,9066.33,0.18,0.0018,,,,,,,,444074.37,174074.37,,
2024-11-11,SKU0004,Electronics,13181.651666666665,36,9000,False,-1.8797,0.0483,-1.8797,-1.8797,8992.794,0.18,0.0018,,,,,,,,474539.45999999996,150539.45999999993,,
2024-11-18,SKU0004,Electronics,15180.907741935484,31,9000,False,-1.8797,0.0483,-1.8797,-1.8797,9248.925,0.18,0.0018,,,,,,,,470608.14,191608.13999999998,,
2024-11-25,SKU0004,Electronics,13551.309411764709,34,9000,False,-1.8797,0.0483,-1.8797,-1.8797,9571.263,0.18,0.0018,,,,,,,,460744.5200000001,154744.5200000001,,
2024-12-02,SKU0004,Electronics,14730.058333333332,30,9000,False,-1.8797,0.0483,-1.8797,-1.8797,9508.14,0.18,0.0018,,,,,,,,441901.75,171901.74999999997,,
2024-12-09,SKU0004,Electronics,15188.52722222222,36,9000,False,-1.8797,0.0483,-1.8797,-1.8797,9621.006,0.18,0.0018,,,,,,,,546786.9799999999,222786.9799999999,,
2024-12-16,SKU0004,Electronics,13524.729743589744,39,9000,False,-1.8797,0.0483,-1.8797,-1.8797,9545.754,0.18,0.0018,,,,,,,,527464.46,176464.46,,
2024-12-23,SKU0004,Electronics,15065.611428571428,42,9000,False,-1.8797,0.0483,-1.8797,-1.8797,9421.083,0.18,0.0018,,,,,,,,632755.6799999999,254755.68,,
2024-12-30,SKU0004,Electronics,15872.2165,20,9000,False,-1.8797,0.0483,-1.8797,-1.8797,9798.875999999998,0.18,0.0018,,,,,,,,317444.33,137444.33000000002,,
2024-07-01,SKU0005,Electronics,6095.710044247788,226,6000,True,-2.4587,-3.7896,-3.7896,-3.7896,7019.933333333333,0.18,0.0,,,,,,,,1377630.47,21630.470000000012,,
2024-07-08,SKU0005,Electronics,6271.0388047808765,251,6000,True,-2.4587,-3.7896,-3.7896,-3.7896,6837.543333333332,0.18,0.0,,,,,,,,1574030.74,68030.74,,
2024-07-15,SKU0005,Electronics,6503.269602272727,176,6000,False,-2.4587,-3.7896,-2.4587,-2.4587,7103.206666666666,0.18,0.0,,,,,,,,1144575.45,88575.44999999992,,
2024-07-22,SKU0005,Electronics,7162.048831168831,154,6000,False,-2.4587,-3.7896,-2.4587,-2.4587,7222.073333333334,0.18,0.0,,,,,,,,1102955.52,178955.52000000002,,
2024-07-29,SKU0005,Electronics,6539.227021276595,188,6000,False,-2.4587,-3.7896,-2.4587,-2.4587,7011.326666666667,0.18,0.0,,,,,,,,1229374.68,101374.6799999999,,
2024-08-05,SKU0005,Electronics,6542.924242424242,198,6000,True,-2.4587,-3.7896,-3.7896,-3.7896,6981.126666666667,0.18,0.0,,,,,,,,1295499.0,107498.99999999993,,
2024-08-12,SKU0005,Electronics,5574.29825203252,246,6000,True,-2.4587,-3.7896,-3.7896,-3.7896,6692.963333333333,0.18,0.0,,,,,,,,1371277.37,-104722.62999999998,,
2024-08-19,SKU0005,Electronics,7365.835112781955,133,6000,False,-2.4587,-3.7896,-2.4587,-2.4587,6836.616666666666,0.18,0.0,7457.653132406685,129.01000000000002,962111.8306117866,19.545735186751443,188051.8306117864,-2.9999999999999805,1.2465391665555714,979656.0700000001,181656.07000000004,-1.7908570084410824,3.520807541298443
2024-08-26,SKU0005,Electronics,7403.694027777778,144,6000,False,-2.4587,-3.7896,-2.4587,-2.4587,6981.5,0.18,0.0,7495.983973605963,139.68,1047039.0414332809,19.95713943457534,208959.04143328092,-2.9999999999999916,1.2465391665555714,1066131.94,202131.93999999997,-1.7908570084410935,3.3775470780525563
2024-09-02,SKU0005,Electronics,6538.924277108434,166,6000,False,-2.4587,-3.7896,-2.4587,-2.4587,6982.576666666667,0.18,0.0,,,,,,,,1085461.43,89461.43,,
2024-09-09,SKU0005,Electronics,6610.873712574849,167,6000,False,-2.4587,-3.7896,-2.4587,-2.4587,6798.326666666667,0.18,0.0,,,,,,,,1104015.91,102015.90999999984,,
2024-09-16,SKU0005,Electronics,6807.267218543047,151,6000,True,-2.4587,-3.7896,-3.7896,-3.7896,6691.803333333333,0.18,0.0,,,,,,,,1027897.3500000002,121897.35000000017,,
2024-09-23,SKU0005,Electronics,7003.002993197279,147,6000,True,-2.4587,-3.7896,-3.7896,-3.7896,7044.883333333334,0.18,0.0,,,,,,,,1029441.44,147441.43999999994,,
2024-09-30,SKU0005,Electronics,7430.572352941176,119,6000,False,-2.4587,-3.7896,-2.4587,-2.4587,6931.493333333333,0.18,0.0,7523.197347619838,115.43,868402.6698357579,20.246675412572312,175822.66983575793,-2.9999999999999916,1.2465391665555714,884238.11,170238.10999999996,-1.7908570084410935,3.280440458225242
2024-10-07,SKU0005,Electronics,7323.11343137255,102,6000,False,-2.4587,-3.7896,-2.4587,-2.4587,6810.596666666667,0.18,0.0,7414.3989085059,98.94000000000001,733580.6280075739,19.076379973072157,139940.62800757377,-2.9999999999999916,1.2465391665555714,746957.5700000001,134957.57000000007,-1.7908570084410824,3.6923145604753405
2024-10-14,SKU0005,Electronics,6798.538968253969,126,6000,False,-2.4587,-3.7896,-2.4587,-2.4587,6486.943333333334,0.18,0.0,,,,,,,,856615.91,100615.91000000009,,
2024-10-21,SKU0005,Electronics,7513.87,119,6000,False,-2.4587,-3.7896,-2.4587,-2.4587,6903.176666666666,0.18,0.0,7593.286537753973,115.9632190804322,880541.9503180605,20.982831740012976,184762.63583546726,-2.551916739132609,1.0569325494581783,894150.53,180150.53,-1.521956228325394,2.560140031487701
2024-10-28,SKU0005,Electronics,6661.9385135135135,148,6000,False,-2.4587,-3.7896,-2.4587,-2.4587,6928.343333333333,0.18,0.0,,,,,,,,985966.9,97966.9,,
2024-11-04,SKU0005,Electronics,7332.107203389831,118,6000,False,-2.4587,-3.7896,-2.4587,-2.4587,6873.906666666667,0.18,0.0,7423.504791413928,114.46000000000001,849694.3584252382,19.17564319565554,162934.35842523817,-2.9999999999999916,1.2465391665555714,865188.65,157188.65000000002,-1.7908570084410935,3.6552947208581266
2024-11-11,SKU0005,Electronics,6250.545824175823,182,6000,False,-2.4587,-3.7896,-2.4587,-2.4587,6730.673333333333,0.18,0.0,,,,,,,,1137599.3399999999,45599.339999999844,,
2024-11-18,SKU0005,Electronics,6877.754587155963,109,6000,False,-2.4587,-3.7896,-2.4587,-2.4587,6849.463333333333,0.18,0.0,,,,,,,,749675.25,95675.25,,
2024-11-25,SKU0005,Electronics,7390.714594594594,111,6000,False,-2.4587,-3.7896,-2.4587,-2.4587,6845.63,0.18,0.0,7482.842746704555,107.67000000000002,805677.6785376795,19.816569676779576,159657.67853767946,-2.9999999999999805,1.2465391665555714,820369.32,154369.31999999995,-1.7908570084410824,3.425783398980786
2024-12-02,SKU0005,Electronics,6453.30804054054,148,6000,False,-2.4587,-3.7896,-2.4587,-2.4587,6763.386666666666,0.18,0.0,,,,,,,,955089.5899999999,67089.58999999991,,
2024-12-09,SKU0005,Electronics,6372.011168831169,154,6000,False,-2.4587,-3.7896,-2.4587,-2.4587,6953.849999999999,0.18,0.0,,,,,,,,981289.72,57289.72000000003,,
2024-12-16,SKU0005,Electronics,7031.024565217392,184,6000,False,-2.4587,-3.7896,-2.4587,-2.4587,6586.876666666666,0.18,0.0,,,,,,,,1293708.52,189708.52000000008,,
2024-12-23,SKU0005,Electronics,7228.623154362417,149,6000,False,-2.4587,-3.7896,-2.4587,-2.4587,6924.813333333333,0.18,0.0,7318.729113922535,144.53008056433654,1057776.5084637795,18.01855340449609,190596.0250777602,-2.9999459299754783,1.2465162125063989,1077064.85,183064.85000000015,-1.7908245298526526,4.113938354501179
2024-12-30,SKU0005,Electronics,7157.452307692308,52,6000,False,-2.4587,-3.7896,-2.4587,-2.4587,6721.693333333334,0.18,0.0,,,,,,,,372187.52,60187.520000000004,,
2024-07-01,SKU0006,Electronics,44212.513983739846,246,42000,True,-2.0946,0.9605,0.9605,0.9605,53009.78666666666,0.18,0.0,,,,,,,,10876278.440000001,544278.440000002,,
2024-07-08,SKU0006,Electronics,45244.50772908366,251,42000,True,-2.0946,0.9605,0.9605,0.9605,54813.293333333335,0.18,0.0,,,,,,,,11356371.44,814371.4399999995,,
2024-07-15,SKU0006,Electronics,51533.05091503268,153,42000,False,-2.0946,0.9605,-2.0946,-2.0946,52951.12666666667,0.18,0.0,52287.90826540469,148.41000000000003,7760048.465668711,19.67550167274809,1526828.46566871,-2.9999999999999805,1.4648023685160938,7884556.790000001,1458556.7900000005,-1.5791417025393772,4.680769109354288
2024-07-22,SKU0006,Electronics,49516.78375,152,42000,False,-2.0946,0.9605,-2.0946,-2.0946,53084.61000000001,0.18,0.0,,,,,,,,7526551.130000001,1142551.1300000004,,
2024-07-29,SKU0006,Electronics,51994.00327868853,122,42000,False,-2.0946,0.9605,-2.0946,-2.0946,51223.62333333333,0.18,0.0,52754.0750320879,118.34722499772425,6243298.387369334,20.385297297974965,1272714.9374649154,-2.994077870717826,1.4618450310998066,6343268.4,1219268.4000000004,-1.576001618198386,4.383492384852672
2024-08-05,SKU0006,Electronics,44460.00686390533,169,42000,True,-2.0946,0.9605,0.9605,0.9605,51335.07333333333,0.18,0.0,,,,,,,,7513741.16,415741.16000000044,,
2024-08-12,SKU0006,Electronics,43151.41611111111,216,42000,True,-2.0946,0.9605,0.9605,0.9605,51606.61000000001,0.18,0.0,,,,,,,,9320705.879999999,248705.8799999997,,
2024-08-19,SKU0006,Electronics,50545.4302173913,138,42000,False,-2.0946,0.9605,-2.0946,-2.0946,50173.95,0.18,0.0,51285.820876392296,133.86,6865119.982513874,18.106019788145208,1242999.982513873,-2.9999999999999916,1.4648023685160938,6975269.37,1179269.3699999996,-1.5791417025393883,5.404245555353748
2024-08-26,SKU0006,Electronics,48130.12154929578,142,42000,False,-2.0946,0.9605,-2.0946,-2.0946,50159.23666666666,0.18,0.0,,,,,,,,6834477.260000001,870477.2600000005,,
2024-09-02,SKU0006,Electronics,45300.341393939394,165,42000,False,-2.0946,0.9605,-2.0946,-2.0946,50859.25,0.18,0.0,,,,,,,,7474556.33,544556.3300000001,,
2024-09-09,SKU0006,Electronics,53495.33605504587,109,42000,False,-2.0946,0.9605,-2.0946,-2.0946,50452.59333333333,0.18,0.0,54278.93700462583,105.73,5738912.009499089,22.62191870776573,1298252.0094990886,-2.9999999999999916,1.4648023685160938,5830991.63,1252991.6299999997,-1.5791417025393883,3.6121853023941553
2024-09-16,SKU0006,Electronics,49316.70675,200,42000,True,-2.0946,0.9605,0.9605,0.9605,50236.96,0.18,0.0,,,,,,,,9863341.35,1463341.3499999996,,
2024-09-23,SKU0006,Electronics,47362.936608187134,171,42000,True,-2.0946,0.9605,0.9605,0.9605,51432.263333333336,0.18,0.0,,,,,,,,8099062.16,917062.1599999999,,
2024-09-30,SKU0006,Electronics,45790.220758620686,145,42000,False,-2.0946,0.9605,-2.0946,-2.0946,49873.35999999999,0.18,0.0,,,,,,,,6639582.01,549582.0099999994,,
2024-10-07,SKU0006,Electronics,52816.81171641791,134,42000,False,-2.0946,0.9605,-2.0946,-2.0946,51935.80333333334,0.18,0.0,53590.47362541469,129.98000000000002,6965689.761831403,21.627861896555505,1506529.7618314018,-2.9999999999999916,1.4648023685160938,7077452.7700000005,1449452.7700000003,-1.5791417025393661,3.9378304014280996
2024-10-14,SKU0006,Electronics,50026.123178294576,129,42000,False,-2.0946,0.9605,-2.0946,-2.0946,50316.76,0.18,0.0,,,,,,,,6453369.890000001,1035369.8900000004,,
2024-10-21,SKU0006,Electronics,50774.98419354839,124,42000,False,-2.0946,0.9605,-2.0946,-2.0946,49872.82333333333,0.18,0.0,51518.73736462916,120.28000000000002,6196673.7302175965,18.476262912383348,1144913.7302175956,-2.9999999999999916,1.4648023685160938,6296098.040000001,1088098.0400000007,-1.5791417025393772,5.221559834589429
2024-10-28,SKU0006,Electronics,47069.16386075949,158,42000,False,-2.0946,0.9605,-2.0946,-2.0946,50314.14666666667,0.18,0.0,,,,,,,,7436927.889999999,800927.889999999,,
2024-11-04,SKU0006,Electronics,48365.08834532374,139,42000,False,-2.0946,0.9605,-2.0946,-2.0946,50236.33666666667,0.18,0.0,,,,,,,,6722747.28,884747.2799999999,,
2024-11-11,SKU0006,Electronics,49588.51517985611,139,42000,False,-2.0946,0.9605,-2.0946,-2.0946,52553.79666666667,0.18,0.0,,,,,,,,6892803.609999999,1054803.6099999996,,
2024-11-18,SKU0006,Electronics,47248.70134831461,178,42000,False,-2.0946,0.9605,-2.0946,-2.0946,51283.6,0.18,0.0,,,,,,,,8410268.84,934268.8400000001,,
2024-11-25,SKU0006,Electronics,49377.9126056338,142,42000,False,-2.0946,0.9605,-2.0946,-2.0946,50765.05333333334,0.18,0.0,,,,,,,,7011663.59,1047663.5899999995,,
2024-12-02,SKU0006,Electronics,48233.51622222222,180,42000,False,-2.0946,0.9605,-2.0946,-2.0946,51110.13999999999,0.18,0.0,,,,,,,,8682032.92,1122032.9199999997,,
2024-12-09,SKU0006,Electronics,49867.544,160,42000,False,-2.0946,0.9605,-2.0946,-2.0946,50365.57,0.18,0.0,,,,,,,,7978807.04,1258807.0400000003,,
2024-12-16,SKU0006,Electronics,49010.68763975155,161,42000,False,-2.0946,0.9605,-2.0946,-2.0946,50096.4,0.18,0.0,,,,,,,,7890720.71,1128720.7099999997,,
2024-12-23,SKU0006,Electronics,53750.83913669065,139,42000,False,-2.0946,0.9605,-2.0946,-2.0946,50527.86666666667,0.18,0.0,54538.182701462174,134.83,7353383.173638145,22.989733211491888,1690523.173638145,-2.9999999999999916,1.4648023685160938,7471366.640000001,1633366.6400000004,-1.5791417025393772,3.499308253176059
2024-12-30,SKU0006,Electronics,49483.909565217386,46,42000,False,-2.0946,0.9605,-2.0946,-2.0946,49806.60333333333,0.18,0.0,,,,,,,,2276259.84,344259.83999999973,,
2024-07-01,SKU0007,Electronics,17027.792166666666,120,12000,True,-2.5623,-1.1019,-1.1019,-1.1019,12403.875,0.18,0.0358,,,,,,,,2043335.06,603335.0599999999,,
2024-07-08,SKU0007,Electronics,17404.739024390245,123,12000,True,-2.5623,-1.1019,-1.1019,-1.1019,12564.147,0.18,0.0358,,,,,,,,2140782.9,664782.9000000001,,
2024-07-15,SKU0007,Electronics,20414.79265060241,83,12000,False,-2.5623,-1.1019,-2.5623,-2.5623,13062.69,0.18,0.0358,,,,,,,,1694427.79,698427.7899999999,,
2024-07-22,SKU0007,Electronics,17430.3,78,12000,False,-2.5623,-1.1019,-2.5623,-2.5623,12515.721,0.18,0.0358,,,,,,,,1359563.4,423563.39999999997,,
2024-07-29,SKU0007,Electronics,20674.2321875,64,12000,False,-2.5623,-1.1019,-2.5623,-2.5623,12230.19,0.18,0.0358,,,,,,,,1323150.86,555150.8600000001,,
2024-08-05,SKU0007,Electronics,19754.347619047618,84,12000,True,-2.5623,-1.1019,-1.1019,-1.1019,12504.591,0.18,0.0358,,,,,,,,1659365.2,651365.1999999998,,
2024-08-12,SKU0007,Electronics,15952.113739130436,115,12000,True,-2.5623,-1.1019,-1.1019,-1.1019,12208.899,0.18,0.0358,,,,,,,,1834493.08,454493.0800000002,,
2024-08-19,SKU0007,Electronics,20217.863797468355,79,12000,False,-2.5623,-1.1019,-2.5623,-2.5623,12059.340000000002,0.18,0.0358,,,,,,,,1597211.24,649211.2400000001,,
2024-08-26,SKU0007,Electronics,18829.28850574713,87,12000,False,-2.5623,-1.1019,-2.5623,-2.5623,12188.634,0.18,0.0358,,,,,,,,1638148.1,594148.1000000002,,
2024-09-02,SKU0007,Electronics,20253.68297297297,74,12000,False,-2.5623,-1.1019,-2.5623,-2.5623,12457.431,0.18,0.0358,,,,,,,,1498772.5399999998,610772.5399999997,,
2024-09-09,SKU0007,Electronics,19182.55411764706,85,12000,False,-2.5623,-1.1019,-2.5623,-2.5623,12519.147,0.18,0.0358,,,,,,,,1630517.1000000003,610517.1000000002,,
2024-09-16,SKU0007,Electronics,16073.07017699115,113,12000,True,-2.5623,-1.1019,-1.1019,-1.1019,11811.543,0.18,0.0358,,,,,,,,1816256.93,460256.93,,
2024-09-23,SKU0007,Electronics,16284.120390625,128,12000,True,-2.5623,-1.1019,-1.1019,-1.1019,12199.101,0.18,0.0358,,,,,,,,2084367.41,548367.4099999999,,
2024-09-30,SKU0007,Electronics,20700.04162162162,74,12000,False,-2.5623,-1.1019,-2.5623,-2.5623,11953.776,0.18,0.0358,,,,,,,,1531803.08,643803.08,,
2024-10-07,SKU0007,Electronics,17447.501341463412,82,12000,False,-2.5623,-1.1019,-2.5623,-2.5623,12293.061000000002,0.18,0.0358,,,,,,,,1430695.1099999999,446695.1099999998,,
2024-10-14,SKU0007,Electronics,17096.938674698795,83,12000,False,-2.5623,-1.1019,-2.5623,-2.5623,12170.103,0.18,0.0358,,,,,,,,1419045.91,423045.91,,
2024-10-21,SKU0007,Electronics,18052.95506849315,73,12000,False,-2.5623,-1.1019,-2.5623,-2.5623,11908.551,0.18,0.0358,,,,,,,,1317865.72,441865.7199999999,,
2024-10-28,SKU0007,Electronics,18804.29544117648,68,12000,False,-2.5623,-1.1019,-2.5623,-2.5623,12060.981,0.18,0.0358,,,,,,,,1278692.0900000008,462692.09000000067,,
2024-11-04,SKU0007,Electronics,18373.10461538462,104,12000,False,-2.5623,-1.1019,-2.5623,-2.5623,11801.412000000002,0.18,0.0358,,,,,,,,1910802.8800000004,662802.8800000004,,
2024-11-11,SKU0007,Electronics,20417.5346031746,63,12000,False,-2.5623,-1.1019,-2.5623,-2.5623,12462.963000000002,0.18,0.0358,,,,,,,,1286304.68,530304.6799999999,,
2024-11-18,SKU0007,Electronics,17388.284022988504,87,12000,False,-2.5623,-1.1019,-2.5623,-2.5623,11823.057,0.18,0.0358,,,,,,,,1512780.71,468780.70999999985,,
2024-11-25,SKU0007,Electronics,20153.67891891892,74,12000,False,-2.5623,-1.1019,-2.5623,-2.5623,11415.702,0.18,0.0358,,,,,,,,1491372.24,603372.24,,
2024-12-02,SKU0007,Electronics,18520.22247311828,93,12000,False,-2.5623,-1.1019,-2.5623,-2.5623,12149.868,0.18,0.0358,,,,,,,,1722380.69,606380.69,,
2024-12-09,SKU0007,Electronics,18372.47875,80,12000,False,-2.5623,-1.1019,-2.5623,-2.5623,12467.931000000002,0.18,0.0358,,,,,,,,1469798.2999999998,509798.2999999999,,
2024-12-16,SKU0007,Electronics,18397.40542553192,94,12000,False,-2.5623,-1.1019,-2.5623,-2.5623,11742.78,0.18,0.0358,,,,,,,,1729356.1100000006,601356.1100000006,,
2024-12-23,SKU0007,Electronics,20292.97670731708,82,12000,False,-2.5623,-1.1019,-2.5623,-2.5623,12031.668,0.18,0.0358,,,,,,,,1664024.0900000005,680024.0900000005,,
2024-12-30,SKU0007,Electronics,20295.697222222225,18,12000,False,-2.5623,-1.1019,-2.5623,-2.5623,12423.456,0.18,0.0358,,,,,,,,365322.55000000005,149322.55000000005,,
2024-07-01,SKU0008,Groceries,597.4270705244122,553,550,True,-0.4112,-0.4593,-0.4593,-0.4593,707.0266666666666,0.18,0.4138,,,,,,,,330377.17,26227.169999999955,,
2024-07-08,SKU0008,Groceries,629.7147558770343,553,550,True,-0.4112,-0.4593,-0.4593,-0.4593,680.8666666666667,0.18,0.4138,672.888958356987,536.4107914430645,360944.89870557067,18.262888227063296,65918.9634118852,-2.9998568819051608,6.856152262117776,348232.26,44082.259999999995,3.6506206247435724,49.53626109887561
2024-07-15,SKU0008,Groceries,672.4651439539347,521,550,False,-0.4112,-0.4593,-0.4112,-0.4112,701.2766666666666,0.18,0.4138,724.115102050418,505.3853504517331,365957.164617143,24.045224517123096,87995.2218686898,-2.997053656097304,7.680689261125706,350354.33999999997,63804.33999999996,4.453441226714361,37.91416362694113
2024-07-22,SKU0008,Groceries,741.4045029239766,342,550,False,-0.4112,-0.4593,-0.4112,-0.4112,703.6,0.18,0.4138,773.8699793792568,336.02572817297977,260040.22333212363,28.928629530096174,75226.07283698475,-1.7468631073158547,4.378915467500111,253560.34,65460.33999999998,2.5555587013819325,14.918548906077733
2024-07-29,SKU0008,Groceries,674.7499496221662,397,550,False,-0.4112,-0.4593,-0.4112,-0.4112,687.0266666666666,0.18,0.4138,726.5731153450041,385.10219416300515,279804.9009392113,24.302181241754393,67998.69414955848,-2.9969284224168335,7.680351180738421,267875.73,49525.729999999996,4.4532481308446,37.2997311691488
2024-08-05,SKU0008,Groceries,587.6453747323341,467,550,True,-0.4112,-0.4593,-0.4593,-0.4593,707.6133333333333,0.18,0.4138,,,,,,,,274430.39,17580.390000000007,,
2024-08-12,SKU0008,Groceries,560.6041772151898,553,550,True,-0.4112,-0.4593,-0.4593,-0.4593,653.8533333333334,0.18,0.4138,,,,,,,,310014.1099999999,5864.109999999955,,
2024-08-19,SKU0008,Groceries,738.5768842729971,337,550,False,-0.4112,-0.4593,-0.4112,-0.4112,694.0233333333334,0.18,0.4138,763.3010140066834,332.46787544189596,253773.0664494469,27.944547444923973,70915.73495640414,-1.3448440825234553,3.3475363581170203,248900.41,63550.41000000001,1.9576731309711048,11.589736331211897
2024-08-26,SKU0008,Groceries,630.4831793478261,368,550,False,-0.4112,-0.4593,-0.4112,-0.4112,715.85,0.18,0.4138,678.9505488591058,356.96178038132626,242359.39671162504,18.992627530206956,46030.417501895594,-2.9995162007265597,7.687337441962283,232017.81,29617.809999999998,4.457238309259548,55.41465591782646
2024-09-02,SKU0008,Groceries,675.1580270270271,370,550,False,-0.4112,-0.4593,-0.4112,-0.4112,676.7266666666666,0.18,0.4138,727.0121284743545,358.9114472663603,260932.97521092766,24.347892083426043,63531.679214429496,-2.9969061442269407,7.6802910387751,249808.47,46308.470000000016,4.453213780512599,37.19235209979832
2024-09-09,SKU0008,Groceries,614.2448587570622,354,550,False,-0.4112,-0.4593,-0.4112,-0.4112,666.6033333333334,0.18,0.4138,,,,,,,,217442.68,22742.680000000004,,
2024-09-16,SKU0008,Groceries,581.8538049713193,523,550,True,-0.4112,-0.4593,-0.4593,-0.4593,677.4966666666666,0.18,0.4138,,,,,,,,304309.54,16659.539999999983,,
2024-09-23,SKU0008,Groceries,667.2858969072165,485,550,True,-0.4112,-0.4593,-0.4593,-0.4593,674.1833333333333,0.18,0.4138,712.9959755984006,470.46283390083676,335438.1072399154,22.86071467115953,76683.54859445519,-2.997353834879024,6.8501490744888205,323633.66000000003,56883.66000000001,3.647472033630672,34.80769098622554
2024-09-30,SKU0008,Groceries,701.379095477387,398,550,False,-0.4112,-0.4593,-0.4112,-0.4112,691.25,0.18,0.4138,755.2209760561803,386.07779469491953,291574.04894311476,27.1736329581124,79231.261860909,-2.9955289711257493,7.6765733290277804,279148.88,60248.880000000005,4.451090379841305,31.506613668020034
2024-10-07,SKU0008,Groceries,738.6765060240964,415,550,False,-0.4112,-0.4593,-0.4112,-0.4112,678.17,0.18,0.4138,745.8997550822517,413.3427192310986,308312.23303950834,26.2635499941476,80973.73746240413,-0.39934476359069215,0.9778636519840234,306550.75,78300.75,0.5746138411040658,3.4137443924919353
2024-10-14,SKU0008,Groceries,699.1014249363867,393,550,False,-0.4112,-0.4593,-0.4112,-0.4112,669.32,0.18,0.4138,736.2477678235374,384.7221669750835,283250.83666763944,25.29688726583371,71653.64483134354,-2.106318835856613,5.313441163495081,274746.86,58596.85999999998,3.095204315579614,22.28239675529298
2024-10-21,SKU0008,Groceries,719.5525476190477,420,550,False,-0.4112,-0.4593,-0.4112,-0.4112,664.8533333333334,0.18,0.4138,731.3003300450406,417.2124082649854,305107.5718630701,24.791501192659705,75640.74731732807,-0.6637123178606208,1.6326510780714454,302212.07,71212.07000000002,0.9581026538979964,6.218998152038058
2024-10-28,SKU0008,Groceries,631.4804488778055,401,550,False,-0.4112,-0.4593,-0.4112,-0.4112,699.7833333333333,0.18,0.4138,680.0234198682505,388.9721898220127,264510.19875640736,19.120432630605805,50575.494354300376,-2.999453909722516,7.68716926655606,253223.66000000003,32673.66000000002,4.457142257720825,54.78980424690818
2024-11-04,SKU0008,Groceries,663.046497461929,394,550,False,-0.4112,-0.4593,-0.4112,-0.4112,692.8233333333334,0.18,0.4138,713.9824423602505,382.18953868969476,272876.6202782057,22.967293399843957,62672.3739988736,-2.997579012767826,7.682107528400928,261240.32000000004,44540.32000000002,4.454251272623488,40.70930338819652
2024-11-11,SKU0008,Groceries,630.1656612529002,431,550,False,-0.4112,-0.4593,-0.4112,-0.4112,662.0366666666667,0.18,0.4138,678.6089602025951,418.07199951782604,283707.40488261177,18.951851175705016,53767.80514780744,-2.999536074750342,7.687391098616758,271601.4,34551.4,4.457268954656257,55.616863999164835
2024-11-18,SKU0008,Groceries,649.793164556962,395,550,False,-0.4112,-0.4593,-0.4112,-0.4112,681.71,0.18,0.4138,699.7243945398429,383.15654105109684,268103.9787009592,21.39762393710821,57367.88112285595,-2.9983440376969983,7.684172857823879,256668.3,39418.29999999998,4.45543088139797,45.53616244956271
2024-11-25,SKU0008,Groceries,618.6715544041451,386,550,False,-0.4112,-0.4593,-0.4112,-0.4112,668.3266666666667,0.18,0.4138,,,,,,,,238807.22000000003,26507.22000000002,,
2024-12-02,SKU0008,Groceries,696.2682766990292,412,550,False,-0.4112,-0.4593,-0.4112,-0.4112,667.5600000000001,0.18,0.4138,734.2885994001366,403.0904743597875,295984.73984918505,25.097570567034232,74284.9789513019,-2.162506223352545,5.460585233232185,286862.53,60262.53000000004,3.17999351437952,23.268935026959305
2024-12-09,SKU0008,Groceries,699.6560087719298,456,550,False,-0.4112,-0.4593,-0.4112,-0.4112,664.44,0.18,0.4138,730.8453493195899,447.89512612892753,327342.0699142378,24.74468086688315,80999.75054332768,-1.7773846208492206,4.457810717927679,319043.14,68243.13999999998,2.601193654951439,18.692883333515574
2024-12-16,SKU0008,Groceries,610.9104303278688,488,550,False,-0.4112,-0.4593,-0.4112,-0.4112,650.5466666666666,0.18,0.4138,,,,,,,,298124.29,29724.289999999957,,
2024-12-23,SKU0008,Groceries,672.5657069408741,389,550,False,-0.4112,-0.4593,-0.4112,-0.4112,685.7833333333333,0.18,0.4138,724.2232885637295,377.34148278909174,273279.48957702995,24.05657085527406,65741.6740430295,-2.997048126197499,7.6806743325967375,261628.06,47678.06000000001,4.453432700234816,37.88663809523602
2024-12-30,SKU0008,Groceries,680.3096551724137,116,550,False,-0.4112,-0.4593,-0.4112,-0.4112,682.4466666666667,0.18,0.4138,732.5542936773694,112.52391245025218,82429.87520680865,24.920240759351785,20541.72335916994,-2.996627198058466,7.679538002693076,78915.92,15115.919999999993,4.452783680160666,35.89462870384303
2024-07-01,SKU0009,Groceries,904.0922244488976,499,850,True,-2.3852,-0.6142,-0.6142,-0.6142,988.56,0.18,0.1053,,,,,,,,451142.0199999999,26992.019999999895,,
2024-07-08,SKU0009,Groceries,1026.7689019607844,510,850,True,-2.3852,-0.6142,-0.6142,-0.6142,979.2433333333332,0.18,0.1053,1077.1473678806176,495.21447554394615,533418.9688685421,21.087863615871807,112486.66465618784,-2.8991224423635,4.906504844822157,523652.1400000001,90152.14000000006,1.865136819366775,24.774258998386255
2024-07-15,SKU0009,Groceries,978.5314383561644,438,850,False,-2.3852,-0.6142,-2.3852,-2.3852,1008.0133333333332,0.18,0.1053,,,,,,,,428596.76999999996,56296.76999999999,,
2024-07-22,SKU0009,Groceries,1051.9751260504202,476,850,False,-2.3852,-0.6142,-2.3852,-2.3852,1010.8633333333332,0.18,0.1053,1065.495079907487,461.7200000000001,491960.388294885,20.22487799063302,99498.38829488492,-2.9999999999999805,1.285197104215463,500740.16,96140.15999999999,-1.7533588089109875,3.493054614101876
2024-07-29,SKU0009,Groceries,1049.4804825737265,373,850,False,-2.3852,-0.6142,-2.3852,-2.3852,974.56,0.18,0.1053,1062.9683753450704,361.81000000000006,384592.5878836,20.03525036913113,77054.08788359993,-2.9999999999999805,1.285197104215463,391456.22,74406.21999999997,-1.7533588089109986,3.558664697118008
2024-08-05,SKU0009,Groceries,1054.3956705882351,425,850,True,-2.3852,-0.6142,-0.6142,-0.6142,962.05,0.18,0.1053,1058.246623621655,424.04942730076044,448748.8746897262,19.678458591152335,88306.86148407985,-0.22366416452695992,0.36522845653108593,448118.1599999999,86868.15999999993,0.14074740682821218,1.6561896603771942
2024-08-12,SKU0009,Groceries,900.9998976109214,586,850,True,-2.3852,-0.6142,-0.6142,-0.6142,998.5033333333334,0.18,0.1053,,,,,,,,527985.94,29885.93999999993,,
2024-08-19,SKU0009,Groceries,1003.202960199005,402,850,False,-2.3852,-0.6142,-2.3852,-2.3852,985.1433333333332,0.18,0.1053,,,,,,,,403287.59,61587.59000000002,,
2024-08-26,SKU0009,Groceries,948.6687415730336,445,850,False,-2.3852,-0.6142,-2.3852,-2.3852,989.34,0.18,0.1053,,,,,,,,422157.58999999997,43907.58999999994,,
2024-09-02,SKU0009,Groceries,1106.882718446602,412,850,False,-2.3852,-0.6142,-2.3852,-2.3852,993.9666666666668,0.18,0.1053,1093.3570552694239,424.2611047714567,463868.8721782724,22.257784325492473,103246.93312253422,2.975996303751627,-1.2219599196706232,456035.68,105835.68000000002,1.7176709020382708,-2.4460058058547007
2024-09-09,SKU0009,Groceries,1005.9811312217194,442,850,False,-2.3852,-0.6142,-2.3852,-2.3852,978.7566666666668,0.18,0.1053,,,,,,,,444643.66,68943.65999999996,,
2024-09-16,SKU0009,Groceries,950.7843902439024,533,850,True,-2.3852,-0.6142,-0.6142,-0.6142,938.8033333333332,0.18,0.1053,,,,,,,,506768.07999999996,53718.07999999998,,
2024-09-23,SKU0009,Groceries,1089.7303921568628,459,850,True,-2.3852,-0.6142,-0.6142,-0.6142,949.9433333333332,0.18,0.1053,1044.8433491361466,471.01291762800827,492134.7143408361,18.648092012763325,91773.73435702905,2.6171933830083427,-4.11909618597247,500186.25,110036.25000000001,-1.6097075157831542,-16.59681754237441
2024-09-30,SKU0009,Groceries,949.4795923913044,368,850,False,-2.3852,-0.6142,-2.3852,-2.3852,960.6066666666666,0.18,0.1053,,,,,,,,349408.49000000005,36608.490000000034,,
2024-10-07,SKU0009,Groceries,1052.2140463917526,388,850,False,-2.3852,-0.6142,-2.3852,-2.3852,962.5866666666668,0.18,0.1053,1058.8212008929595,382.2499869740364,404734.39024916734,19.72204567842518,79821.90132123641,-1.481962120093705,0.6279287492753083,408259.05,78459.05000000002,-0.8633390370238359,1.737022461062665
2024-10-14,SKU0009,Groceries,1041.746194225722,381,850,False,-2.3852,-0.6142,-2.3852,-2.3852,954.1433333333334,0.18,0.1053,1049.5457518044914,374.28138978327655,392825.44262651884,19.012582487367602,74686.2613107338,-1.7634147550455226,0.7487003669417014,396905.3000000001,73055.30000000012,-1.0279170808455529,2.232502379339585
2024-10-21,SKU0009,Groceries,1072.6477040816328,392,850,False,-2.3852,-0.6142,-2.3852,-2.3852,930.2233333333334,0.18,0.1053,,,,,,,,420477.9000000001,87277.90000000007,,
2024-10-28,SKU0009,Groceries,1020.3427851458886,377,850,False,-2.3852,-0.6142,-2.3852,-2.3852,956.4933333333332,0.18,0.1053,,,,,,,,384669.23,64219.22999999999,,
2024-11-04,SKU0009,Groceries,974.2408146639513,491,850,False,-2.3852,-0.6142,-2.3852,-2.3852,977.0533333333332,0.18,0.1053,,,,,,,,478352.24000000005,61002.24000000006,,
2024-11-11,SKU0009,Groceries,1124.8147416413374,329,850,False,-2.3852,-0.6142,-2.3852,-2.3852,971.72,0.18,0.1053,1068.8608765186866,371.5792872145965,397166.5626283824,20.476086395034248,81324.16849597539,12.942032588023245,-4.974496070437562,370064.05,90414.05,7.323735615059723,-10.053616118318576
2024-11-18,SKU0009,Groceries,959.7908396946564,393,850,False,-2.3852,-0.6142,-2.3852,-2.3852,950.7766666666666,0.18,0.1053,,,,,,,,377197.79999999993,43147.79999999995,,
2024-11-25,SKU0009,Groceries,1015.3093529411764,340,850,False,-2.3852,-0.6142,-2.3852,-2.3852,987.0166666666668,0.18,0.1053,,,,,,,,345205.18,56205.179999999964,,
2024-12-02,SKU0009,Groceries,1053.202338902148,419,850,False,-2.3852,-0.6142,-2.3852,-2.3852,1005.4166666666666,0.18,0.1053,1066.738064863248,406.43000000000006,433554.3517023699,20.317833590295006,88088.85170236987,-2.9999999999999805,1.285197104215463,441291.78,85141.78000000004,-1.7533588089109875,3.4613696147412165
2024-12-09,SKU0009,Groceries,1018.607,420,850,False,-2.3852,-0.6142,-2.3852,-2.3852,1008.0666666666666,0.18,0.1053,,,,,,,,427814.94,70814.93999999999,,
2024-12-16,SKU0009,Groceries,1109.3946173469387,392,850,False,-2.3852,-0.6142,-2.3852,-2.3852,969.6933333333332,0.18,0.1053,1066.65360394321,430.5106487010744,459205.7349729303,20.311524110759485,93271.68357701703,9.82414507680469,-3.8526429401597118,434882.69,101682.68999999999,5.593012904912431,-8.271817379126144
2024-12-23,SKU0009,Groceries,1034.3833333333332,408,850,False,-2.3852,-0.6142,-2.3852,-2.3852,974.1166666666668,0.18,0.1053,1047.6771979798207,395.7600000000001,414628.72787249397,18.868139762991017,78232.72787249385,-2.9999999999999694,1.285197104215463,422028.39999999997,75228.39999999995,-1.7533588089109653,3.993608627185874
2024-12-30,SKU0009,Groceries,1140.6059016393442,122,850,False,-2.3852,-0.6142,-2.3852,-2.3852,987.4433333333332,0.18,0.1053,1086.1242853814815,137.10707196420134,148915.32055786555,21.740079709068205,32374.3093882944,12.382845872296189,-4.77655044389641,139153.91999999998,35453.91999999999,7.014822548919608,-8.686234446587548
2024-07-01,SKU0010,Groceries,613.8863333333334,540,420,True,0.613,0.3654,0.3654,0.3654,495.0630000000001,0.18,0.4763,,,,,,,,331498.62,104698.62000000002,,
2024-07-08,SKU0010,Groceries,663.0662932790224,491,420,True,0.613,0.3654,0.3654,0.3654,481.5630000000001,0.18,0.4763,,,,,,,,325565.55,119345.54999999999,,
2024-07-15,SKU0010,Groceries,671.475380952381,420,420,False,0.613,0.3654,0.613,0.613,486.444,0.18,0.4763,,,,,,,,282019.66000000003,105619.66000000002,,
2024-07-22,SKU0010,Groceries,726.5293349168645,421,420,False,0.613,0.3654,0.613,0.613,439.095,0.18,0.4763,,,,,,,,305868.85,129048.84999999996,,
2024-07-29,SKU0010,Groceries,712.4327803738317,428,420,False,0.613,0.3654,0.613,0.613,469.866,0.18,0.4763,,,,,,,,304921.23,125161.22999999998,,
2024-08-05,SKU0010,Groceries,577.8016294642857,448,420,True,0.613,0.3654,0.3654,0.3654,488.133,0.18,0.4763,,,,,,,,258855.13,70695.13,,
2024-08-12,SKU0010,Groceries,576.7786931818182,528,420,True,0.613,0.3654,0.3654,0.3654,478.029,0.18,0.4763,,,,,,,,304539.15,82779.15000000001,,
2024-08-19,SKU0010,Groceries,602.6372727272728,451,420,False,0.613,0.3654,0.613,0.613,469.242,0.18,0.4763,,,,,,,,271789.41000000003,82369.41000000005,,
2024-08-26,SKU0010,Groceries,704.3757333333334,375,420,False,0.613,0.3654,0.613,0.613,472.176,0.18,0.4763,,,,,,,,264140.9,106640.90000000002,,
2024-09-02,SKU0010,Groceries,601.9449417249417,429,420,False,0.613,0.3654,0.613,0.613,471.636,0.18,0.4763,,,,,,,,258234.38,78054.37999999999,,
2024-09-09,SKU0010,Groceries,703.0051980198019,404,420,False,0.613,0.3654,0.613,0.613,472.518,0.18,0.4763,,,,,,,,284014.1,114334.09999999998,,
2024-09-16,SKU0010,Groceries,639.8742948717949,468,420,True,0.613,0.3654,0.3654,0.3654,460.653,0.18,0.4763,,,,,,,,299461.17,102901.17,,
2024-09-23,SKU0010,Groceries,601.0783700440529,454,420,True,0.613,0.3654,0.3654,0.3654,443.394,0.18,0.4763,,,,,,,,272889.58,82209.58000000003,,
2024-09-30,SKU0010,Groceries,663.9,376,420,False,0.613,0.3654,0.613,0.613,455.013,0.18,0.4763,,,,,,,,249626.4,91706.4,,
2024-10-07,SKU0010,Groceries,631.3169920844327,379,420,False,0.613,0.3654,0.613,0.613,457.89,0.18,0.4763,,,,,,,,239269.14,80089.14000000001,,
2024-10-14,SKU0010,Groceries,635.8582644628099,363,420,False,0.613,0.3654,0.613,0.613,463.605,0.18,0.4763,,,,,,,,230816.55,78356.54999999999,,
2024-10-21,SKU0010,Groceries,633.2385204081633,392,420,False,0.613,0.3654,0.613,0.613,461.334,0.18,0.4763,,,,,,,,248229.5,83589.5,,
2024-10-28,SKU0010,Groceries,607.4834550561798,356,420,False,0.613,0.3654,0.613,0.613,445.656,0.18,0.4763,,,,,,,,216264.11,66744.11,,
2024-11-04,SKU0010,Groceries,686.9634501347709,371,420,False,0.613,0.3654,0.613,0.613,459.093,0.18,0.4763,,,,,,,,254863.44000000003,99043.44000000002,,
2024-11-11,SKU0010,Groceries,627.2824719101123,356,420,False,0.613,0.3654,0.613,0.613,457.455,0.18,0.4763,,,,,,,,223312.56,73792.56,,
2024-11-18,SKU0010,Groceries,597.9219132653061,392,420,False,0.613,0.3654,0.613,0.613,477.49500000000006,0.18,0.4763,,,,,,,,234385.38999999998,69745.38999999998,,
2024-11-25,SKU0010,Groceries,658.6899519230769,416,420,False,0.613,0.3654,0.613,0.613,464.502,0.18,0.4763,,,,,,,,274015.02,99295.02,,
2024-12-02,SKU0010,Groceries,668.3640121580546,329,420,False,0.613,0.3654,0.613,0.613,459.8130000000001,0.18,0.4763,,,,,,,,219891.75999999995,81711.75999999997,,
2024-12-09,SKU0010,Groceries,647.5236283185841,452,420,False,0.613,0.3654,0.613,0.613,463.58400000000006,0.18,0.4763,,,,,,,,292680.68,102840.68000000001,,
2024-12-16,SKU0010,Groceries,704.9001639344262,366,420,False,0.613,0.3654,0.613,0.613,448.503,0.18,0.4763,,,,,,,,257993.46,104273.46,,
2024-12-23,SKU0010,Groceries,687.6192410714285,448,420,False,0.613,0.3654,0.613,0.613,455.514,0.18,0.4763,,,,,,,,308053.42,119893.41999999998,,
2024-12-30,SKU0010,Groceries,619.5778181818182,110,420,False,0.613,0.3654,0.613,0.613,469.395,0.18,0.4763,,,,,,,,68153.56,21953.56,,
2024-07-01,SKU0011,Groceries,629.6557370517928,502,520,True,-1.1961,-0.7101,-0.7101,-0.7101,613.5066666666667,0.18,0.0299,657.2288483004525,486.95216826228534,320039.01272442995,20.879918563422255,66823.88522804156,-2.9975760433694543,4.379077268121767,316087.18,55047.17999999999,1.2502350536424567,21.393839299382034
2024-07-08,SKU0011,Groceries,592.039979757085,494,520,True,-1.1961,-0.7101,-0.7101,-0.7101,587.6966666666666,0.18,0.0299,,,,,,,,292467.75,35587.74999999999,,
2024-07-15,SKU0011,Groceries,602.9266666666666,522,520,False,-1.1961,-0.7101,-1.1961,-1.1961,624.5833333333334,0.18,0.0299,,,,,,,,314727.72,43287.71999999997,,
2024-07-22,SKU0011,Groceries,660.395799086758,438,520,False,-1.1961,-0.7101,-1.1961,-1.1961,603.6766666666667,0.18,0.0299,664.0412877282998,435.12546178092185,288941.27196437446,21.69161622782046,62676.0318382951,-0.656287264629718,0.5520157224778055,289253.36,61493.359999999986,-0.1078943510372743,1.9232512880986041
2024-07-29,SKU0011,Groceries,671.6736021505377,372,520,False,-1.1961,-0.7101,-1.1961,-1.1961,614.62,0.18,0.0299,676.0398289659419,369.128103040831,249545.29964624593,23.081455009036603,57598.68606501383,-0.7720153116045791,0.650051870644397,249862.58000000002,56422.58000000002,-0.12698194093493376,2.0844599183763135
2024-08-05,SKU0011,Groceries,549.28177734375,512,520,True,-1.1961,-0.7101,-0.7101,-0.7101,583.2366666666667,0.18,0.0299,,,,,,,,281232.27,14992.270000000019,,
2024-08-12,SKU0011,Groceries,567.433638095238,525,520,True,-1.1961,-0.7101,-0.7101,-0.7101,595.8933333333333,0.18,0.0299,,,,,,,,297902.66,24902.659999999978,,
2024-08-19,SKU0011,Groceries,605.5384696016771,477,520,False,-1.1961,-0.7101,-1.1961,-1.1961,599.9766666666667,0.18,0.0299,,,,,,,,288841.85,40801.84999999998,,
2024-08-26,SKU0011,Groceries,679.145686746988,415,520,False,-1.1961,-0.7101,-1.1961,-1.1961,589.8733333333333,0.18,0.0299,648.8523488932454,438.2796326575046,284378.7691218906,19.858500799608773,56473.36013998823,5.609550037952915,-4.460506551818555,281845.46,66045.46,0.8988291391639036,-14.493198866374424
2024-09-02,SKU0011,Groceries,607.2881341107872,343,520,False,-1.1961,-0.7101,-1.1961,-1.1961,560.98,0.18,0.0299,,,,,,,,208299.83,29939.829999999994,,
2024-09-09,SKU0011,Groceries,670.5385828877005,374,520,False,-1.1961,-0.7101,-1.1961,-1.1961,585.0933333333334,0.18,0.0299,643.5509840757447,392.8357458445811,252809.8308184093,19.19832105504216,48535.24297922714,5.036295680369274,-4.024764495390054,250781.43,56301.429999999986,0.8088321445528512,-13.793942748475207
2024-09-16,SKU0011,Groceries,604.4868446601943,412,520,True,-1.1961,-0.7101,-0.7101,-0.7101,591.2633333333333,0.18,0.0299,,,,,,,,249048.58000000005,34808.58000000004,,
2024-09-23,SKU0011,Groceries,639.9916431924883,426,520,True,-1.1961,-0.7101,-0.7101,-0.7101,587.1333333333333,0.18,0.0299,645.8177341761397,423.26746240760156,273353.6335225616,19.481926171730716,53254.553070608796,-0.6414407493893104,0.9103386029525318,272636.44,51116.439999999995,0.26305857080644035,4.182828598018173
2024-09-30,SKU0011,Groceries,611.213896713615,426,520,False,-1.1961,-0.7101,-1.1961,-1.1961,572.5533333333333,0.18,0.0299,,,,,,,,260377.12,38857.11999999998,,
2024-10-07,SKU0011,Groceries,652.8729945054945,364,520,False,-1.1961,-0.7101,-1.1961,-1.1961,600.38,0.18,0.0299,660.3846089184573,359.0532598032988,237113.2465560987,21.258007382754073,50405.551458383336,-1.3589945595332997,1.150547576049199,237645.77,48365.77,-0.22408286244746112,4.217407183599753
2024-10-14,SKU0011,Groceries,619.7361290322581,403,520,False,-1.1961,-0.7101,-1.1961,-1.1961,578.2233333333334,0.18,0.0299,635.7190661072312,390.9111590476489,248509.6769606667,18.20286228252152,45235.87425588927,-2.999712395124343,2.578990690752714,249753.66,40193.66,-0.49808400779124407,12.544799990568833
2024-10-21,SKU0011,Groceries,649.091981707317,328,520,False,-1.1961,-0.7101,-1.1961,-1.1961,591.4366666666666,0.18,0.0299,650.5767998224425,327.1048027021914,212806.79574854314,20.07092780715204,42712.298343403585,-0.27292600542944134,0.2287531131134779,212902.16999999998,42342.169999999984,-0.04479721904987466,0.8741364540447494
2024-10-28,SKU0011,Groceries,605.5665847665848,407,520,False,-1.1961,-0.7101,-1.1961,-1.1961,573.6966666666667,0.18,0.0299,,,,,,,,246465.6,34825.60000000002,,
2024-11-04,SKU0011,Groceries,628.9028708133972,418,520,False,-1.1961,-0.7101,-1.1961,-1.1961,579.9933333333333,0.18,0.0299,637.992303685399,410.8869528166694,262142.71358178073,18.49431458715249,48481.49811711265,-1.701685929026453,1.4452840484327822,262881.4,45521.40000000001,-0.28099607588033537,6.5026517574429565
2024-11-11,SKU0011,Groceries,561.8966935483871,372,520,False,-1.1961,-0.7101,-1.1961,-1.1961,590.3066666666667,0.18,0.0299,,,,,,,,209025.57,15585.570000000014,,
2024-11-18,SKU0011,Groceries,607.8173529411765,374,520,False,-1.1961,-0.7101,-1.1961,-1.1961,574.3766666666667,0.18,0.0299,,,,,,,,227323.69000000003,32843.69000000002,,
2024-11-25,SKU0011,Groceries,681.7166261398175,329,520,False,-1.1961,-0.7101,-1.1961,-1.1961,601.9866666666667,0.18,0.0299,662.125140223555,340.67720754359425,225570.9438157715,21.464996809450394,48418.79589310249,3.5493032047398954,-2.873845988940915,224284.76999999996,53204.769999999975,0.5734557080142144,-8.995385389124856
2024-12-02,SKU0011,Groceries,672.4438749999999,400,520,False,-1.1961,-0.7101,-1.1961,-1.1961,578.12,0.18,0.0299,635.928652042025,427.6245249767593,271938.68774858175,18.229820541937762,49573.93476066694,6.906131244189817,-5.430226122287896,268977.55,60977.549999999974,1.1008865790404387,-18.701333916060968
2024-12-09,SKU0011,Groceries,579.3114081145584,419,520,False,-1.1961,-0.7101,-1.1961,-1.1961,586.8633333333333,0.18,0.0299,,,,,,,,242731.47999999995,24851.479999999967,,
2024-12-16,SKU0011,Groceries,652.444793187348,411,520,False,-1.1961,-0.7101,-1.1961,-1.1961,584.1666666666666,0.18,0.0299,642.5500028237935,418.5816117717649,268959.6158259356,19.072446079717846,51297.17770461784,1.8446743970230939,-1.5165712818729138,268154.81,54434.81000000001,0.30012731300088635,-5.764018089494883
2024-12-23,SKU0011,Groceries,565.537393939394,495,520,False,-1.1961,-0.7101,-1.1961,-1.1961,574.6333333333333,0.18,0.0299,,,,,,,,279941.01,22541.010000000006,,
2024-12-30,SKU0011,Groceries,634.1355172413793,87,520,False,-1.1961,-0.7101,-1.1961,-1.1961,602.2266666666667,0.18,0.0299,650.4750642435446,84.39253892908229,54895.24218157064,20.05842674311853,11011.121938447848,-2.997081690710013,2.5766648544219173,55169.78999999999,9929.789999999995,-0.49764158687092275,10.889776505322391
2024-07-01,SKU0012,Groceries,398.05596868884544,511,360,True,-1.5067,-1.6217,-1.6217,-1.6217,452.5633333333333,0.18,0.0428,,,,,,,,203406.6,19446.60000000002,,
2024-07-08,SKU0012,Groceries,381.3418801996672,601,360,True,-1.5067,-1.6217,-1.6217,-1.6217,434.15,0.18,0.0428,,,,,,,,229186.46999999997,12826.46999999997,,
2024-07-15,SKU0012,Groceries,480.081075,400,360,False,-1.5067,-1.6217,-1.5067,-1.5067,418.2633333333333,0.18,0.0428,460.05088237483744,426.52753918128246,196224.37075751706,21.747786214073294,42674.45665225536,6.6318847953206195,-4.172252077456406,192032.43,48032.43,2.1829337667169435,-11.154907939791181
2024-07-22,SKU0012,Groceries,454.5520437956205,411,360,False,-1.5067,-1.6217,-1.5067,-1.5067,429.5033333333333,0.18,0.0428,463.8347078895789,398.67,184916.98299433844,22.386144487121463,41395.78299433843,-2.9999999999999916,2.0421564968547745,186820.89,38860.890000000014,-1.0191081980508554,6.522992639485126
2024-07-29,SKU0012,Groceries,414.6221836228288,403,360,False,-1.5067,-1.6217,-1.5067,-1.5067,447.2833333333333,0.18,0.0428,,,,,,,,167092.74000000002,22012.740000000005,,
2024-08-05,SKU0012,Groceries,388.7786301369863,438,360,True,-1.5067,-1.6217,-1.6217,-1.6217,419.47,0.18,0.0428,,,,,,,,170285.04,12605.039999999997,,
2024-08-12,SKU0012,Groceries,406.9563064833006,509,360,True,-1.5067,-1.6217,-1.6217,-1.6217,422.01,0.18,0.0428,,,,,,,,207140.76,23900.759999999995,,
2024-08-19,SKU0012,Groceries,439.4178133333333,375,360,False,-1.5067,-1.6217,-1.5067,-1.5067,415.2133333333333,0.18,0.0428,448.38203635774545,363.76146093268915,163104.10460146764,19.71132409221432,32149.97866569953,-2.996943751282899,2.0400226737308236,164781.68,29781.679999999986,-1.018059409597205,7.952199693568485
2024-08-26,SKU0012,Groceries,416.7897368421053,380,360,False,-1.5067,-1.6217,-1.5067,-1.5067,435.0266666666666,0.18,0.0428,,,,,,,,158380.1,21580.100000000013,,
2024-09-02,SKU0012,Groceries,484.2520215633424,371,360,False,-1.5067,-1.6217,-1.5067,-1.5067,417.7166666666667,0.18,0.0428,459.43802559166033,401.6000202419033,184510.32037751086,21.64340347397343,39934.31309042568,8.247983892696297,-5.124190476598001,179657.50000000003,46097.50000000003,2.7011510109574255,-13.369894049730124
2024-09-09,SKU0012,Groceries,471.35939024390245,410,360,False,-1.5067,-1.6217,-1.5067,-1.5067,423.13,0.18,0.0428,465.40221101102935,417.9327911852546,194506.8450716283,22.64755270114767,44051.040244936674,1.934827118354776,-1.2638295441171898,193257.35,45657.350000000006,0.6465446574882128,-3.5181843779004462
2024-09-16,SKU0012,Groceries,447.6279136690648,417,360,True,-1.5067,-1.6217,-1.6217,-1.6217,437.48333333333335,0.18,0.0428,456.09772683716096,404.51460443082067,184498.19155333066,21.06954741992617,38872.933958235226,-2.9940996568775358,1.8921548253485243,186660.84000000003,36540.840000000026,-1.158597832662367,6.382157493465379
2024-09-23,SKU0012,Groceries,439.182937062937,429,360,True,-1.5067,-1.6217,-1.6217,-1.6217,423.8,0.18,0.0428,447.50974299822224,416.13000000000005,186222.22935385024,19.554824083141778,36415.429353850224,-2.9999999999999916,1.8959766494962782,188409.47999999998,33969.47999999998,-1.1609026499886044,7.2004321345226385
2024-09-30,SKU0012,Groceries,427.439298642534,442,360,False,-1.5067,-1.6217,-1.5067,-1.5067,417.9666666666667,0.18,0.0428,,,,,,,,188928.17000000004,29808.17000000004,,
2024-10-07,SKU0012,Groceries,476.4547028423773,387,360,False,-1.5067,-1.6217,-1.5067,-1.5067,424.49,0.18,0.0428,466.9240054499886,398.9632414208067,186285.51471151388,22.89965908840835,42658.747800023455,3.0912768529216317,-2.000336513740253,184387.97,45067.97000000001,1.0291043995515947,-5.345752648669455
2024-10-14,SKU0012,Groceries,468.9181470588236,340,360,False,-1.5067,-1.6217,-1.5067,-1.5067,410.39,0.18,0.0428,451.3908038133362,360.0860227491282,162539.51925067624,20.246492183994313,32908.551060990096,5.90765374974358,-3.7378257496374245,159432.17,37032.17000000002,1.9490101970488283,-11.135234416481454
2024-10-21,SKU0012,Groceries,412.0132236842105,456,360,False,-1.5067,-1.6217,-1.5067,-1.5067,393.82666666666665,0.18,0.0428,,,,,,,,187878.03,23718.029999999995,,
2024-10-28,SKU0012,Groceries,465.7163235294117,340,360,False,-1.5067,-1.6217,-1.5067,-1.5067,416.0633333333333,0.18,0.0428,457.65114797553053,349.0680546913778,159751.39595109434,21.33746378819347,34086.89626219832,2.6670749092287727,-1.7317785841732047,158343.54999999996,35943.549999999974,0.8891084929536941,-5.16547123976806
2024-11-04,SKU0012,Groceries,492.0666763005781,346,360,False,-1.5067,-1.6217,-1.5067,-1.5067,428.1833333333333,0.18,0.0428,470.98042144884363,369.6027478442146,174075.65794831887,23.563701673084932,41018.66872440162,6.821603423183409,-4.285243416657202,170255.07,45695.070000000014,2.244037694923784,-10.233929558699417
2024-11-11,SKU0012,Groceries,479.2570899470899,378,360,False,-1.5067,-1.6217,-1.5067,-1.5067,418.48,0.18,0.0428,460.3041187608455,401.69343751223346,184901.14376608338,21.790836682249907,40291.50626167933,6.26810516196652,-3.954656401293266,181159.18,45079.17999999999,2.065566738645752,-10.62058746037675
2024-11-18,SKU0012,Groceries,449.619429280397,403,360,False,-1.5067,-1.6217,-1.5067,-1.5067,404.9933333333333,0.18,0.0428,445.47813667412163,408.65798063117444,182048.19574858487,19.187953265740408,34931.32272136208,1.4039654171648763,-0.9210662032340111,181196.63,36116.63,0.4699677629682597,-3.2818878135582374
2024-11-25,SKU0012,Groceries,461.022875,400,360,False,-1.5067,-1.6217,-1.5067,-1.5067,406.23333333333335,0.18,0.0428,446.85413002781064,419.2623545081208,187349.11467713784,19.4367969749782,36414.66705421436,4.815588627030198,-3.0733279714568074,184409.15,40409.15,1.5942618233085737,-9.885095196968107
2024-12-02,SKU0012,Groceries,433.79599009900994,404,360,False,-1.5067,-1.6217,-1.5067,-1.5067,416.5133333333333,0.18,0.0428,442.6511490670355,391.8848473829393,173468.27799601792,18.671847851572778,32389.732938159763,-2.9988001527377905,2.04131876968352,175253.58000000002,29813.580000000016,-1.0186964534374177,8.64087083188181
2024-12-09,SKU0012,Groceries,482.91,381,360,False,-1.5067,-1.6217,-1.5067,-1.5067,418.5033333333333,0.18,0.0428,460.32966104194384,409.5059123882655,188507.7178443622,21.795176268861393,41085.58938458662,7.481866768573608,-4.675889701612346,183988.71000000002,46828.71000000001,2.456133229241164,-12.264101691918016
2024-12-16,SKU0012,Groceries,451.692206235012,417,360,False,-1.5067,-1.6217,-1.5067,-1.5067,432.73,0.18,0.0428,460.89455397870876,404.51897742067706,186440.59367422631,21.891027591393417,40813.761802782574,-2.9930509782548964,2.037304964900999,188355.65,38235.65000000001,-1.0167235895359061,6.742691186844119
2024-12-23,SKU0012,Groceries,459.044925,400,360,False,-1.5067,-1.6217,-1.5067,-1.5067,418.9333333333333,0.18,0.0428,460.79842766276704,397.70879969503613,183263.58956711902,21.87473342173291,40088.42167690601,-0.5728000762409646,0.38198933639601584,183617.97,39617.969999999994,-0.19299877505506435,1.1874704254307256
2024-12-30,SKU0012,Groceries,485.86706896551726,116,360,False,-1.5067,-1.6217,-1.5067,-1.5067,440.4433333333333,0.18,0.0428,484.48172328620234,116.50012652880879,56442.1820637379,25.693791386360743,14502.136513366737,0.4311435593179258,-0.2851285398420833,56360.58,14600.580000000002,0.14478570614053776,-0.6742436713696676
2024-07-01,SKU0013,Groceries,356.0337330754352,517,280,True,-1.9587,0.3268,0.3268,0.3268,297.924,0.18,0.025,,,,,,,,184069.44,39309.43999999999,,
2024-07-08,SKU0013,Groceries,399.7072781065089,507,280,True,-1.9587,0.3268,0.3268,0.3268,297.879,0.18,0.025,,,,,,,,202651.59000000003,60691.59000000002,,
2024-07-15,SKU0013,Groceries,417.9704842615012,413,280,False,-1.9587,0.3268,-1.9587,-1.9587,302.118,0.18,0.025,,,,,,,,172621.81,56981.81,,
2024-07-22,SKU0013,Groceries,390.1468564356436,404,280,False,-1.9587,0.3268,-1.9587,-1.9587,314.559,0.18,0.025,345.9613426490964,511.2420399070579,176869.98254490868,19.066102051754395,33722.21137093248,26.545059382935122,-11.325354301255475,157619.33000000002,44499.330000000016,12.213383057083593,-24.218608749991375
2024-07-29,SKU0013,Groceries,431.7048641304348,368,280,False,-1.9587,0.3268,-1.9587,-1.9587,294.879,0.18,0.025,,,,,,,,158867.39,55827.390000000014,,
2024-08-05,SKU0013,Groceries,356.55744000000004,375,280,True,-1.9587,0.3268,0.3268,0.3268,298.92900000000003,0.18,0.025,,,,,,,,133709.04,28709.040000000015,,
2024-08-12,SKU0013,Groceries,365.0321651376147,545,280,True,-1.9587,0.3268,0.3268,0.3268,298.737,0.18,0.025,,,,,,,,198942.53,46342.53000000001,,
2024-08-19,SKU0013,Groceries,371.3194134078212,358,280,False,-1.9587,0.3268,-1.9587,-1.9587,293.232,0.18,0.025,,,,,,,,132932.34999999998,32692.34999999998,,
2024-08-26,SKU0013,Groceries,448.5067575757576,330,280,False,-1.9587,0.3268,-1.9587,-1.9587,289.269,0.18,0.025,,,,,,,,148007.23,55607.23000000001,,
2024-09-02,SKU0013,Groceries,413.6094985250737,339,280,False,-1.9587,0.3268,-1.9587,-1.9587,292.281,0.18,0.025,,,,,,,,140213.62,45293.61999999999,,
2024-09-09,SKU0013,Groceries,451.8671043771044,297,280,False,-1.9587,0.3268,-1.9587,-1.9587,292.647,0.18,0.025,,,,,,,,134204.53,51044.530000000006,,
2024-09-16,SKU0013,Groceries,420.75124705882354,425,280,True,-1.9587,0.3268,0.3268,0.3268,292.62,0.18,0.025,,,,,,,,178819.28,59819.280000000006,,
2024-09-23,SKU0013,Groceries,353.2856476683937,386,280,True,-1.9587,0.3268,0.3268,0.3268,288.864,0.18,0.025,,,,,,,,136368.25999999998,28288.259999999977,,
2024-09-30,SKU0013,Groceries,425.7144179104478,335,280,False,-1.9587,0.3268,-1.9587,-1.9587,278.60099999999994,0.18,0.025,,,,,,,,142614.33000000002,48814.33000000002,,
2024-10-07,SKU0013,Groceries,436.9296987951808,332,280,False,-1.9587,0.3268,-1.9587,-1.9587,291.537,0.18,0.025,,,,,,,,145060.66000000003,52100.660000000025,,
2024-10-14,SKU0013,Groceries,422.0385444743935,371,280,False,-1.9587,0.3268,-1.9587,-1.9587,280.968,0.18,0.025,,,,,,,,156576.3,52696.299999999996,,
2024-10-21,SKU0013,Groceries,422.2243537414966,294,280,False,-1.9587,0.3268,-1.9587,-1.9587,292.845,0.18,0.025,,,,,,,,124133.96,41813.96,,
2024-10-28,SKU0013,Groceries,427.71039164490855,383,280,False,-1.9587,0.3268,-1.9587,-1.9587,280.344,0.18,0.025,,,,,,,,163813.08,56573.07999999998,,
2024-11-04,SKU0013,Groceries,372.05565326633166,398,280,False,-1.9587,0.3268,-1.9587,-1.9587,286.725,0.18,0.025,,,,,,,,148078.15,36638.15,,
2024-11-11,SKU0013,Groceries,411.86107246376815,345,280,False,-1.9587,0.3268,-1.9587,-1.9587,298.434,0.18,0.025,,,,,,,,142092.07,45492.070000000014,,
2024-11-18,SKU0013,Groceries,446.13421875000006,320,280,False,-1.9587,0.3268,-1.9587,-1.9587,296.715,0.18,0.025,,,,,,,,142762.95,53162.95000000002,,
2024-11-25,SKU0013,Groceries,429.95584905660377,318,280,False,-1.9587,0.3268,-1.9587,-1.9587,286.326,0.18,0.025,,,,,,,,136725.96,47685.96,,
2024-12-02,SKU0013,Groceries,450.9329722222222,360,280,False,-1.9587,0.3268,-1.9587,-1.9587,290.427,0.18,0.025,,,,,,,,162335.87,61535.86999999999,,
2024-12-09,SKU0013,Groceries,391.0876283618582,409,280,False,-1.9587,0.3268,-1.9587,-1.9587,287.601,0.18,0.025,,,,,,,,159954.84,45434.840000000004,,
2024-12-16,SKU0013,Groceries,448.7682336182336,351,280,False,-1.9587,0.3268,-1.9587,-1.9587,283.047,0.18,0.025,,,,,,,,157517.65,59237.64999999999,,
2024-12-23,SKU0013,Groceries,381.9715183246073,382,280,False,-1.9587,0.3268,-1.9587,-1.9587,285.651,0.18,0.025,,,,,,,,145913.12,38953.11999999999,,
2024-12-30,SKU0013,Groceries,447.888064516129,93,280,False,-1.9587,0.3268,-1.9587,-1.9587,303.06300000000005,0.18,0.025,,,,,,,,41653.59,15613.589999999998,,
2024-07-01,SKU0014,Apparel,546.6552688172043,279,500,True,-0.8937,-1.4484,-1.4484,-1.4484,616.3333333333334,0.18,0.152,,,,,,,,152516.81999999998,13016.819999999992,,
2024-07-08,SKU0014,Apparel,592.103598615917,289,500,True,-0.8937,-1.4484,-1.4484,-1.4484,635.64,0.18,0.152,,,,,,,,171117.94,26617.940000000017,,
2024-07-15,SKU0014,Apparel,560.5282464454976,211,500,False,-0.8937,-1.4484,-0.8937,-0.8937,628.42,0.18,0.152,,,,,,,,118271.46,12771.460000000003,,
2024-07-22,SKU0014,Apparel,559.6224124513618,257,500,False,-0.8937,-1.4484,-0.8937,-0.8937,595.8433333333334,0.18,0.152,,,,,,,,143822.96,15322.959999999985,,
2024-07-29,SKU0014,Apparel,616.8419330855019,269,500,False,-0.8937,-1.4484,-0.8937,-0.8937,595.62,0.18,0.152,638.1990898857489,260.9404136578323,166531.93451083943,21.654541987906853,36061.727681923265,-2.996128751735194,3.4623386729589756,165930.48,31430.480000000003,0.3624737967607983,14.734893268964576
2024-08-05,SKU0014,Apparel,528.6118309859155,284,500,True,-0.8937,-1.4484,-1.4484,-1.4484,610.5233333333334,0.18,0.152,,,,,,,,150125.76,8125.760000000003,,
2024-08-12,SKU0014,Apparel,495.8768954248367,306,500,True,-0.8937,-1.4484,-1.4484,-1.4484,614.9833333333332,0.18,0.152,,,,,,,,151738.33000000002,-1261.6699999999773,,
2024-08-19,SKU0014,Apparel,665.526914893617,188,500,False,-0.8937,-1.4484,-0.8937,-0.8937,623.3733333333333,0.18,0.152,685.6802984618529,183.05391837954244,125516.46538909631,27.079719058339403,33989.5061993251,-2.630894478966783,3.028184603391648,125119.06,31119.059999999998,0.3176217828812833,9.224077460325297
2024-08-26,SKU0014,Apparel,555.4611065573771,244,500,False,-0.8937,-1.4484,-0.8937,-0.8937,609.39,0.18,0.152,,,,,,,,135532.51,13532.510000000011,,
2024-09-02,SKU0014,Apparel,555.5355072463768,207,500,False,-0.8937,-1.4484,-0.8937,-0.8937,597.2233333333334,0.18,0.152,,,,,,,,114995.85,11495.850000000002,,
2024-09-09,SKU0014,Apparel,591.1568487394958,238,500,False,-0.8937,-1.4484,-0.8937,-0.8937,603.3000000000001,0.18,0.152,611.6520141937543,230.86,141205.98399677014,18.254172569173637,25775.983996770126,-2.9999999999999916,3.466958980169088,140695.33,21695.329999999998,0.3629502107640237,18.80890494299985
2024-09-16,SKU0014,Apparel,618.6322685185186,216,500,True,-0.8937,-1.4484,-1.4484,-1.4484,603.0066666666667,0.18,0.152,631.7575409108972,209.53058979604867,132372.53015516163,20.855713209362424,27607.235257137305,-2.9950973166441353,2.121659839020462,133624.57,25624.57000000001,-0.936983254530499,7.737360108432223
2024-09-23,SKU0014,Apparel,540.2530152671756,262,500,True,-0.8937,-1.4484,-1.4484,-1.4484,576.59,0.18,0.152,,,,,,,,141546.29,10546.289999999995,,
2024-09-30,SKU0014,Apparel,588.625752688172,186,500,False,-0.8937,-1.4484,-0.8937,-0.8937,570.3566666666667,0.18,0.152,,,,,,,,109484.39,16484.39,,
2024-10-07,SKU0014,Apparel,659.6547239263804,163,500,False,-0.8937,-1.4484,-0.8937,-0.8937,564.25,0.18,0.152,620.6094701066686,172.13497305858485,106828.59441671401,19.434036365242473,20761.107887421593,5.60427795005205,-5.919044070101942,107523.72,26023.72,-0.6464858017244834,-20.222366796823856
2024-10-14,SKU0014,Apparel,566.726018957346,211,500,False,-0.8937,-1.4484,-0.8937,-0.8937,576.79,0.18,0.152,,,,,,,,119579.19,14079.19000000001,,
2024-10-21,SKU0014,Apparel,614.4367661691542,201,500,False,-0.8937,-1.4484,-0.8937,-0.8937,610.9166666666666,0.18,0.152,635.7390368113163,194.97000000000003,123950.04000710235,21.351376736615727,26465.04000710234,-2.9999999999999916,3.466958980169088,123501.79,23001.79,0.3629502107640237,15.056436942961128
2024-10-28,SKU0014,Apparel,636.3632638888889,144,500,False,-0.8937,-1.4484,-0.8937,-0.8937,609.66,0.18,0.152,658.4257172127818,139.68,91968.90418028137,24.061289386359704,22128.904180281366,-2.9999999999999916,3.466958980169088,91636.31,19636.310000000005,0.3629502107640237,12.693801331723531
2024-11-04,SKU0014,Apparel,640.3337062937063,143,500,False,-0.8937,-1.4484,-0.8937,-0.8937,606.5933333333334,0.18,0.152,662.5338132271055,138.71,91900.06523273181,24.532153677625452,22545.065232731806,-2.9999999999999916,3.466958980169088,91567.72,20067.72,0.3629502107640237,12.344926243398868
2024-11-11,SKU0014,Apparel,595.9025789473684,190,500,False,-0.8937,-1.4484,-0.8937,-0.8937,625.3066666666667,0.18,0.152,616.5622769212433,184.3,113632.42763658515,18.905191135482397,21482.427636585147,-2.9999999999999916,3.466958980169088,113221.48999999999,18221.489999999994,0.3629502107640237,17.896108587086744
2024-11-18,SKU0014,Apparel,655.3739195979899,199,500,False,-0.8937,-1.4484,-0.8937,-0.8937,580.82,0.18,0.152,638.8978096134106,203.58013244034726,130066.90069694589,21.740223166120412,28276.834476772263,2.301574090626768,-2.51400147181412,130419.40999999999,30919.409999999996,-0.2702889877006065,-8.546655719587582
2024-11-25,SKU0014,Apparel,588.6470338983052,236,500,False,-0.8937,-1.4484,-0.8937,-0.8937,590.1999999999999,0.18,0.152,,,,,,,,138920.7,20920.700000000015,,
2024-12-02,SKU0014,Apparel,624.1784259259259,216,500,False,-0.8937,-1.4484,-0.8937,-0.8937,610.04,0.18,0.152,645.8184359158429,209.52,135311.8786930874,22.578859290236274,30551.8786930874,-2.9999999999999916,3.466958980169088,134822.54,26822.54,0.3629502107640237,13.90374920901376
2024-12-09,SKU0014,Apparel,604.8936,200,500,False,-0.8937,-1.4484,-0.8937,-0.8937,615.9866666666667,0.18,0.152,625.865012985668,194.00000000000003,121417.81251921962,20.11056863288031,24417.812519219606,-2.9999999999999805,3.466958980169088,120978.72,20978.719999999998,0.3629502107640237,16.393242863337743
2024-12-16,SKU0014,Apparel,654.2057142857143,168,500,False,-0.8937,-1.4484,-0.8937,-0.8937,608.6999999999999,0.18,0.152,669.5621914865036,164.55225349778888,110177.9674660222,25.324337849790535,27901.840717127758,-2.0522300608399546,2.3473468460232016,109906.56,25906.56,0.2469438275769953,7.70183581736732
2024-12-23,SKU0014,Apparel,662.3462962962963,216,500,False,-0.8937,-1.4484,-0.8937,-0.8937,621.74,0.18,0.152,683.8726177530584,209.91340158724373,143554.0274449174,26.886968856450622,38597.326651295516,-2.8178696355353083,3.2500100894551576,143066.8,35066.79999999999,0.3405594064572526,10.068003499878886
2024-12-30,SKU0014,Apparel,613.3589855072463,69,500,False,-0.8937,-1.4484,-0.8937,-0.8937,566.08,0.18,0.152,622.6754011071406,68.07663132440007,42389.64371594375,19.701340520119963,8351.328053743711,-1.3382154718839634,1.5189172768357961,42321.77,7821.769999999995,0.16037541894811103,6.770309709230982
2024-07-01,SKU0015,Apparel,1949.1378758169933,306,1600,True,-3.0115,-1.2282,-1.2282,-1.2282,1923.9466666666667,0.18,0.0248,1998.033723776663,296.82855869944007,593073.4704615021,19.921271550126978,118147.77654239793,-2.997203039398666,2.508588467051087,596436.19,106836.18999999994,-0.5638020621280271,10.587785414659567
2024-07-08,SKU0015,Apparel,1791.5662536873156,339,1600,True,-3.0115,-1.2282,-1.2282,-1.2282,1987.7033333333336,0.18,0.0248,,,,,,,,607340.96,64940.95999999998,,
2024-07-15,SKU0015,Apparel,1851.642190082645,242,1600,False,-3.0115,-1.2282,-3.0115,-3.0115,2010.44,0.18,0.0248,,,,,,,,448097.4100000001,60897.41000000007,,
2024-07-22,SKU0015,Apparel,2070.231445086705,173,1600,False,-3.0115,-1.2282,-3.0115,-3.0115,1967.75,0.18,0.0248,2091.136434118575,167.843883426384,350984.4598768624,23.486580124820573,82434.24639464801,-2.980414204402315,1.009789947954065,358150.04,81350.04000000001,-2.0007201794916885,1.3327668857298747
2024-07-29,SKU0015,Apparel,2107.2696650717703,209,1600,False,-3.0115,-1.2282,-3.0115,-3.0115,1857.3166666666664,0.18,0.0248,2042.886656879914,229.4715181587008,468784.30258038675,21.679453208448262,101629.87352646547,9.794984764928616,-3.0552809286353733,440419.36,106019.36,6.44043953480764,-4.1402687900912944
2024-08-05,SKU0015,Apparel,1695.235250965251,259,1600,True,-3.0115,-1.2282,-1.2282,-1.2282,1912.16,0.18,0.0248,,,,,,,,439065.93,24665.930000000008,,
2024-08-12,SKU0015,Apparel,1858.70025,240,1600,True,-3.0115,-1.2282,-1.2282,-1.2282,1996.3233333333333,0.18,0.0248,,,,,,,,446088.06,62088.06000000003,,
2024-08-19,SKU0015,Apparel,1922.006666666667,264,1600,False,-3.0115,-1.2282,-3.0115,-3.0115,1992.6066666666663,0.18,0.0248,,,,,,,,507409.76000000007,85009.76000000005,,
2024-08-26,SKU0015,Apparel,1890.442753036437,247,1600,False,-3.0115,-1.2282,-3.0115,-3.0115,1876.65,0.18,0.0248,,,,,,,,466939.3599999999,71739.35999999991,,
2024-09-02,SKU0015,Apparel,1966.627411167513,197,1600,False,-3.0115,-1.2282,-3.0115,-3.0115,1849.15,0.18,0.0248,1986.5839629469665,191.1002649791125,379636.7217224207,19.45973440626666,73876.2977558407,-2.994789350704319,1.0147601760318148,387425.60000000003,72225.60000000005,-2.0104191043594732,2.285474618197214
2024-09-09,SKU0015,Apparel,1978.7430454545447,220,1600,False,-3.0115,-1.2282,-3.0115,-3.0115,1857.1866666666667,0.18,0.0248,1998.810509120918,213.41533240703845,426576.8092227224,19.952392050225704,85112.27737146094,-2.993030724073431,1.0141520756053124,435323.46999999986,83323.46999999983,-2.0092325316798165,2.146822943716953
2024-09-16,SKU0015,Apparel,1991.1634517766497,197,1600,True,-3.0115,-1.2282,-1.2282,-1.2282,1900.1933333333327,0.18,0.0248,2041.0714359171338,191.10035256277803,390049.4710095799,21.609799057275183,84288.90690913504,-2.9947448919908526,2.5064734939742372,392259.2,77059.2,-0.5633338849465153,9.382016565361484
2024-09-23,SKU0015,Apparel,1788.1482578397215,287,1600,True,-3.0115,-1.2282,-1.2282,-1.2282,1852.0633333333333,0.18,0.0248,,,,,,,,513198.55000000005,53998.550000000076,,
2024-09-30,SKU0015,Apparel,2178.071161290323,155,1600,False,-3.0115,-1.2282,-3.0115,-3.0115,1746.11,0.18,0.0248,,,,,,,,337601.03,89601.03000000004,,
2024-10-07,SKU0015,Apparel,2111.020196078431,153,1600,False,-3.0115,-1.2282,-3.0115,-3.0115,1804.1233333333328,0.18,0.0248,1984.4233899844587,184.32084428478439,365770.5946604094,19.372044893477565,70857.24380475435,20.471140055414637,-5.996949073682334,322986.08999999997,78186.08999999997,13.246547137806907,-9.373593429784776
2024-10-14,SKU0015,Apparel,2133.9313829787234,188,1600,False,-3.0115,-1.2282,-3.0115,-3.0115,1875.756666666667,0.18,0.0248,2063.1407531914856,208.10433197846478,429348.5282204608,22.448335261423644,96381.59705491715,10.69379360556637,-3.3173807907741715,401179.1,100379.09999999999,7.0216589599161106,-3.9824056452815837
2024-10-21,SKU0015,Apparel,1934.548492462312,199,1600,False,-3.0115,-1.2282,-3.0115,-3.0115,1869.9133333333327,0.18,0.0248,1954.2113795998948,193.03089176127963,377223.1652942083,18.12554073205817,68373.73847616083,-2.9995518787539477,1.0164070435141115,384975.1500000001,66575.15000000008,-2.0136324918093584,2.7015913237307565
2024-10-28,SKU0015,Apparel,2141.2216993464053,153,1600,False,-3.0115,-1.2282,-3.0115,-3.0115,1808.1833333333327,0.18,0.0248,1988.9521327704908,191.06088000932655,380010.94478355686,19.55563064399664,74313.5367686344,24.87639216295854,-7.111340531547661,327606.92000000004,82806.92000000001,15.996006672739638,-10.256852001457872
2024-11-04,SKU0015,Apparel,1821.0870386266088,233,1600,False,-3.0115,-1.2282,-3.0115,-3.0115,1839.9766666666667,0.18,0.0248,,,,,,,,424313.27999999985,51513.279999999846,,
2024-11-11,SKU0015,Apparel,1899.3555154639173,194,1600,False,-3.0115,-1.2282,-3.0115,-3.0115,1871.6633333333327,0.18,0.0248,,,,,,,,368474.97,58074.96999999996,,
2024-11-18,SKU0015,Apparel,1901.6316746411485,209,1600,False,-3.0115,-1.2282,-3.0115,-3.0115,1803.743333333333,0.18,0.0248,,,,,,,,397441.02,63041.02000000003,,
2024-11-25,SKU0015,Apparel,1902.8020833333333,216,1600,False,-3.0115,-1.2282,-3.0115,-3.0115,1920.473333333333,0.18,0.0248,,,,,,,,411005.25,65405.249999999985,,
2024-12-02,SKU0015,Apparel,1800.1029281767956,181,1600,False,-3.0115,-1.2282,-3.0115,-3.0115,1872.743333333333,0.18,0.0248,,,,,,,,325818.63,36218.63,,
2024-12-09,SKU0015,Apparel,1902.559640718563,167,1600,False,-3.0115,-1.2282,-3.0115,-3.0115,1881.733333333333,0.18,0.0248,,,,,,,,317727.46,50527.46000000003,,
2024-12-16,SKU0015,Apparel,2054.9614673913047,184,1600,False,-3.0115,-1.2282,-3.0115,-3.0115,1843.1166666666668,0.18,0.0248,2027.3210805426331,191.65885787749855,388554.0428477773,21.078115580402105,81899.87024377963,4.162422759510087,-1.345056210896256,378112.9100000001,83712.91000000006,2.7613796227632603,-2.165782740344868
2024-12-23,SKU0015,Apparel,2025.683855932204,236,1600,False,-3.0115,-1.2282,-3.0115,-3.0115,1869.6066666666663,0.18,0.0248,2046.181036585759,228.9520597400933,468477.36292742874,21.80555036959257,102154.06734327947,-2.9864153643672453,1.0118647385932933,478061.3900000002,100461.39000000016,-2.0047691097939246,1.6849033676313852
2024-12-30,SKU0015,Apparel,2130.5320689655173,58,1600,False,-3.0115,-1.2282,-3.0115,-3.0115,1901.0333333333333,0.18,0.0248,2091.0339884358364,61.36240949848398,128310.883873648,23.48283151548131,30131.028676073638,5.797257756006857,-1.853906876363487,123570.86,30770.86,3.835875119464238,-2.0793417016175764
2024-07-01,SKU0016,Apparel,3117.6830456852795,197,2200,True,-1.4252,0.4284,0.4284,0.4284,2386.2960000000003,0.18,0.0011,,,,,,,,614183.56,180783.56000000006,,
2024-07-08,SKU0016,Apparel,3489.191674876848,203,2200,True,-1.4252,0.4284,0.4284,0.4284,2530.5,0.18,0.0011,,,,,,,,708305.9100000001,261705.91000000015,,
2024-07-15,SKU0016,Apparel,3244.687177033493,209,2200,False,-1.4252,0.4284,-1.4252,-1.4252,2471.25,0.18,0.0011,2718.345946206788,268.9668221520402,731144.8706611206,19.068431923835675,139417.86192663218,28.69225940289004,-16.22163253678959,678139.62,218339.62,7.816273979261168,-36.146329316396084
2024-07-22,SKU0016,Apparel,3111.96877094972,179,2200,False,-1.4252,0.4284,-1.4252,-1.4252,2369.3250000000003,0.18,0.0011,,,,,,,,557042.4099999998,163242.40999999983,,
2024-07-29,SKU0016,Apparel,3210.71,207,2200,False,-1.4252,0.4284,-1.4252,-1.4252,2554.9950000000003,0.18,0.0011,2810.245094970291,250.28105328671975,703351.1023630023,21.715013258540797,152732.7851322188,20.9087213945506,-12.472783435118995,664616.97,209216.97,5.828038420836945,-26.99789833863917
2024-08-05,SKU0016,Apparel,2991.200210526316,190,2200,True,-1.4252,0.4284,0.4284,0.4284,2471.277,0.18,0.0011,,,,,,,,568328.04,150328.04000000004,,
2024-08-12,SKU0016,Apparel,3143.5027165354327,254,2200,True,-1.4252,0.4284,0.4284,0.4284,2371.815,0.18,0.0011,,,,,,,,798449.69,239649.68999999992,,
2024-08-19,SKU0016,Apparel,3673.5808943089432,123,2200,False,-1.4252,0.4284,-1.4252,-1.4252,2330.187,0.18,0.0011,,,,,,,,451850.45,181250.45,,
2024-08-26,SKU0016,Apparel,3174.7750943396227,159,2200,False,-1.4252,0.4284,-1.4252,-1.4252,2428.2180000000003,0.18,0.0011,,,,,,,,504789.24,154989.24000000002,,
2024-09-02,SKU0016,Apparel,3190.368043478261,138,2200,False,-1.4252,0.4284,-1.4252,-1.4252,2424.351,0.18,0.0011,,,,,,,,440270.79,136670.79,,
2024-09-09,SKU0016,Apparel,3501.968059701492,134,2200,False,-1.4252,0.4284,-1.4252,-1.4252,2370.699,0.18,0.0011,,,,,,,,469263.72,174463.71999999994,,
2024-09-16,SKU0016,Apparel,2945.5521808510643,188,2200,True,-1.4252,0.4284,0.4284,0.4284,2456.8740000000003,0.18,0.0011,,,,,,,,553763.81,140163.81000000008,,
2024-09-23,SKU0016,Apparel,3212.6412432432435,185,2200,True,-1.4252,0.4284,0.4284,0.4284,2375.946,0.18,0.0011,,,,,,,,594338.63,187338.63000000003,,
2024-09-30,SKU0016,Apparel,3607.086884057971,138,2200,False,-1.4252,0.4284,-1.4252,-1.4252,2425.2270000000003,0.18,0.0011,,,,,,,,497777.99,194177.99,,
2024-10-07,SKU0016,Apparel,3110.956073619632,163,2200,False,-1.4252,0.4284,-1.4252,-1.4252,2410.383,0.18,0.0011,,,,,,,,507085.84,148485.84000000005,,
2024-10-14,SKU0016,Apparel,3555.1359146341465,164,2200,False,-1.4252,0.4284,-1.4252,-1.4252,2532.9390000000003,0.18,0.0011,,,,,,,,583042.29,222242.29000000004,,
2024-10-21,SKU0016,Apparel,3521.338447204969,161,2200,False,-1.4252,0.4284,-1.4252,-1.4252,2294.835,0.18,0.0011,,,,,,,,566935.49,212735.49,,
2024-10-28,SKU0016,Apparel,3262.5747777777774,180,2200,False,-1.4252,0.4284,-1.4252,-1.4252,2451.543,0.18,0.0011,2696.593136402525,236.15696014580237,636819.2378428553,18.415575182580966,117273.92552209011,31.198311192112428,-17.34769867131618,587263.46,191263.45999999993,8.438423504649052,-38.68461570124783
2024-11-04,SKU0016,Apparel,3286.216875,160,2200,False,-1.4252,0.4284,-1.4252,-1.4252,2366.8080000000004,0.18,0.0011,,,,,,,,525794.7,173794.7,,
2024-11-11,SKU0016,Apparel,3286.936129032258,186,2200,False,-1.4252,0.4284,-1.4252,-1.4252,2352.498,0.18,0.0011,,,,,,,,611370.12,202170.12000000002,,
2024-11-18,SKU0016,Apparel,3168.904882352941,170,2200,False,-1.4252,0.4284,-1.4252,-1.4252,2331.012,0.18,0.0011,,,,,,,,538713.83,164713.83,,
2024-11-25,SKU0016,Apparel,3765.582521008404,119,2200,False,-1.4252,0.4284,-1.4252,-1.4252,2374.701,0.18,0.0011,,,,,,,,448104.32000000007,186304.32000000007,,
2024-12-02,SKU0016,Apparel,3522.4783743842363,203,2200,False,-1.4252,0.4284,-1.4252,-1.4252,2325.1560000000004,0.18,0.0011,,,,,,,,715063.11,268463.11,,
2024-12-09,SKU0016,Apparel,3115.6553205128203,156,2200,False,-1.4252,0.4284,-1.4252,-1.4252,2421.363,0.18,0.0011,,,,,,,,486042.23,142842.22999999995,,
2024-12-16,SKU0016,Apparel,3599.9182432432435,148,2200,False,-1.4252,0.4284,-1.4252,-1.4252,2391.261,0.18,0.0011,,,,,,,,532787.9,207187.90000000005,,
2024-12-23,SKU0016,Apparel,3482.246891891892,148,2200,False,-1.4252,0.4284,-1.4252,-1.4252,2353.242,0.18,0.0011,,,,,,,,515372.54000000004,189772.54000000004,,
2024-12-30,SKU0016,Apparel,3349.78511627907,43,2200,False,-1.4252,0.4284,-1.4252,-1.4252,2472.771,0.18,0.0011,2719.9248273135986,57.861823342888776,157379.8098639567,19.115411650075465,30083.798509601394,34.5623798671832,-18.80300577802787,144040.76,49440.76,9.260607805704923,-39.15182835053225
2024-07-01,SKU0017,Apparel,3453.066962457338,293,2800,True,-0.2452,1.7034,1.7034,1.7034,3332.853333333333,0.18,0.8675,,,,,,,,1011748.62,191348.62000000002,,
2024-07-08,SKU0017,Apparel,3391.101433224756,307,2800,True,-0.2452,1.7034,1.7034,1.7034,3304.066666666667,0.18,0.8675,,,,,,,,1041068.1400000001,181468.14000000007,,
2024-07-15,SKU0017,Apparel,3283.9393214285715,280,2800,False,-0.2452,1.7034,-0.2452,-0.2452,3351.48,0.18,0.8675,3686.3799409824555,272.174712354829,1003339.4000675114,24.044725589143336,241250.20547399015,-2.794745587561065,12.254812898881928,919503.01,135503.01,9.117576468565481,78.04047708902564
2024-07-22,SKU0017,Apparel,3215.488008298755,241,2800,False,-0.2452,1.7034,-0.2452,-0.2452,3280.4933333333333,0.18,0.8675,3608.4183897347157,234.28251648682087,845389.3408843711,22.403676692107453,189398.29472127272,-2.787337557335745,12.219929927334782,774932.61,100132.61,9.091981673654326,89.14746626625703
2024-07-29,SKU0017,Apparel,3550.7322705314014,207,2800,False,-0.2452,1.7034,-0.2452,-0.2452,3358.6733333333336,0.18,0.8675,3694.1612522494956,204.99978949706096,757302.2790793458,24.204716340008485,183302.86848757503,-0.9662852671203148,4.039419781335107,735001.5800000001,155401.58000000007,3.0341021959906067,17.954314549166718
2024-08-05,SKU0017,Apparel,3332.218899082569,218,2800,True,-0.2452,1.7034,1.7034,1.7034,3422.63,0.18,0.8675,,,,,,,,726423.72,116023.72000000002,,
2024-08-12,SKU0017,Apparel,3162.177138047138,297,2800,True,-0.2452,1.7034,1.7034,1.7034,3448.023333333333,0.18,0.8675,,,,,,,,939166.6100000001,107566.61000000004,,
2024-08-19,SKU0017,Apparel,3447.4572321428573,224,2800,False,-0.2452,1.7034,-0.2452,-0.2452,3351.063333333333,0.18,0.8675,3685.704957000706,220.3595630343907,812180.3337983633,24.030815470413046,195173.5573020694,-1.625195073932717,6.910824669165216,772230.42,145030.42000000004,5.173315213141083,34.574220568394786
2024-08-26,SKU0017,Apparel,3364.064363636364,220,2800,False,-0.2452,1.7034,-0.2452,-0.2452,3256.693333333333,0.18,0.8675,3582.020855636652,216.6394745815396,776007.1161052411,21.831834239771872,169416.5872769303,-1.5275115538456396,6.478963195718679,740094.16,124094.16000000005,4.852484730489026,36.52261095681719
2024-09-02,SKU0017,Apparel,3264.59436440678,236,2800,False,-0.2452,1.7034,-0.2452,-0.2452,3246.09,0.18,0.8675,3570.602614521487,230.87170431392218,824351.1110423221,21.581864399792888,177910.33896334007,-2.1730066466431386,9.373545866863386,770444.2700000001,109644.27000000012,6.996851445507146,62.26141043516444
2024-09-09,SKU0017,Apparel,3101.287130801688,237,2800,False,-0.2452,1.7034,-0.2452,-0.2452,3179.2899999999995,0.18,0.8675,3497.137006875824,230.12091794236323,804764.3781924733,19.934506583675805,160425.80795385627,-2.902566269045048,12.764051162583211,735005.05,71405.05000000003,9.49099984992936,124.67011500426959
2024-09-16,SKU0017,Apparel,3101.155482625483,259,2800,True,-0.2452,1.7034,1.7034,1.7034,3309.313333333333,0.18,0.8675,,,,,,,,803199.27,77999.27000000005,,
2024-09-23,SKU0017,Apparel,3292.7007843137253,204,2800,True,-0.2452,1.7034,1.7034,1.7034,3075.083333333333,0.18,0.8675,,,,,,,,671710.96,100510.95999999996,,
2024-09-30,SKU0017,Apparel,3184.3835071090048,211,2800,False,-0.2452,1.7034,-0.2452,-0.2452,3265.63,0.18,0.8675,3592.0024200116522,204.8593241711535,735855.1881847349,22.049050290146603,162249.08050550515,-2.9102729046665887,12.800559731346905,671904.92,81104.92000000001,9.51775560517325,100.04838239838607
2024-10-07,SKU0017,Apparel,3660.8866216216215,148,2800,False,-0.2452,1.7034,-0.2452,-0.2452,3134.96,0.18,0.8675,3448.2692757408527,150.18731855452745,517886.3161774811,18.799844904849362,97361.82422480424,1.4779179422482747,-5.80781017978066,541811.22,127411.21999999999,-4.415726906231088,-23.584575813021612
2024-10-14,SKU0017,Apparel,3474.632389937108,159,2800,False,-0.2452,1.7034,-0.2452,-0.2452,3281.603333333333,0.18,0.8675,3609.670832262902,157.52044214327682,568596.9454897423,22.43060018177113,127539.70748856725,-0.9305395325302945,3.8864094721755116,552466.5500000002,107266.5500000002,2.919705363110614,18.899794473269637
2024-10-21,SKU0017,Apparel,3135.4697872340425,235,2800,False,-0.2452,1.7034,-0.2452,-0.2452,3327.9166666666665,0.18,0.8675,3550.053536333672,227.95213633426948,809242.2877082888,21.12795000574251,170976.30597233417,-2.999090921587455,13.222380607448137,736835.4,78835.4,9.826738469444972,116.8775778043039
2024-10-28,SKU0017,Apparel,3391.0671875000003,192,2800,False,-0.2452,1.7034,-0.2452,-0.2452,3211.313333333333,0.18,0.8675,3532.0404031265634,190.09199129322738,671412.593558462,20.725708643608975,139155.01793742535,-0.9937545347774024,4.15719323244943,651084.9,113484.90000000005,3.122126401405101,22.61985333504748
2024-11-04,SKU0017,Apparel,3480.072038216561,157,2800,False,-0.2452,1.7034,-0.2452,-0.2452,3225.84,0.18,0.8675,3548.3049811351552,156.25429102219124,554437.8791577833,21.08908295971113,116925.86429564787,-0.47497387121576695,1.9606761632888992,546371.31,106771.31000000007,1.4763895925983483,9.510564491198803
2024-11-11,SKU0017,Apparel,3308.60358490566,212,2800,False,-0.2452,1.7034,-0.2452,-0.2452,3241.363333333333,0.18,0.8675,3565.3261447649093,208.1507646784362,742125.3633608368,21.46581024259629,159303.22226121541,-1.8156770384734955,7.759242026770918,701423.9599999998,107823.95999999988,5.802682212457766,47.74380597894532
2024-11-18,SKU0017,Apparel,3216.1628426395937,197,2800,False,-0.2452,1.7034,-0.2452,-0.2452,3322.53,0.18,0.8675,3641.3281691781085,191.09292279199647,695832.0426930742,23.104980657868207,160771.85887548403,-2.9985163492403655,13.219645501207577,633584.08,81984.07999999996,9.824735920301887,96.10131488391906
2024-11-25,SKU0017,Apparel,3618.543901098901,182,2800,False,-0.2452,1.7034,-0.2452,-0.2452,3301.77,0.18,0.8675,3631.894037635908,181.83573397576427,660408.1180557273,22.905239773388566,151268.06292358736,-0.0902560572723754,0.36893670221749275,658574.99,148974.99000000002,0.27834765722387633,1.5392334804569252
2024-12-02,SKU0017,Apparel,3216.587862903226,248,2800,False,-0.2452,1.7034,-0.2452,-0.2452,3260.02,0.18,0.8675,3585.811934652397,241.47945137372662,865899.8987092221,21.91447708281925,189757.4348627876,-2.6292534783360355,11.478749764849173,797713.79,103313.79000000001,8.547690859051338,83.67096479839486
2024-12-09,SKU0017,Apparel,3461.1377637130804,237,2800,False,-0.2452,1.7034,-0.2452,-0.2452,3215.1866666666665,0.18,0.8675,3536.291672534428,235.7549542898184,833698.2816138195,20.821010841753743,173584.409602328,-0.5253357426926675,2.1713642724444204,820289.65,156689.65000000005,1.634621577124551,10.782307320443918
2024-12-16,SKU0017,Apparel,3540.543025641026,195,2800,False,-0.2452,1.7034,-0.2452,-0.2452,3165.57,0.18,0.8675,3481.846656566195,195.8009619909204,681748.9248605309,19.582903091965395,133506.23128595375,0.4107497389335357,-1.6578352148171827,690405.89,144405.89000000004,-1.253895029700447,-7.547932230497167
2024-12-23,SKU0017,Apparel,3697.56808988764,178,2800,False,-0.2452,1.7034,-0.2452,-0.2452,3335.22,0.18,0.8675,3668.103775306532,178.34952867207008,654204.5794461608,23.66628177617432,154825.89916436461,0.19636442251127484,-0.7968565788332271,658167.1199999999,159767.1199999999,-0.6020568991412234,-3.0927645410615767
2024-12-30,SKU0017,Apparel,3200.5550000000003,66,2800,False,-0.2452,1.7034,-0.2452,-0.2452,3360.906666666667,0.18,0.8675,3623.6736126705778,64.0209073510268,231990.87262714366,22.73034772752467,52732.3320442686,-2.9986252257169554,13.22016377380102,211236.63,26436.63000000002,9.82511538228179,99.46692163210122
2024-07-01,SKU0018,Apparel,2166.896,275,1900,True,-2.1046,0.5354,0.5354,0.5354,2455.14,0.18,0.0,,,,,,,,595896.4,73396.40000000005,,
2024-07-08,SKU0018,Apparel,2294.5230147058824,272,1900,True,-2.1046,0.5354,0.5354,0.5354,2503.33,0.18,0.0,,,,,,,,624110.26,107310.26000000001,,
2024-07-15,SKU0018,Apparel,2188.7948299319723,294,1900,False,-2.1046,0.5354,-2.1046,-2.1046,2424.396666666667,0.18,0.0,,,,,,,,643505.6799999998,84905.67999999988,,
2024-07-22,SKU0018,Apparel,2543.8825333333334,225,1900,False,-2.1046,0.5354,-2.1046,-2.1046,2539.94,0.18,0.0,2580.967046315611,218.25000000000006,563296.0578583822,26.384182133890732,148621.0578583821,-2.9999999999999694,1.4577918790017463,572373.5700000001,144873.57,-1.5859418773682799,2.586729835112145
2024-07-29,SKU0018,Apparel,2241.001120689655,232,1900,False,-2.1046,0.5354,-2.1046,-2.1046,2469.34,0.18,0.0,,,,,,,,519912.26,79112.26000000001,,
2024-08-05,SKU0018,Apparel,2127.3171482889734,263,1900,True,-2.1046,0.5354,0.5354,0.5354,2336.8,0.18,0.0,,,,,,,,559484.41,59784.41,,
2024-08-12,SKU0018,Apparel,2146.25543071161,267,1900,True,-2.1046,0.5354,0.5354,0.5354,2443.5666666666666,0.18,0.0,,,,,,,,573050.2,65750.19999999992,,
2024-08-19,SKU0018,Apparel,2271.5921782178216,202,1900,False,-2.1046,0.5354,-2.1046,-2.1046,2368.45,0.18,0.0,,,,,,,,458861.61999999994,75061.61999999997,,
2024-08-26,SKU0018,Apparel,2519.269308176101,159,1900,False,-2.1046,0.5354,-2.1046,-2.1046,2334.9966666666664,0.18,0.0,2555.9950115608754,154.23000000000002,394211.11063303385,25.664956644820574,101174.11063303382,-2.9999999999999916,1.4577918790017463,400563.82,98463.82000000004,-1.585941877368291,2.752575141847813
2024-09-02,SKU0018,Apparel,2141.3346153846155,247,1900,False,-2.1046,0.5354,-2.1046,-2.1046,2380.28,0.18,0.0,,,,,,,,528909.65,59609.65000000003,,
2024-09-09,SKU0018,Apparel,2239.747866108786,239,1900,False,-2.1046,0.5354,-2.1046,-2.1046,2408.0466666666666,0.18,0.0,,,,,,,,535299.7399999999,81199.7399999999,,
2024-09-16,SKU0018,Apparel,1991.637287449393,247,1900,True,-2.1046,0.5354,0.5354,0.5354,2437.883333333333,0.18,0.0,,,,,,,,491934.41000000003,22634.410000000058,,
2024-09-23,SKU0018,Apparel,2154.5809126984127,252,1900,True,-2.1046,0.5354,0.5354,0.5354,2193.3700000000003,0.18,0.0,,,,,,,,542954.39,64154.39,,
2024-09-30,SKU0018,Apparel,2474.454375,192,1900,False,-2.1046,0.5354,-2.1046,-2.1046,2291.103333333333,0.18,0.0,2510.526769928353,186.24000000000004,467560.50563145656,24.318671971212506,113704.50563145652,-2.9999999999999805,1.4577918790017463,475095.24,110295.23999999996,-1.585941877368302,3.0910360514710744
2024-10-07,SKU0018,Apparel,2104.749041666667,240,1900,False,-2.1046,0.5354,-2.1046,-2.1046,2307.1,0.18,0.0,,,,,,,,505139.7700000001,49139.77000000006,,
2024-10-14,SKU0018,Apparel,2402.345327102804,214,1900,False,-2.1046,0.5354,-2.1046,-2.1046,2416.64,0.18,0.0,2437.3665221868864,207.58000000000004,505948.542675554,22.04701333571872,111546.54267555391,-2.9999999999999805,1.4577918790017463,514101.9,107501.90000000002,-1.585941877368291,3.762391804753107
2024-10-21,SKU0018,Apparel,2439.419847715736,197,1900,False,-2.1046,0.5354,-2.1046,-2.1046,2355.5866666666666,0.18,0.0,2474.981512150493,191.09000000000003,472944.2171568378,23.231749785916413,109873.21715683772,-2.9999999999999805,1.4577918790017463,480565.71,106265.71,-1.5859418773682799,3.394798902522478
2024-10-28,SKU0018,Apparel,2503.488469945355,183,1900,False,-2.1046,0.5354,-2.1046,-2.1046,2311.5766666666664,0.18,0.0,2539.9841215519637,177.51000000000005,450872.5814166892,25.196382769547586,113603.58141668909,-2.9999999999999694,1.4577918790017463,458138.38999999996,110438.38999999997,-1.5859418773682687,2.8660245922537575
2024-11-04,SKU0018,Apparel,2400.936871794872,195,1900,False,-2.1046,0.5354,-2.1046,-2.1046,2248.19,0.18,0.0,2435.9375345318563,189.15000000000003,460757.5846567007,22.001283979346947,101372.58465670064,-2.9999999999999805,1.4577918790017463,468182.69,97682.69000000002,-1.5859418773682687,3.7774294060704205
2024-11-11,SKU0018,Apparel,2137.9541397849466,186,1900,False,-2.1046,0.5354,-2.1046,-2.1046,2277.763333333334,0.18,0.0,,,,,,,,397659.4700000001,44259.470000000074,,
2024-11-18,SKU0018,Apparel,2113.4211764705883,255,1900,False,-2.1046,0.5354,-2.1046,-2.1046,2311.523333333333,0.18,0.0,,,,,,,,538922.4,54422.400000000016,,
2024-11-25,SKU0018,Apparel,2518.6985964912283,171,1900,False,-2.1046,0.5354,-2.1046,-2.1046,2365.873333333333,0.18,0.0,2555.4159800874086,165.87000000000003,423866.8486170985,25.648113074137928,108713.84861709848,-2.9999999999999805,1.4577918790017463,430697.46,105797.46000000004,-1.5859418773682799,2.756577158939777
2024-12-02,SKU0018,Apparel,2525.0463157894737,190,1900,False,-2.1046,0.5354,-2.1046,-2.1046,2402.44,0.18,0.0,2561.8562359220855,184.30000000000004,472150.1042804405,25.83502644065679,121980.10428044038,-2.9999999999999805,1.4577918790017463,479758.8,118758.80000000002,-1.5859418773682687,2.712476280023357
2024-12-09,SKU0018,Apparel,2432.884292682927,205,1900,False,-2.1046,0.5354,-2.1046,-2.1046,2322.47,0.18,0.0,2468.3506823271678,198.85000000000005,490831.5331807574,23.025524144378267,113016.53318075734,-2.9999999999999805,1.4577918790017463,498741.28,109241.28000000004,-1.5859418773682799,3.4558851569272075
2024-12-16,SKU0018,Apparel,2371.411398963731,193,1900,False,-2.1046,0.5354,-2.1046,-2.1046,2360.0366666666664,0.18,0.0,2405.9816417555458,187.21000000000004,450423.8231530558,21.030153887057583,94724.82315305574,-2.9999999999999805,1.4577918790017463,457682.4,90982.40000000004,-1.585941877368291,4.113348464159761
2024-12-23,SKU0018,Apparel,2572.2429943502825,177,1900,False,-2.1046,0.5354,-2.1046,-2.1046,2330.6833333333334,0.18,0.0,2563.746108618451,178.23686391363006,456954.0662709255,25.889697360716035,118304.02483502841,0.6987931715424001,-0.3303298230569185,455287.01,118987.01000000001,0.3661550262384017,-0.5739997710435762
2024-12-30,SKU0018,Apparel,2531.1751948051947,77,1900,False,-2.1046,0.5354,-2.1046,-2.1046,2374.4233333333336,0.18,0.0,2568.0744612383714,74.69000000000001,191809.481509894,26.014606325558564,49898.48150989397,-2.9999999999999805,1.4577918790017463,194900.49,48600.48999999999,-1.585941877368291,2.6707374964614283
2024-07-01,SKU0019,Apparel,1988.4967213114755,244,1500,True,-0.552,-0.2365,-0.2365,-0.2365,1681.149,0.18,0.4149,1849.1856627620352,248.22759975393174,459018.9185668035,18.883212745683643,86677.51893590587,1.7326228499720209,-7.005848038691276,485193.2,119193.20000000003,-5.394610112671927,-27.279812157148353
2024-07-08,SKU0019,Apparel,2012.9172690763053,249,1500,True,-0.552,-0.2365,-0.2365,-0.2365,1681.218,0.18,0.4149,1849.0823201758744,254.04989884295418,469759.1763929759,18.878679243586713,88684.32812854464,2.0280718244795937,-8.139179459452494,501216.4,127716.40000000001,-6.276176040333903,-30.561519015142423
2024-07-15,SKU0019,Apparel,2496.694424242424,165,1500,False,-0.552,-0.2365,-0.552,-0.552,1657.5600000000002,0.18,0.4149,,,,,,,,411954.5799999999,164454.57999999993,,
2024-07-22,SKU0019,Apparel,2169.375396825397,189,1500,False,-0.552,-0.2365,-0.552,-0.552,1703.7210000000002,0.18,0.4149,1873.7777838310035,204.91709059507122,383969.0918843295,19.947818095420146,76593.45599172269,8.421741055593234,-13.625931843191486,410011.95,126511.95,-6.351731483843459,-39.457532674405314
2024-07-29,SKU0019,Apparel,2100.099491525424,177,1500,False,-0.552,-0.2365,-0.552,-0.552,1643.6760000000002,0.18,0.4149,,,,,,,,371717.61000000004,106217.61000000007,,
2024-08-05,SKU0019,Apparel,2326.422209944752,181,1500,True,-0.552,-0.2365,-0.2365,-0.2365,1616.625,0.18,0.4149,,,,,,,,421082.4200000001,149582.4200000001,,
2024-08-12,SKU0019,Apparel,2093.309854368932,206,1500,True,-0.552,-0.2365,-0.2365,-0.2365,1615.374,0.18,0.4149,,,,,,,,431221.83,122221.83,,
2024-08-19,SKU0019,Apparel,2135.56683908046,174,1500,False,-0.552,-0.2365,-0.552,-0.552,1538.655,0.18,0.4149,,,,,,,,371588.63,110588.63000000002,,
2024-08-26,SKU0019,Apparel,2465.167214285714,140,1500,False,-0.552,-0.2365,-0.552,-0.552,1620.687,0.18,0.4149,,,,,,,,345123.41,135123.40999999997,,
2024-09-02,SKU0019,Apparel,2204.4210215053763,186,1500,False,-0.552,-0.2365,-0.552,-0.552,1606.227,0.18,0.4149,,,,,,,,410022.31,131022.31,,
2024-09-09,SKU0019,Apparel,2427.046858638744,191,1500,False,-0.552,-0.2365,-0.552,-0.552,1571.4840000000002,0.18,0.4149,,,,,,,,463565.9500000001,177065.95000000013,,
2024-09-16,SKU0019,Apparel,1972.1724460431656,139,1500,True,-0.552,-0.2365,-0.2365,-0.2365,1586.307,0.18,0.4149,,,,,,,,274131.97000000003,65631.97000000002,,
2024-09-23,SKU0019,Apparel,2221.672,175,1500,True,-0.552,-0.2365,-0.2365,-0.2365,1609.581,0.18,0.4149,,,,,,,,388792.6,126292.6,,
2024-09-30,SKU0019,Apparel,2393.242708333333,144,1500,False,-0.552,-0.2365,-0.552,-0.552,1516.662,0.18,0.4149,,,,,,,,344626.94999999995,128626.94999999998,,
2024-10-07,SKU0019,Apparel,2326.5832450331127,151,1500,False,-0.552,-0.2365,-0.552,-0.552,1589.1570000000002,0.18,0.4149,,,,,,,,351314.07,124814.07000000002,,
2024-10-14,SKU0019,Apparel,2236.999580838324,167,1500,False,-0.552,-0.2365,-0.552,-0.552,1589.3580000000002,0.18,0.4149,,,,,,,,373578.9300000001,123078.93000000014,,
2024-10-21,SKU0019,Apparel,2546.600542635659,129,1500,False,-0.552,-0.2365,-0.552,-0.552,1624.044,0.18,0.4149,,,,,,,,328511.47000000003,135011.47000000003,,
2024-10-28,SKU0019,Apparel,2215.430070422535,142,1500,False,-0.552,-0.2365,-0.552,-0.552,1623.0510000000002,0.18,0.4149,,,,,,,,314591.07,101591.07,,
2024-11-04,SKU0019,Apparel,2262.445446428572,112,1500,False,-0.552,-0.2365,-0.552,-0.552,1617.972,0.18,0.4149,,,,,,,,253393.89000000004,85393.89000000004,,
2024-11-11,SKU0019,Apparel,2123.823167701863,161,1500,False,-0.552,-0.2365,-0.552,-0.552,1590.09,0.18,0.4149,,,,,,,,341935.5299999999,100435.52999999994,,
2024-11-18,SKU0019,Apparel,2252.807658227848,158,1500,False,-0.552,-0.2365,-0.552,-0.552,1587.039,0.18,0.4149,,,,,,,,355943.61,118943.61000000002,,
2024-11-25,SKU0019,Apparel,2188.696315789474,190,1500,False,-0.552,-0.2365,-0.552,-0.552,1648.6140000000005,0.18,0.4149,,,,,,,,415852.30000000005,130852.30000000003,,
2024-12-02,SKU0019,Apparel,2197.8348502994013,167,1500,False,-0.552,-0.2365,-0.552,-0.552,1578.768,0.18,0.4149,,,,,,,,367038.42000000004,116538.42000000001,,
2024-12-09,SKU0019,Apparel,2239.4924025974024,154,1500,False,-0.552,-0.2365,-0.552,-0.552,1617.816,0.18,0.4149,,,,,,,,344881.82999999996,113881.82999999996,,
2024-12-16,SKU0019,Apparel,2304.3934193548384,155,1500,False,-0.552,-0.2365,-0.552,-0.552,1549.317,0.18,0.4149,,,,,,,,357180.98,124680.97999999995,,
2024-12-23,SKU0019,Apparel,2501.359770114943,174,1500,False,-0.552,-0.2365,-0.552,-0.552,1612.275,0.18,0.4149,,,,,,,,435236.60000000003,174236.60000000006,,
2024-12-30,SKU0019,Apparel,2256.6981818181816,44,1500,False,-0.552,-0.2365,-0.552,-0.552,1586.139,0.18,0.4149,,,,,,,,99294.71999999999,33294.719999999994,,
2024-07-01,SKU0020,Home & Kitchen,6440.128702702703,185,5000,True,-1.4459,-0.424,-0.424,-0.424,5752.7300000000005,0.18,0.0038,6327.194159136789,186.39295075755618,1179344.3893374805,20.9760302237644,247379.63554969963,0.7529463554357685,-1.7536069351924533,1191423.81,266423.81000000006,-1.013864299263878,-7.148075260353204
2024-07-08,SKU0020,Home & Kitchen,6072.317958115184,191,5000,True,-1.4459,-0.424,-0.424,-0.424,5955.106666666667,0.18,0.0038,6524.162809990402,185.27514671536258,1208765.2218158839,23.361814448536798,282389.48823907104,-2.997305384626925,7.441060481218087,1159812.7300000002,204812.7300000002,4.220723790114267,37.87692212250222
2024-07-15,SKU0020,Home & Kitchen,6689.66940397351,151,5000,False,-1.4459,-0.424,-1.4459,-1.4459,5538.173333333333,0.18,0.0038,,,,,,,,1010140.0800000001,255140.08000000005,,
2024-07-22,SKU0020,Home & Kitchen,6830.231925465839,161,5000,False,-1.4459,-0.424,-1.4459,-1.4459,5848.349999999999,0.18,0.0038,6432.445206083146,175.5921505512321,1129486.887039103,22.269061922649364,251526.1342829425,9.063447547349135,-5.823912331579606,1099667.34,294667.34,2.7116879763932067,-14.640647218336955
2024-07-29,SKU0020,Home & Kitchen,5989.131746987951,166,5000,False,-1.4459,-0.424,-1.4459,-1.4459,5603.346666666667,0.18,0.0038,6116.636579170871,161.02,984900.8219780937,18.255728695299318,179800.8219780937,-2.9999999999999916,2.1289368404200593,994195.8699999999,164195.86999999994,-0.9349312647925379,9.503863877997532
2024-08-05,SKU0020,Home & Kitchen,5477.056040609137,197,5000,True,-1.4459,-0.424,-0.424,-0.424,5740.506666666667,0.18,0.0038,,,,,,,,1078980.04,93980.04000000002,,
2024-08-12,SKU0020,Home & Kitchen,5734.906274509804,204,5000,True,-1.4459,-0.424,-0.424,-0.424,5673.91,0.18,0.0038,6161.983272416469,197.88087892455158,1219338.6658641554,18.85729352135661,229934.27124139754,-2.999569154631576,7.446974326414257,1169920.88,149920.87999999992,4.224028026934223,53.37041194088352
2024-08-19,SKU0020,Home & Kitchen,5861.3431543624165,149,5000,False,-1.4459,-0.424,-1.4459,-1.4459,5567.293333333334,0.18,0.0038,,,,,,,,873340.13,128340.13000000006,,
2024-08-26,SKU0020,Home & Kitchen,6615.333223140496,121,5000,False,-1.4459,-0.424,-1.4459,-1.4459,5537.833333333333,0.18,0.0038,,,,,,,,800455.32,195455.31999999998,,
2024-09-02,SKU0020,Home & Kitchen,5842.618333333333,150,5000,False,-1.4459,-0.424,-1.4459,-1.4459,5570.316666666667,0.18,0.0038,,,,,,,,876392.7499999999,126392.74999999993,,
2024-09-09,SKU0020,Home & Kitchen,6330.739735099338,151,5000,False,-1.4459,-0.424,-1.4459,-1.4459,5799.266666666666,0.18,0.0038,6378.960919979781,149.35233259737075,952712.6929464503,21.61732823383015,205951.02995959655,-1.0911704653173815,0.7616990572695936,955941.7000000001,200941.7,-0.33778284319532226,2.492927032864034
2024-09-16,SKU0020,Home & Kitchen,5823.536666666667,144,5000,True,-1.4459,-0.424,-0.424,-0.424,5603.786666666667,0.18,0.0038,6164.070389562231,140.57168266086592,866493.7467007821,18.88476795354867,163635.3333964525,-2.3807759299542264,5.847541492178543,838589.28,118589.28000000003,3.3275487018844307,37.98492865160532
2024-09-23,SKU0020,Home & Kitchen,5928.423548387097,155,5000,True,-1.4459,-0.424,-0.424,-0.424,5586.176666666666,0.18,0.0038,6144.73637539434,152.66256280035122,938071.202800241,18.629544140872543,174758.38879848487,-1.5080239997734002,3.6487411070029507,918905.65,143905.65000000005,2.0856932156463337,21.439560433162153
2024-09-30,SKU0020,Home & Kitchen,6977.861880341881,117,5000,False,-1.4459,-0.424,-1.4459,-1.4459,5674.69,0.18,0.0038,6241.74488429513,137.46466218226863,858019.3519475334,19.89419476947043,170696.04103619026,17.491164258349244,-10.549320245511728,816409.8400000001,231409.8400000001,5.096645080555784,-26.2364811123891
2024-10-07,SKU0020,Home & Kitchen,6703.553490566038,106,5000,False,-1.4459,-0.424,-1.4459,-1.4459,5715.133333333334,0.18,0.0038,6286.423986198564,116.31842549217296,731226.9400508467,20.463525670919186,149634.81258998186,9.73436367186129,-6.2225132529262766,710576.67,180576.67,2.906128349365389,-17.135024923218577
2024-10-14,SKU0020,Home & Kitchen,5835.88852112676,142,5000,False,-1.4459,-0.424,-1.4459,-1.4459,5417.493333333333,0.18,0.0038,,,,,,,,828696.1699999999,118696.16999999988,,
2024-10-21,SKU0020,Home & Kitchen,5782.302549019608,153,5000,False,-1.4459,-0.424,-1.4459,-1.4459,5283.586666666666,0.18,0.0038,,,,,,,,884692.29,119692.29,,
2024-10-28,SKU0020,Home & Kitchen,6425.248333333334,108,5000,False,-1.4459,-0.424,-1.4459,-1.4459,5523.400000000001,0.18,0.0038,,,,,,,,693926.8200000001,153926.82000000007,,
2024-11-04,SKU0020,Home & Kitchen,6581.63775,120,5000,False,-1.4459,-0.424,-1.4459,-1.4459,5532.783333333333,0.18,0.0038,,,,,,,,789796.53,189796.52999999997,,
2024-11-11,SKU0020,Home & Kitchen,6785.795035460994,141,5000,False,-1.4459,-0.424,-1.4459,-1.4459,5616.6033333333335,0.18,0.0038,6177.580132393089,161.50512665260325,997710.8616887514,19.06215876048725,190185.22842573517,14.542643016030677,-8.963060332496253,956797.1000000001,251797.10000000012,4.276116816068032,-24.468856700202235
2024-11-18,SKU0020,Home & Kitchen,6515.853145161291,124,5000,False,-1.4459,-0.424,-1.4459,-1.4459,5578.803333333333,0.18,0.0038,6136.590745113117,135.2318184982286,829862.3258410464,18.52153406218661,153703.23334990343,9.057918143732735,-5.820610004536642,807965.79,187965.79000000004,2.7100820495192357,-18.22808110459707
2024-11-25,SKU0020,Home & Kitchen,6059.7546875,160,5000,False,-1.4459,-0.424,-1.4459,-1.4459,5660.066666666667,0.18,0.0038,6188.763037481269,155.20000000000002,960496.023417093,19.20841095840498,184496.02341709295,-2.9999999999999916,2.1289368404200593,969560.75,169560.74999999997,-0.9349312647925379,8.80821382135486
2024-12-02,SKU0020,Home & Kitchen,6506.539784172662,139,5000,False,-1.4459,-0.424,-1.4459,-1.4459,5800.363333333334,0.18,0.0038,6380.353216279835,142.99231964216912,912341.506532228,21.63443260096925,197379.90832138233,2.8721724044382224,-1.9393805629188576,904409.03,209409.02999999997,0.8770894881741764,-5.744318513207213
2024-12-09,SKU0020,Home & Kitchen,7045.738151260505,119,5000,False,-1.4459,-0.424,-1.4459,-1.4459,5461.996666666667,0.18,0.0038,,,,,,,,838442.8400000001,243442.8400000001,,
2024-12-16,SKU0020,Home & Kitchen,6686.0552447552445,143,5000,False,-1.4459,-0.424,-1.4459,-1.4459,6021.836666666667,0.18,0.0038,6623.5581735890955,144.95503110355318,960118.0810688012,24.511873090552793,235342.92555103533,1.3671546178693594,-0.9347375826003534,956105.9,241105.89999999997,0.4196377272435159,-2.390225394303769
2024-12-23,SKU0020,Home & Kitchen,6057.756887417218,151,5000,False,-1.4459,-0.424,-1.4459,-1.4459,5888.086666666667,0.18,0.0038,6186.63345451566,146.47305525137426,906175.1038032726,19.18060061647145,173809.82754640133,-2.9979766547190367,2.1274635066015124,914721.29,159721.28999999998,-0.9342940073831074,8.820701076482251
2024-12-30,SKU0020,Home & Kitchen,6412.426956521739,46,5000,False,-1.4459,-0.424,-1.4459,-1.4459,5598.733333333334,0.18,0.0038,6158.558610846837,48.76674450537098,300332.8542965201,18.812171549464697,56499.13176966522,6.014661968197776,-3.9590056525588335,294971.64,64971.64,1.817535508335677,-13.040317637564304
2024-07-01,SKU0021,Home & Kitchen,3832.793788546256,227,3800,True,-3.1029,1.4392,1.4392,1.4392,4796.333333333333,0.18,0.0014,,,,,,,,870044.1900000002,7444.190000000137,,
2024-07-08,SKU0021,Home & Kitchen,4099.50976635514,214,3800,True,-3.1029,1.4392,1.4392,1.4392,4859.856666666667,0.18,0.0014,,,,,,,,877295.0899999999,64095.08999999988,,
2024-07-15,SKU0021,Home & Kitchen,4194.815392156863,204,3800,False,-3.1029,1.4392,-3.1029,-3.1029,4723.63,0.18,0.0014,,,,,,,,855742.34,80542.34000000001,,
2024-07-22,SKU0021,Home & Kitchen,4183.550535714286,224,3800,False,-3.1029,1.4392,-3.1029,-3.1029,4634.44,0.18,0.0014,,,,,,,,937115.32,85915.31999999998,,
2024-07-29,SKU0021,Home & Kitchen,4787.170543478261,184,3800,False,-3.1029,1.4392,-3.1029,-3.1029,4885.503333333333,0.18,0.0014,4834.194126339818,178.5029644151882,862917.9821101482,21.39330981155388,184606.7173324331,-2.9875193395716315,0.9822834268066405,880839.38,181639.37999999998,-2.0345818201102484,1.633642072789021
2024-08-05,SKU0021,Home & Kitchen,4290.579908675799,219,3800,True,-3.1029,1.4392,1.4392,1.4392,4596.56,0.18,0.0014,,,,,,,,939637.0,107436.99999999994,,
2024-08-12,SKU0021,Home & Kitchen,3876.5426356589146,258,3800,True,-3.1029,1.4392,1.4392,1.4392,4528.54,0.18,0.0014,,,,,,,,1000148.0,19747.999999999967,,
2024-08-19,SKU0021,Home & Kitchen,4126.503092783505,194,3800,False,-3.1029,1.4392,-3.1029,-3.1029,4563.490000000001,0.18,0.0014,,,,,,,,800541.6,63341.59999999998,,
2024-08-26,SKU0021,Home & Kitchen,4572.962071428571,140,3800,False,-3.1029,1.4392,-3.1029,-3.1029,4682.14,0.18,0.0014,,,,,,,,640214.69,108214.68999999996,,
2024-09-02,SKU0021,Home & Kitchen,4531.96574074074,162,3800,False,-3.1029,1.4392,-3.1029,-3.1029,4522.126666666667,0.18,0.0014,,,,,,,,734178.45,118578.44999999994,,
2024-09-09,SKU0021,Home & Kitchen,4687.971183431952,169,3800,False,-3.1029,1.4392,-3.1029,-3.1029,4602.3966666666665,0.18,0.0014,4734.116471949738,163.94076308226101,776114.6669317414,19.731590413638976,153139.76721914957,-2.993631312271594,0.9843338773256827,792267.1299999999,150067.12999999995,-2.038764762114831,2.047508484469329
2024-09-16,SKU0021,Home & Kitchen,3944.031,170,3800,True,-3.1029,1.4392,1.4392,1.4392,4645.12,0.18,0.0014,,,,,,,,670485.27,24485.26999999999,,
2024-09-23,SKU0021,Home & Kitchen,4401.249111111111,180,3800,True,-3.1029,1.4392,1.4392,1.4392,4524.68,0.18,0.0014,,,,,,,,792224.84,108224.84000000003,,
2024-09-30,SKU0021,Home & Kitchen,4488.182781456953,151,3800,False,-3.1029,1.4392,-3.1029,-3.1029,4649.3966666666665,0.18,0.0014,,,,,,,,677715.6,103915.59999999995,,
2024-10-07,SKU0021,Home & Kitchen,4189.599946524065,187,3800,False,-3.1029,1.4392,-3.1029,-3.1029,4674.563333333333,0.18,0.0014,,,,,,,,783455.1900000001,72855.1900000001,,
2024-10-14,SKU0021,Home & Kitchen,4467.011856287425,167,3800,False,-3.1029,1.4392,-3.1029,-3.1029,4624.03,0.18,0.0014,,,,,,,,745990.98,111390.97999999997,,
2024-10-21,SKU0021,Home & Kitchen,4584.734516129033,124,3800,False,-3.1029,1.4392,-3.1029,-3.1029,4443.8133333333335,0.18,0.0014,,,,,,,,568507.0800000001,97307.08000000012,,
2024-10-28,SKU0021,Home & Kitchen,4036.7173291925465,161,3800,False,-3.1029,1.4392,-3.1029,-3.1029,4591.626666666667,0.18,0.0014,,,,,,,,649911.49,38111.489999999976,,
2024-11-04,SKU0021,Home & Kitchen,4408.4857142857145,161,3800,False,-3.1029,1.4392,-3.1029,-3.1029,4673.513333333333,0.18,0.0014,,,,,,,,709766.2000000001,97966.20000000004,,
2024-11-11,SKU0021,Home & Kitchen,4622.057083333333,144,3800,False,-3.1029,1.4392,-3.1029,-3.1029,4703.613333333334,0.18,0.0014,4667.618779565199,139.6831143449516,651987.5277046491,18.588038581120365,121191.693193833,-2.9978372604502757,0.9857449921195638,665576.22,118376.21999999997,-2.0416432989974975,2.378411131756897
2024-11-18,SKU0021,Home & Kitchen,4806.501578947368,133,3800,False,-3.1029,1.4392,-3.1029,-3.1029,4563.303333333333,0.18,0.0014,4853.696315525076,129.02814437863333,626263.4289696101,21.70915209826197,135956.4803308035,-2.9863576100501277,0.9818937079813406,639264.71,133864.70999999996,-2.033786759539691,1.56260027814914
2024-11-25,SKU0021,Home & Kitchen,4233.123287671233,146,3800,False,-3.1029,1.4392,-3.1029,-3.1029,4449.856666666667,0.18,0.0014,,,,,,,,618036.0,63236.0,,
2024-12-02,SKU0021,Home & Kitchen,4590.736544117647,136,3800,False,-3.1029,1.4392,-3.1029,-3.1029,4675.406666666667,0.18,0.0014,4636.020933596484,131.92016584770548,611584.6504334825,18.033157001901717,110288.02021220169,-2.999878053157734,0.9864297165312674,624340.17,107540.17000000001,-2.043040025202536,2.5551849250393444
2024-12-09,SKU0021,Home & Kitchen,4531.966271186441,118,3800,False,-3.1029,1.4392,-3.1029,-3.1029,4480.7733333333335,0.18,0.0014,,,,,,,,534772.02,86372.02000000006,,
2024-12-16,SKU0021,Home & Kitchen,4692.965467625899,139,3800,False,-3.1029,1.4392,-3.1029,-3.1029,4786.54,0.18,0.0014,4739.154974690626,134.8392887656493,639024.2861374726,19.816928961094675,126634.98882800533,-2.9933174347846814,0.9842285732414302,652322.2,124122.19999999992,-2.0385499470242374,2.0244475428290887
2024-12-23,SKU0021,Home & Kitchen,4668.392017543859,114,3800,False,-3.1029,1.4392,-3.1029,-3.1029,4550.416666666667,0.18,0.0014,4714.363955440762,110.58585016670268,521341.9460076759,19.395277158979443,101115.7153742057,-2.9948682748222044,0.9847488755044598,532196.69,98996.68999999992,-2.0396113309769093,2.140501237168424
2024-12-30,SKU0021,Home & Kitchen,4679.5255,40,3800,False,-3.1029,1.4392,-3.1029,-3.1029,4508.183333333333,0.18,0.0014,4725.5960118661615,38.802334551030285,183364.15740544526,19.586862896065444,35915.28611153019,-2.994163622424284,0.9845124653378168,187181.02,35181.01999999999,-2.0391290711818555,2.0871086498634783
2024-07-01,SKU0022,Home & Kitchen,4560.938724832215,149,3200,True,-0.426,-2.2586,-2.2586,-2.2586,3651.15,0.18,0.6605,4015.6589045637056,198.6465489665969,797696.783218565,20.311956865577592,162027.82652545493,33.31983152120597,-11.955429642141668,679579.87,202779.86999999997,17.380872864666387,-20.096690798028938
2024-07-08,SKU0022,Home & Kitchen,4670.624109589041,146,3200,True,-0.426,-2.2586,-2.2586,-2.2586,3490.431,0.18,0.6605,,,,,,,,681911.12,214711.11999999997,,
2024-07-15,SKU0022,Home & Kitchen,4595.522189781023,137,3200,False,-0.426,-2.2586,-0.426,-0.426,3540.642,0.18,0.6605,,,,,,,,629586.5400000002,191186.5400000002,,
2024-07-22,SKU0022,Home & Kitchen,4553.8673913043485,138,3200,False,-0.426,-2.2586,-0.426,-0.426,3509.997,0.18,0.6605,,,,,,,,628433.7000000001,186833.7000000001,,
2024-07-29,SKU0022,Home & Kitchen,4617.0655,140,3200,False,-0.426,-2.2586,-0.426,-0.426,3646.2,0.18,0.6605,4010.344328946727,148.6594694528083,596175.660264299,20.206352933279295,120465.35801531238,6.185335323434504,-13.140839588549758,646389.1699999999,198389.16999999995,-7.7683092579816755,-39.27825898192305
2024-08-05,SKU0022,Home & Kitchen,5071.524715447154,123,3200,True,-0.426,-2.2586,-2.2586,-2.2586,3640.398,0.18,0.6605,,,,,,,,623797.54,230197.54,,
2024-08-12,SKU0022,Home & Kitchen,4616.613409090909,132,3200,True,-0.426,-2.2586,-2.2586,-2.2586,3430.563,0.18,0.6605,,,,,,,,609392.97,186992.97,,
2024-08-19,SKU0022,Home & Kitchen,4998.507379310345,145,3200,False,-0.426,-2.2586,-0.426,-0.426,3451.6200000000003,0.18,0.6605,,,,,,,,724783.57,260783.56999999998,,
2024-08-26,SKU0022,Home & Kitchen,5166.123636363636,99,3200,False,-0.426,-2.2586,-0.426,-0.426,3684.477,0.18,0.6605,,,,,,,,511446.24,194646.24,,
2024-09-02,SKU0022,Home & Kitchen,5470.501530612245,98,3200,False,-0.426,-2.2586,-0.426,-0.426,3396.5310000000004,0.18,0.6605,,,,,,,,536109.15,222509.15000000002,,
2024-09-09,SKU0022,Home & Kitchen,5058.56288,125,3200,False,-0.426,-2.2586,-0.426,-0.426,3376.2870000000003,0.18,0.6605,,,,,,,,632320.3600000001,232320.36000000004,,
2024-09-16,SKU0022,Home & Kitchen,4921.905307692307,130,3200,True,-0.426,-2.2586,-2.2586,-2.2586,3403.164,0.18,0.6605,,,,,,,,639847.69,223847.68999999994,,
2024-09-23,SKU0022,Home & Kitchen,4888.919492753624,138,3200,True,-0.426,-2.2586,-2.2586,-2.2586,3320.328,0.18,0.6605,,,,,,,,674670.89,233070.89000000007,,
2024-09-30,SKU0022,Home & Kitchen,4599.209145299145,117,3200,False,-0.426,-2.2586,-0.426,-0.426,3418.344,0.18,0.6605,,,,,,,,538107.47,163707.47,,
2024-10-07,SKU0022,Home & Kitchen,5248.946075949367,79,3200,False,-0.426,-2.2586,-0.426,-0.426,3402.945,0.18,0.6605,,,,,,,,414666.74,161866.74,,
2024-10-14,SKU0022,Home & Kitchen,4650.556744186047,86,3200,False,-0.426,-2.2586,-0.426,-0.426,3378.714,0.18,0.6605,,,,,,,,399947.88,124747.88000000002,,
2024-10-21,SKU0022,Home & Kitchen,4595.833984375,128,3200,False,-0.426,-2.2586,-0.426,-0.426,3266.277,0.18,0.6605,,,,,,,,588266.75,178666.75,,
2024-10-28,SKU0022,Home & Kitchen,4791.305614035087,114,3200,False,-0.426,-2.2586,-0.426,-0.426,3534.309,0.18,0.6605,,,,,,,,546208.84,181408.83999999994,,
2024-11-04,SKU0022,Home & Kitchen,4831.494244604317,139,3200,False,-0.426,-2.2586,-0.426,-0.426,3379.497,0.18,0.6605,,,,,,,,671577.7000000001,226777.70000000004,,
2024-11-11,SKU0022,Home & Kitchen,4965.3725,128,3200,False,-0.426,-2.2586,-0.426,-0.426,3457.398,0.18,0.6605,,,,,,,,635567.68,225967.68000000005,,
2024-11-18,SKU0022,Home & Kitchen,4867.098071428572,140,3200,False,-0.426,-2.2586,-0.426,-0.426,3534.768,0.18,0.6605,,,,,,,,681393.7300000001,233393.73000000016,,
2024-11-25,SKU0022,Home & Kitchen,5245.504673913043,92,3200,False,-0.426,-2.2586,-0.426,-0.426,3272.286,0.18,0.6605,,,,,,,,482586.42999999993,188186.42999999996,,
2024-12-02,SKU0022,Home & Kitchen,5530.544948453608,97,3200,False,-0.426,-2.2586,-0.426,-0.426,3355.542,0.18,0.6605,,,,,,,,536462.86,226062.86000000002,,
2024-12-09,SKU0022,Home & Kitchen,4934.149912280703,114,3200,False,-0.426,-2.2586,-0.426,-0.426,3444.8880000000004,0.18,0.6605,,,,,,,,562493.0900000001,197693.0900000001,,
2024-12-16,SKU0022,Home & Kitchen,4581.406972477064,109,3200,False,-0.426,-2.2586,-0.426,-0.426,3615.291,0.18,0.6605,3975.847006896433,115.78571469015594,460346.28719222086,19.514005582977983,89832.00018372183,6.2254263212439875,-13.21777281997758,499373.36,150573.36000000002,-7.815209206950713,-40.34004409297779
2024-12-23,SKU0022,Home & Kitchen,4695.831946902655,113,3200,False,-0.426,-2.2586,-0.426,-0.426,3367.536,0.18,0.6605,,,,,,,,530629.01,169029.00999999998,,
2024-12-30,SKU0022,Home & Kitchen,4518.63947368421,38,3200,False,-0.426,-2.2586,-0.426,-0.426,3512.634,0.18,0.6605,,,,,,,,171708.3,50108.29999999999,,
2024-07-01,SKU0023,Home & Kitchen,6928.561953488373,215,6500,True,-1.175,-0.1143,-0.1143,-0.1143,8359.42,0.18,0.012,9043.202293123195,208.55294841887212,1885986.5013791479,28.122806619698704,530392.3366564789,-2.9986286423850594,30.52062395963926,1489640.82,92140.82000000012,26.606795145365837,475.6323165525098
2024-07-08,SKU0023,Home & Kitchen,7906.217929515418,227,6500,True,-1.175,-0.1143,-0.1143,-0.1143,8352.519999999999,0.18,0.012,9187.171685220153,223.13721353582787,2049999.8901152809,29.24917240354979,599608.0021323998,-1.701668045890803,16.201852353736545,1794711.47,319211.47,14.224482563499796,87.84036868487209
2024-07-15,SKU0023,Home & Kitchen,8107.874768211921,151,6500,False,-1.175,-0.1143,-1.175,-1.175,8633.233333333332,0.18,0.012,8320.40653870243,146.4781572405748,1218757.8172815612,21.878817221668143,266649.795217825,-2.994597853923975,2.621300606711019,1224289.09,242789.09000000008,-0.4517946589264188,9.827750175193174
2024-07-22,SKU0023,Home & Kitchen,7759.417464114833,209,6500,False,-1.175,-0.1143,-1.175,-1.175,8451.230000000001,0.18,0.012,7963.192538262167,202.73000000000002,1614378.0232818893,18.374446319509484,296633.0232818891,-2.9999999999999916,2.6261645940528044,1621718.25,263218.25000000006,-0.4526203437687615,12.694702317141404
2024-07-29,SKU0023,Home & Kitchen,7513.580069444444,144,6500,False,-1.175,-0.1143,-1.175,-1.175,8029.616666666666,0.18,0.012,,,,,,,,1081955.53,145955.52999999997,,
2024-08-05,SKU0023,Home & Kitchen,7809.113446327684,177,6500,True,-1.175,-0.1143,-0.1143,-0.1143,7874.023333333333,0.18,0.012,8659.782259255864,174.920454616985,1514773.0496731373,24.940376034829477,377790.0946627347,-1.1748843971836065,10.893282813405868,1382213.08,231713.08000000007,9.590414936106463,63.042196263903016
2024-08-12,SKU0023,Home & Kitchen,7051.167131147541,244,6500,True,-1.175,-0.1143,-0.1143,-0.1143,8468.58,0.18,0.012,9203.086925466645,236.68375885318395,2178221.2065720377,29.3715244391173,639776.7740263419,-2.998459486400018,30.518632650377842,1720484.78,134484.78000000003,26.605084328153005,375.7242968507973
2024-08-19,SKU0023,Home & Kitchen,7261.9575147929,169,6500,False,-1.175,-0.1143,-1.175,-1.175,7796.3,0.18,0.012,,,,,,,,1227270.82,128770.8200000001,,
2024-08-26,SKU0023,Home & Kitchen,7774.797552083334,192,6500,False,-1.175,-0.1143,-1.175,-1.175,8548.423333333332,0.18,0.012,7978.976532655431,186.24,1486004.5894417474,18.53591781605632,275444.5894417474,-2.9999999999999916,2.6261645940528044,1492761.1300000001,244761.13000000018,-0.4526203437687837,12.53608342212964
2024-09-02,SKU0023,Home & Kitchen,8354.049485294117,136,6500,False,-1.175,-0.1143,-1.175,-1.175,8086.836666666667,0.18,0.012,8573.440575046561,131.92000000000002,1131008.2806601424,24.184463132355713,273528.28066014237,-2.9999999999999916,2.6261645940528044,1136150.73,252150.72999999998,-0.4526203437687837,8.478083985774054
2024-09-09,SKU0023,Home & Kitchen,7433.197804878048,164,6500,False,-1.175,-0.1143,-1.175,-1.175,8261.81,0.18,0.012,,,,,,,,1219044.44,153044.43999999994,,
2024-09-16,SKU0023,Home & Kitchen,7679.285384615384,182,6500,True,-1.175,-0.1143,-0.1143,-0.1143,7885.876666666667,0.18,0.012,8674.273093420748,179.4830801646571,1556885.2529965644,25.065767125430817,390245.23192629317,-1.3829229864521397,12.956774738424425,1397629.94,214629.9399999999,11.394669535811786,81.82236454349909
2024-09-23,SKU0023,Home & Kitchen,6929.682425742575,202,6500,True,-1.175,-0.1143,-0.1143,-0.1143,7971.053333333333,0.18,0.012,8768.005095898072,196.63976322720274,1724138.4460323039,25.86683140682834,445979.9850554861,-2.6535825607907237,26.528238340713074,1399795.85,86795.85000000017,23.170707073628183,413.8263926852323
2024-09-30,SKU0023,Home & Kitchen,8461.372318840578,138,6500,False,-1.175,-0.1143,-1.175,-1.175,8055.163333333333,0.18,0.012,8683.581882848954,133.86,1162384.270838161,25.1460965337561,292294.27083816094,-2.9999999999999916,2.6261645940528044,1167669.38,270669.37999999983,-0.4526203437687837,7.989411598076268
2024-10-07,SKU0023,Home & Kitchen,7289.248098591549,142,6500,False,-1.175,-0.1143,-1.175,-1.175,7894.563333333334,0.18,0.012,,,,,,,,1035073.23,112073.22999999997,,
2024-10-14,SKU0023,Home & Kitchen,8412.730814814817,135,6500,False,-1.175,-0.1143,-1.175,-1.175,8040.98,0.18,0.012,8633.662972866454,130.95000000000002,1130578.1662968623,24.71329932118092,279403.1662968622,-2.9999999999999916,2.6261645940528044,1135718.6600000001,258218.66000000027,-0.4526203437687504,8.204095822068735
2024-10-21,SKU0023,Home & Kitchen,7673.203636363637,165,6500,False,-1.175,-0.1143,-1.175,-1.175,8222.87,0.18,0.012,,,,,,,,1266078.6,193578.60000000012,,
2024-10-28,SKU0023,Home & Kitchen,8348.845859375,128,6500,False,-1.175,-0.1143,-1.175,-1.175,8201.176666666666,0.18,0.012,8568.10029334595,124.16000000000001,1063815.3324218332,24.137209212549152,256775.3324218331,-2.9999999999999916,2.6261645940528044,1068652.27,236652.27000000002,-0.4526203437687726,8.503219690997721
2024-11-04,SKU0023,Home & Kitchen,8363.429104477613,134,6500,False,-1.175,-0.1143,-1.175,-1.175,7953.593333333333,0.18,0.012,8583.066518468111,129.98000000000002,1115626.9860704853,24.269490560116186,270756.98607048515,-2.9999999999999916,2.6261645940528044,1120699.5,249699.50000000012,-0.4526203437687504,8.433131051718167
2024-11-11,SKU0023,Home & Kitchen,8308.785,130,6500,False,-1.175,-0.1143,-1.175,-1.175,7926.243333333333,0.18,0.012,8526.98736986597,126.10000000000001,1075253.1073400988,23.771436287442643,255603.10734009888,-2.9999999999999916,2.6261645940528044,1080142.05,235142.05,-0.4526203437687837,8.70157308745878
2024-11-18,SKU0023,Home & Kitchen,7469.078538011696,171,6500,False,-1.175,-0.1143,-1.175,-1.175,7888.643333333333,0.18,0.012,,,,,,,,1277212.43,165712.43,,
2024-11-25,SKU0023,Home & Kitchen,8082.064680851065,141,6500,False,-1.175,-0.1143,-1.175,-1.175,7933.606666666667,0.18,0.012,8294.313001968023,136.77,1134413.1892791665,21.633051484098555,245408.18927916652,-2.9999999999999916,2.6261645940528044,1139571.12,223071.1200000001,-0.4526203437687726,10.013429474495128
2024-12-02,SKU0023,Home & Kitchen,7344.316216216216,148,6500,False,-1.175,-0.1143,-1.175,-1.175,7950.526666666668,0.18,0.012,,,,,,,,1086958.8,124958.79999999999,,
2024-12-09,SKU0023,Home & Kitchen,7909.3345238095235,168,6500,False,-1.175,-0.1143,-1.175,-1.175,8329.433333333332,0.18,0.012,8117.046666699004,162.96,1322753.9248052698,19.92161352642088,263513.92480526975,-2.9999999999999916,2.6261645940528044,1328768.2,236768.19999999995,-0.4526203437687726,11.29616426752824
2024-12-16,SKU0023,Home & Kitchen,8419.453450704224,142,6500,False,-1.175,-0.1143,-1.175,-1.175,8303.76,0.18,0.012,8640.562156239375,137.74,1190151.0314004116,24.77341308972205,294841.03140041156,-2.9999999999999916,2.6261645940528044,1195562.39,272562.3899999999,-0.4526203437687837,8.173776800391153
2024-12-23,SKU0023,Home & Kitchen,8117.3201234567905,162,6500,False,-1.175,-0.1143,-1.175,-1.175,7786.496666666666,0.18,0.012,8330.494310524937,157.14000000000001,1309053.8759558888,21.97341769037941,287643.8759558886,-2.9999999999999916,2.6261645940528044,1315005.86,262005.86000000007,-0.4526203437687615,9.785283411557488
2024-12-30,SKU0023,Home & Kitchen,7864.133749999999,40,6500,False,-1.175,-0.1143,-1.175,-1.175,7976.5,0.18,0.012,8070.658846171456,38.800000000000004,313141.56323145254,19.461346045082088,60941.563231452514,-2.9999999999999916,2.6261645940528044,314565.35,54565.34999999996,-0.4526203437687726,11.685461985403833
2024-07-01,SKU0024,Home & Kitchen,2069.930049019608,204,1800,True,-1.7296,-2.4856,-2.4856,-2.4856,2255.72,0.18,0.0001,,,,,,,,422265.73,55065.73,,
2024-07-08,SKU0024,Home & Kitchen,1947.138846153846,234,1800,True,-1.7296,-2.4856,-2.4856,-2.4856,2245.7566666666667,0.18,0.0001,,,,,,,,455630.49,34430.48999999998,,
2024-07-15,SKU0024,Home & Kitchen,2191.8325,184,1800,False,-1.7296,-2.4856,-1.7296,-1.7296,2335.143333333333,0.18,0.0001,2230.738070683292,178.48493861586647,398153.1476139837,19.309217713371144,76880.2581054241,-2.9973159696377927,1.7750248106683353,403297.18,72097.18,-1.2754942610846642,6.634209695058968
2024-07-22,SKU0024,Home & Kitchen,2521.9957971014496,138,1800,False,-1.7296,-2.4856,-1.7296,-1.7296,2289.2833333333333,0.18,0.0001,2518.0639667141772,138.37290658781083,348431.83004827326,28.516510152487477,99360.59819021376,0.2702221650803027,-0.15590154399904854,348035.42000000004,99635.42000000004,0.11389934055368034,-0.2758274213992218
2024-07-29,SKU0024,Home & Kitchen,2533.24686440678,118,1800,False,-1.7296,-2.4856,-1.7296,-1.7296,2282.813333333333,0.18,0.0001,2510.755154550912,119.83426291272468,300874.4932999327,28.308421602266577,85172.82005702824,1.5544600955293975,-0.8878609570937002,298923.13,86523.13000000002,0.6527976941538949,-1.5606346452928688
2024-08-05,SKU0024,Home & Kitchen,2158.037724137931,145,1800,True,-1.7296,-2.4856,-2.4856,-2.4856,2215.11,0.18,0.0001,,,,,,,,312915.47,51915.47,,
2024-08-12,SKU0024,Home & Kitchen,1930.6571204188483,191,1800,True,-1.7296,-2.4856,-2.4856,-2.4856,2195.4266666666667,0.18,0.0001,,,,,,,,368755.51,24955.510000000028,,
2024-08-19,SKU0024,Home & Kitchen,2116.3672789115644,147,1800,False,-1.7296,-2.4856,-1.7296,-1.7296,2187.4733333333334,0.18,0.0001,,,,,,,,311105.99,46505.98999999997,,
2024-08-26,SKU0024,Home & Kitchen,2423.966544117647,136,1800,False,-1.7296,-2.4856,-1.7296,-1.7296,2143.396666666667,0.18,0.0001,2357.6147543605757,142.68789376084024,336403.0835991913,23.651648486218015,79564.87482967885,4.9175689417942925,-2.737322836327527,329659.45,84859.45000000001,2.045636367830883,-6.23922871326783
2024-09-02,SKU0024,Home & Kitchen,2521.876201550388,129,1800,False,-1.7296,-2.4856,-1.7296,-1.7296,2244.0766666666664,0.18,0.0001,2468.119430771303,133.8981577547005,330476.6448988575,27.069979776566626,89459.96094039663,3.7970215152717035,-2.131618147870884,325322.03,93122.03000000006,1.5844653677027365,-3.9325485705191565
2024-09-09,SKU0024,Home & Kitchen,2275.6207633587787,131,1800,False,-1.7296,-2.4856,-1.7296,-1.7296,2180.24,0.18,0.0001,2315.9295984962732,127.0814877643791,294311.7789344676,22.27743014430425,65565.10095858517,-2.991230714214421,1.7713335976948796,298106.32,62306.320000000014,-1.2728817911449974,5.23025747401733
2024-09-16,SKU0024,Home & Kitchen,2168.308735632184,174,1800,True,-1.7296,-2.4856,-2.4856,-2.4856,2134.793333333333,0.18,0.0001,,,,,,,,377285.72000000003,64085.72,,
2024-09-23,SKU0024,Home & Kitchen,1971.526555555556,180,1800,True,-1.7296,-2.4856,-2.4856,-2.4856,2076.193333333333,0.18,0.0001,,,,,,,,354874.7800000001,30874.78000000006,,
2024-09-30,SKU0024,Home & Kitchen,2152.868486842105,152,1800,False,-1.7296,-2.4856,-1.7296,-1.7296,2106.986666666666,0.18,0.0001,,,,,,,,327236.00999999995,53636.00999999997,,
2024-10-07,SKU0024,Home & Kitchen,2379.0537719298245,114,1800,False,-1.7296,-2.4856,-1.7296,-1.7296,2079.483333333333,0.18,0.0001,2287.2772424731975,122.02697469694702,279109.52219217963,21.303811948319485,59460.96773767499,7.041205874514933,-3.857690420430493,271212.13,66012.12999999999,2.9118875295804925,-9.9241794838691
2024-10-14,SKU0024,Home & Kitchen,2098.769935897436,156,1800,False,-1.7296,-2.4856,-1.7296,-1.7296,2072.9333333333334,0.18,0.0001,,,,,,,,327408.11,46608.110000000015,,
2024-10-21,SKU0024,Home & Kitchen,2388.4046825396827,126,1800,False,-1.7296,-2.4856,-1.7296,-1.7296,2077.556666666667,0.18,0.0001,2285.255747946009,135.9979449304107,310790.08536106587,21.234198771063472,65993.78448632656,7.934876928897383,-4.318737747741796,300938.99,74138.99000000002,3.273452655990461,-10.986399347594912
2024-10-28,SKU0024,Home & Kitchen,2370.2206164383565,146,1800,False,-1.7296,-2.4856,-1.7296,-1.7296,2178.54,0.18,0.0001,2396.2416375568164,143.2687168176045,343306.46459768043,24.882366962154045,85422.77432599232,-1.8707419057503283,1.0978311865990298,346052.21,83252.21000000005,-0.7934483072134069,2.607215263105034
2024-11-04,SKU0024,Home & Kitchen,2130.9225899280573,139,1800,False,-1.7296,-2.4856,-1.7296,-1.7296,2059.2366666666667,0.18,0.0001,,,,,,,,296198.24,45998.23999999996,,
2024-11-11,SKU0024,Home & Kitchen,2528.680483870968,124,1800,False,-1.7296,-2.4856,-1.7296,-1.7296,2085.5333333333333,0.18,0.0001,2294.0052657235733,146.75164576003613,336649.0481271234,21.534617775506916,72496.08575905835,18.348101419383966,-9.280540568263017,313556.38000000006,90356.38000000005,7.36475785538897,-19.766500429678224
2024-11-18,SKU0024,Home & Kitchen,2449.703140495868,121,1800,False,-1.7296,-2.4856,-1.7296,-1.7296,2191.1666666666665,0.18,0.0001,2410.270021255602,124.44434775518111,299944.4807090199,25.31957066526882,75944.6547496939,2.846568392711668,-1.609710115009444,296414.08,78614.08000000002,1.1910367783540599,-3.3956070595828503
2024-11-25,SKU0024,Home & Kitchen,2443.9421505376345,93,1800,False,-1.7296,-2.4856,-1.7296,-1.7296,2041.3333333333333,0.18,0.0001,2245.43764516007,107.67497960550631,241777.45264804666,19.837453341008555,47962.48935813531,15.779547962910012,-8.122307859615086,227286.62,59886.62,6.3755766388917445,-19.91117655640724
2024-12-02,SKU0024,Home & Kitchen,2520.25,85,1800,False,-1.7296,-2.4856,-1.7296,-1.7296,2249.3166666666666,0.18,0.0001,2473.9385900758707,87.77085911135603,217139.71543969604,27.241524619057028,59152.169039255175,3.2598342486541476,-1.8375720632528236,214221.25,61221.25,1.362360381939709,-3.3796777438304892
2024-12-09,SKU0024,Home & Kitchen,2332.904060150376,133,1800,False,-1.7296,-2.4856,-1.7296,-1.7296,2105.11,0.18,0.0001,2315.505476350803,134.73321888687542,311975.50617893145,22.263194003031714,69455.7121825557,1.3031720953950554,-0.7457907976915146,310276.24000000005,70876.24000000003,0.5476623601379904,-2.0042369875212573
2024-12-16,SKU0024,Home & Kitchen,2409.1235294117646,136,1800,False,-1.7296,-2.4856,-1.7296,-1.7296,2082.9133333333334,0.18,0.0001,2291.005482059986,148.35464988343452,339881.3161720384,21.431877221807976,72842.94638185624,9.084301384878323,-4.902946897896065,327640.8,82840.79999999999,3.735956014036823,-12.068755514364604
2024-12-23,SKU0024,Home & Kitchen,2233.517424242425,132,1800,False,-1.7296,-2.4856,-1.7296,-1.7296,2189.616666666667,0.18,0.0001,2273.121123400048,128.04761436451787,291067.737012969,20.813722530208658,60582.03115683681,-2.994231542031922,1.7731538034029937,294824.3000000001,57224.300000000105,-1.2741700690991675,5.867666632596125
2024-12-30,SKU0024,Home & Kitchen,2405.7806896551724,29,1800,False,-1.7296,-2.4856,-1.7296,-1.7296,2201.53,0.18,0.0001,2421.635659349016,28.67238698039842,69434.07475038727,25.67007373504419,17823.77818567011,-1.1297000675916546,0.6590363686107992,69767.64,17567.64,-0.47810883328249787,1.4580113530907601
2024-07-01,SKU0025,Home & Kitchen,1864.3228571428567,168,1400,True,-0.5381,-1.2162,-1.2162,-1.2162,1582.677,0.18,0.3465,1740.8536026458903,182.60052581456745,317880.78320932365,19.579682181651194,62240.047068929205,8.690789175337766,-6.622739941416988,313206.23999999993,78006.23999999993,1.4924808679813495,-20.211450944271558
2024-07-08,SKU0025,Home & Kitchen,1972.768083832336,167,1400,True,-0.5381,-1.2162,-1.2162,-1.2162,1662.783,0.18,0.3465,1828.8992365106913,183.1102830221449,334890.2568164574,23.45122289672868,78535.86058545453,9.646876061164612,-7.29274000835225,329452.27000000014,95652.27000000012,1.650614462743638,-17.894410048549357
2024-07-15,SKU0025,Home & Kitchen,2017.453188405797,138,1400,False,-0.5381,-1.2162,-0.5381,-0.5381,1534.7969999999998,0.18,0.3465,,,,,,,,278408.54,85208.53999999998,,
2024-07-22,SKU0025,Home & Kitchen,2036.4882550335567,149,1400,False,-0.5381,-1.2162,-0.5381,-0.5381,1559.457,0.18,0.3465,1715.385034447587,163.4126369003138,280315.59177841584,18.385670162334826,51537.9001179765,9.672910671351541,-15.767496806932414,303436.74999999994,94836.74999999994,-7.619762016823639,-45.65619328163763
2024-07-29,SKU0025,Home & Kitchen,1887.925460526316,152,1400,False,-0.5381,-1.2162,-0.5381,-0.5381,1528.4399999999998,0.18,0.3465,,,,,,,,286964.67000000004,74164.67000000004,,
2024-08-05,SKU0025,Home & Kitchen,1883.8190173410403,173,1400,True,-0.5381,-1.2162,-1.2162,-1.2162,1591.4130000000002,0.18,0.3465,1750.4213885927275,189.16409457956811,331116.87710585364,20.019258841121278,66287.14469445829,9.343407271426663,-7.081233787341212,325900.68999999994,83700.68999999997,1.6005449714922904,-20.80454211971454
2024-08-12,SKU0025,Home & Kitchen,1695.103654822335,197,1400,True,-0.5381,-1.2162,-1.2162,-1.2162,1587.0600000000002,0.18,0.3465,1738.062068683103,191.0941192903328,332133.44028693147,19.45051760661495,64601.67328046557,-2.997908989678777,2.5342647181815225,333935.42000000004,58135.42000000001,-0.5396192213058981,11.122742865649805
2024-08-19,SKU0025,Home & Kitchen,2243.764827586207,116,1400,False,-0.5381,-1.2162,-0.5381,-0.5381,1539.351,0.18,0.3465,,,,,,,,260276.72000000003,97876.72000000002,,
2024-08-26,SKU0025,Home & Kitchen,2247.850101010101,99,1400,False,-0.5381,-1.2162,-0.5381,-0.5381,1511.637,0.18,0.3465,,,,,,,,222537.15999999997,83937.15999999999,,
2024-09-02,SKU0025,Home & Kitchen,1916.880683760684,117,1400,False,-0.5381,-1.2162,-0.5381,-0.5381,1498.323,0.18,0.3465,,,,,,,,224275.04,60475.04000000002,,
2024-09-09,SKU0025,Home & Kitchen,2183.378679245284,106,1400,False,-0.5381,-1.2162,-0.5381,-0.5381,1511.55,0.18,0.3465,,,,,,,,231438.14000000007,83038.14000000009,,
2024-09-16,SKU0025,Home & Kitchen,2028.0198113207548,159,1400,True,-0.5381,-1.2162,-1.2162,-1.2162,1549.299,0.18,0.3465,,,,,,,,322455.15,99855.15000000001,,
2024-09-23,SKU0025,Home & Kitchen,1959.9196774193551,155,1400,True,-0.5381,-1.2162,-1.2162,-1.2162,1630.38,0.18,0.3465,1793.2584230412754,172.69168064314601,309680.81090247555,21.929824390526438,67912.45800207114,11.413987511707102,-8.503473703449128,303787.55000000005,86787.55000000005,1.9399283816849966,-21.748617166781294
2024-09-30,SKU0025,Home & Kitchen,2130.9629310344826,116,1400,False,-0.5381,-1.2162,-0.5381,-0.5381,1518.3,0.18,0.3465,,,,,,,,247191.69999999998,84791.69999999998,,
2024-10-07,SKU0025,Home & Kitchen,2082.7257017543857,114,1400,False,-0.5381,-1.2162,-0.5381,-0.5381,1522.107,0.18,0.3465,,,,,,,,237430.72999999998,77830.72999999997,,
2024-10-14,SKU0025,Home & Kitchen,1929.0293277310925,119,1400,False,-0.5381,-1.2162,-0.5381,-0.5381,1537.083,0.18,0.3465,,,,,,,,229554.49000000002,62954.490000000005,,
2024-10-21,SKU0025,Home & Kitchen,2204.5571074380164,121,1400,False,-0.5381,-1.2162,-0.5381,-0.5381,1516.581,0.18,0.3465,,,,,,,,266751.41,97351.40999999997,,
2024-10-28,SKU0025,Home & Kitchen,2166.344,95,1400,False,-0.5381,-1.2162,-0.5381,-0.5381,1455.579,0.18,0.3465,,,,,,,,205802.68,72802.68000000001,,
2024-11-04,SKU0025,Home & Kitchen,2003.6263,100,1400,False,-0.5381,-1.2162,-0.5381,-0.5381,1469.1090000000002,0.18,0.3465,,,,,,,,200362.63,60362.62999999999,,
2024-11-11,SKU0025,Home & Kitchen,2136.8580373831774,107,1400,False,-0.5381,-1.2162,-0.5381,-0.5381,1491.5100000000002,0.18,0.3465,,,,,,,,228643.80999999997,78843.80999999998,,
2024-11-18,SKU0025,Home & Kitchen,2043.392595419848,131,1400,False,-0.5381,-1.2162,-0.5381,-0.5381,1547.7300000000002,0.18,0.3465,,,,,,,,267684.4300000001,84284.4300000001,,
2024-11-25,SKU0025,Home & Kitchen,2138.970168067227,119,1400,False,-0.5381,-1.2162,-0.5381,-0.5381,1548.438,0.18,0.3465,,,,,,,,254537.45,87937.45000000001,,
2024-12-02,SKU0025,Home & Kitchen,2214.941927710843,83,1400,False,-0.5381,-1.2162,-0.5381,-0.5381,1447.5,0.18,0.3465,,,,,,,,183840.18,67640.17999999998,,
2024-12-09,SKU0025,Home & Kitchen,1873.581037735849,106,1400,False,-0.5381,-1.2162,-0.5381,-0.5381,1556.376,0.18,0.3465,1712.0031728564115,111.27103339794306,190496.36222429023,18.224450620371588,34716.91546716997,4.972673016927409,-8.62401260607857,198599.59,50199.58999999998,-4.080183536990067,-30.842233039811706
2024-12-16,SKU0025,Home & Kitchen,1939.9453900709216,141,1400,False,-0.5381,-1.2162,-0.5381,-0.5381,1514.889,0.18,0.3465,,,,,,,,273532.29999999993,76132.29999999994,,
2024-12-23,SKU0025,Home & Kitchen,2156.081833333333,120,1400,False,-0.5381,-1.2162,-0.5381,-0.5381,1582.9830000000002,0.18,0.3465,1741.0283048039878,134.63218488337512,234398.44461955965,19.587751897140016,45913.385782834484,12.193487402812607,-19.250360636250374,258729.81999999998,90729.81999999998,-9.404163532614962,-49.39548454649806
2024-12-30,SKU0025,Home & Kitchen,2000.7028571428568,42,1400,False,-0.5381,-1.2162,-0.5381,-0.5381,1512.513,0.18,0.3465,,,,,,,,84029.51999999999,25229.519999999986,,
2024-07-01,SKU0026,Beauty & Personal Care,1057.8051862464183,349,900,True,-0.9546,-0.1081,-0.1081,-0.1081,1160.51,0.18,0.0175,1276.4992774095967,341.9816932412677,436539.3843097886,29.494672192343714,128755.86039264766,-2.010976148633903,20.67432585949083,369174.01,55074.009999999995,18.247593948931716,133.7869720992673
2024-07-08,SKU0026,Beauty & Personal Care,1158.2476875,320,900,True,-0.9546,-0.1081,-0.1081,-0.1081,1135.5766666666666,0.18,0.0175,1248.7062625720891,317.4092338866626,396350.89815248456,27.925403517543256,110682.58765448822,-0.8096144104179359,7.809950846294189,370639.26,82639.26,6.937105948378086,33.93463065193012
2024-07-15,SKU0026,Beauty & Personal Care,1098.46761732852,277,900,False,-0.9546,-0.1081,-0.9546,-0.9546,1072.763333333333,0.18,0.0175,1134.0459442596507,268.6982684747014,304716.1815933259,20.63813599831222,62887.739966094625,-2.997014991082514,3.2389053960149905,304275.53,54975.53000000003,0.14481992466692795,14.392239540200148
2024-07-22,SKU0026,Beauty & Personal Care,1078.294494680851,376,900,False,-0.9546,-0.1081,-0.9546,-0.9546,1068.3733333333332,0.18,0.0175,1113.2553199574193,364.72,406026.48029487,19.156011755288628,77778.48029486997,-2.9999999999999916,3.2422334945627185,405438.7299999999,67038.72999999994,0.1449664897258396,16.020217409950988
2024-07-29,SKU0026,Beauty & Personal Care,1222.8123999999998,250,900,False,-0.9546,-0.1081,-0.9546,-0.9546,1115.3433333333332,0.18,0.0175,1226.8052423763127,249.2232163014066,305748.3482804513,26.6387223568831,81447.45360918538,-0.3107134794373523,0.3265294313594458,305703.1,80703.09999999995,0.014801380964524213,0.9223358324344844
2024-08-05,SKU0026,Beauty & Personal Care,1125.4799712643678,348,900,True,-0.9546,-0.1081,-0.1081,-0.1081,1079.4033333333334,0.18,0.0175,1187.1411018321503,345.99924716446344,410749.9275119156,24.187613535492694,99350.60506389853,-0.5749289757288945,5.478651965570935,391667.02999999997,78467.03,4.872224632212641,26.61445840870813
2024-08-12,SKU0026,Beauty & Personal Care,1079.0165206185568,388,900,True,-0.9546,-0.1081,-0.1081,-0.1081,1172.49,0.18,0.0175,1289.689538454107,380.5910883478029,490844.34507102414,30.215763316279226,148312.36555800153,-1.9095133124219288,19.52454052462327,418658.41000000003,69458.41000000003,17.24220351169443,113.52686529680346
2024-08-19,SKU0026,Beauty & Personal Care,1214.4027272727271,220,900,False,-0.9546,-0.1081,-0.9546,-0.9546,1115.1666666666667,0.18,0.0175,1226.567789431107,217.91663678239135,267289.52745843923,26.62452024625333,71164.55435428701,-0.9469832807312062,1.001732117787646,267168.6,69168.59999999998,0.045262601383266876,2.885636479973619
2024-08-26,SKU0026,Beauty & Personal Care,1049.0762828947368,304,900,False,-0.9546,-0.1081,-0.9546,-0.9546,1108.736666666667,0.18,0.0175,,,,,,,,318919.19,45319.18999999998,,
2024-09-02,SKU0026,Beauty & Personal Care,1022.6588349514564,309,900,False,-0.9546,-0.1081,-0.9546,-0.9546,1105.3933333333334,0.18,0.0175,,,,,,,,316001.58,37901.580000000016,,
2024-09-09,SKU0026,Beauty & Personal Care,1111.612249134948,289,900,False,-0.9546,-0.1081,-0.9546,-0.9546,1038.1933333333334,0.18,0.0175,1141.9872134895638,281.65759373016874,321649.37062209105,21.19001076641873,68157.53626493918,-2.5406250068620295,2.7325143617528136,321255.93999999994,61155.93999999994,0.12246641169999517,11.448759131066
2024-09-16,SKU0026,Beauty & Personal Care,1049.6297178683385,319,900,True,-0.9546,-0.1081,-0.1081,-0.1081,1114.17,0.18,0.0175,1225.4457832541095,313.70402793593746,384427.27822392393,26.557338374440743,102093.65308158023,-1.660179330427125,16.750294164958525,334831.88,47731.87999999998,14.812029913019021,113.88986371703828
2024-09-23,SKU0026,Beauty & Personal Care,1085.9155663430422,309,900,True,-0.9546,-0.1081,-0.1081,-0.1081,1098.6333333333332,0.18,0.0175,1208.4117735345483,305.45032917533405,369109.77400547697,25.52207619034182,94204.47774767634,-1.148760784681535,11.280454115233617,335547.91000000003,57447.91000000004,10.00210789734226,63.98242816436015
2024-09-30,SKU0026,Beauty & Personal Care,1238.3344495412844,218,900,False,-0.9546,-0.1081,-0.9546,-0.9546,1121.4266666666665,0.18,0.0175,1233.389179986081,218.83431160427202,269907.8721424116,27.03033117169419,72956.99169856678,0.3827117450789119,-0.3993484601058528,269956.91,73756.90999999999,-0.018165068487552283,-1.0845333697320103
2024-10-07,SKU0026,Beauty & Personal Care,1040.6910843373494,249,900,False,-0.9546,-0.1081,-0.9546,-0.9546,1047.2733333333333,0.18,0.0175,,,,,,,,259132.08,35032.079999999994,,
2024-10-14,SKU0026,Beauty & Personal Care,1203.957429906542,214,900,False,-0.9546,-0.1081,-0.9546,-0.9546,1061.9466666666667,0.18,0.0175,1168.0203125758765,220.2809859533628,257292.66606776908,22.946545508682277,59039.77870974255,2.935040165122804,-2.9849159478550047,257646.89,65046.89000000001,-0.13748426469689656,-9.235047656017759
2024-10-21,SKU0026,Beauty & Personal Care,1167.9902734375,256,900,False,-0.9546,-0.1081,-0.9546,-0.9546,1149.2233333333334,0.18,0.0175,1205.8592452961254,248.32000000000002,299438.9677919339,25.364423458976336,75950.96779193387,-2.9999999999999916,3.2422334945627185,299005.51,68605.51000000001,0.1449664897258618,10.706804441704264
2024-10-28,SKU0026,Beauty & Personal Care,1194.2490456431533,241,900,False,-0.9546,-0.1081,-0.9546,-0.9546,1086.87,0.18,0.0175,1195.4237122433985,240.77393104989045,287826.86646709614,24.712887089130096,71130.32852219472,-0.09380454361391788,0.09836027121232771,287814.01999999996,70914.01999999995,0.004463461194892382,0.3050292765729212
2024-11-04,SKU0026,Beauty & Personal Care,1120.4039726027395,219,900,False,-0.9546,-0.1081,-0.9546,-0.9546,1055.89,0.18,0.0175,1156.7300854768769,212.43,245724.17205785296,22.194467724165452,54537.17205785296,-2.9999999999999916,3.2422334945627185,245368.46999999994,48268.46999999995,0.1449664897258396,12.9871571604673
2024-11-11,SKU0026,Beauty & Personal Care,1228.951592920354,226,900,False,-0.9546,-0.1081,-0.9546,-0.9546,1053.2766666666666,0.18,0.0175,1158.5820473873414,239.08581984035084,277000.53865191474,22.318837752618077,61823.30079559897,5.790185770066736,-5.725981880685282,277743.06,74343.06,-0.26734109867057043,-16.840521770829763
2024-11-18,SKU0026,Beauty & Personal Care,1194.335,270,900,False,-0.9546,-0.1081,-0.9546,-0.9546,1080.1233333333332,0.18,0.0175,1188.0280442613598,271.3681258283355,322392.94380270806,24.244212554800196,78161.63055720608,0.506713269753889,-0.5280725875604575,322470.45,79470.45000000001,-0.0240351316816656,-1.64692592377913
2024-11-25,SKU0026,Beauty & Personal Care,1214.4831325301204,249,900,False,-0.9546,-0.1081,-0.9546,-0.9546,1111.41,0.18,0.0175,1222.4120582840285,247.45800988970714,302495.6552081464,26.375071817977418,79783.44630740996,-0.6192731366638005,0.6528642137161533,302406.3,78306.29999999999,0.029548064357909354,1.8863696885307757
2024-12-02,SKU0026,Beauty & Personal Care,1037.7702631578948,266,900,False,-0.9546,-0.1081,-0.9546,-0.9546,1081.72,0.18,0.0175,,,,,,,,276046.89,36646.89000000001,,
2024-12-09,SKU0026,Beauty & Personal Care,1134.831235059761,251,900,False,-0.9546,-0.1081,-0.9546,-0.9546,1024.3033333333333,0.18,0.0175,1126.6973181312073,252.72948430533302,284749.63217950176,20.120516351917665,57293.09630470205,0.6890375718458186,-0.7167512381808239,284842.64,58942.64,-0.03265235166274305,-2.7985575388173145
2024-12-16,SKU0026,Beauty & Personal Care,1128.8602173913043,230,900,False,-0.9546,-0.1081,-0.9546,-0.9546,1101.39,0.18,0.0175,1165.4605014663587,223.10000000000002,260014.23787714465,22.77730572013051,59224.237877144624,-2.9999999999999916,3.2422334945627185,259637.85,52637.85,0.1449664897258396,12.512646084793788
2024-12-23,SKU0026,Beauty & Personal Care,1103.1535222672064,247,900,False,-0.9546,-0.1081,-0.9546,-0.9546,1111.4633333333334,0.18,0.0175,1138.9203352626023,239.59000000000003,272873.9231255669,20.977791673858746,57242.92312556689,-2.9999999999999916,3.2422334945627185,272478.92,50178.919999999984,0.1449664897258618,14.07763085687559
2024-12-30,SKU0026,Beauty & Personal Care,1136.1429347826088,92,900,False,-0.9546,-0.1081,-0.9546,-0.9546,1119.8666666666668,0.18,0.0175,1172.9793415602385,89.24000000000001,104676.6764408357,23.272305989390656,24360.676440835683,-2.9999999999999916,3.2422334945627185,104525.15000000001,21725.15000000001,0.1449664897258618,12.131223217495268
2024-07-01,SKU0027,Beauty & Personal Care,547.534233983287,359,500,True,-3.588,-0.2553,-0.2553,-0.2553,639.87,0.18,0.0182,616.915769433513,348.23,214828.57838983223,18.951658431567033,40713.57838983223,-2.9999999999999916,12.671634236544161,196564.79000000004,17064.790000000026,9.291485209447824,138.58235811769245
2024-07-08,SKU0027,Beauty & Personal Care,601.6751612903225,372,500,True,-3.588,-0.2553,-0.2553,-0.2553,643.6366666666667,0.18,0.0182,677.8490076523403,360.84927230271666,244601.32114246563,26.237260163336657,64176.68499110729,-2.9975074455062756,12.66029433534519,223823.15999999997,37823.15999999998,9.283293624513945,69.67562993442994
2024-07-15,SKU0027,Beauty & Personal Care,546.3645983379502,361,500,False,-3.588,-0.2553,-3.588,-3.588,600.8233333333334,0.18,0.0182,,,,,,,,197237.62,16737.620000000006,,
2024-07-22,SKU0027,Beauty & Personal Care,634.0997674418604,301,500,False,-3.588,-0.2553,-3.588,-3.588,614.8466666666667,0.18,0.0182,639.5056731550728,291.9700000000001,186716.47139108667,21.81461072374948,40731.47139108663,-2.9999999999999694,0.8525323601712431,190864.03,40364.029999999984,-2.1730436106338735,0.9103188930506656
2024-07-29,SKU0027,Beauty & Personal Care,542.3810542168675,332,500,False,-3.588,-0.2553,-3.588,-3.588,604.38,0.18,0.0182,,,,,,,,180070.51,14070.510000000004,,
2024-08-05,SKU0027,Beauty & Personal Care,513.2430659025788,349,500,True,-3.588,-0.2553,-0.2553,-0.2553,600.7533333333333,0.18,0.0182,,,,,,,,179121.83,4621.829999999998,,
2024-08-12,SKU0027,Beauty & Personal Care,576.1457104557641,373,500,True,-3.588,-0.2553,-0.2553,-0.2553,606.1966666666667,0.18,0.0182,649.1133514281378,361.81561171053966,234859.34431645018,22.971850925584583,53951.53846118034,-2.998495519962563,12.664789418401146,214902.35,28402.349999999995,9.286540755115148,89.95448778421627
2024-08-19,SKU0027,Beauty & Personal Care,604.7351778656126,253,500,False,-3.588,-0.2553,-3.588,-3.588,594.2966666666666,0.18,0.0182,609.8907409502561,245.41000000000005,149673.2867366024,18.018102845607725,26968.286736602367,-2.9999999999999805,0.8525323601712431,152998.0,26497.999999999996,-2.1730436106338624,1.7748008778110558
2024-08-26,SKU0027,Beauty & Personal Care,567.1234322033898,236,500,False,-3.588,-0.2553,-3.588,-3.588,598.61,0.18,0.0182,,,,,,,,133841.13,15841.13,,
2024-09-02,SKU0027,Beauty & Personal Care,564.7859807073955,311,500,False,-3.588,-0.2553,-3.588,-3.588,611.4666666666667,0.18,0.0182,,,,,,,,175648.44,20148.440000000013,,
2024-09-09,SKU0027,Beauty & Personal Care,569.7482868525897,251,500,False,-3.588,-0.2553,-3.588,-3.588,606.7266666666666,0.18,0.0182,,,,,,,,143006.82,17506.820000000007,,
2024-09-16,SKU0027,Beauty & Personal Care,508.9106336088154,363,500,True,-3.588,-0.2553,-0.2553,-0.2553,619.44,0.18,0.0182,,,,,,,,184734.55999999997,3234.559999999981,,
2024-09-23,SKU0027,Beauty & Personal Care,518.8192737430168,358,500,True,-3.588,-0.2553,-0.2553,-0.2553,607.5733333333334,0.18,0.0182,,,,,,,,185737.3,6737.300000000002,,
2024-09-30,SKU0027,Beauty & Personal Care,581.8930769230769,260,500,False,-3.588,-0.2553,-3.588,-3.588,615.0133333333333,0.18,0.0182,,,,,,,,151292.2,21292.200000000004,,
2024-10-07,SKU0027,Beauty & Personal Care,605.9150627615063,239,500,False,-3.588,-0.2553,-3.588,-3.588,619.4466666666667,0.18,0.0182,611.0806847467001,231.83000000000004,141666.8351448275,18.177744366563356,25751.83514482748,-2.9999999999999805,0.8525323601712431,144813.7,25313.700000000008,-2.1730436106338846,1.7308222220673963
2024-10-14,SKU0027,Beauty & Personal Care,583.5656299212598,254,500,False,-3.588,-0.2553,-3.588,-3.588,616.99,0.18,0.0182,,,,,,,,148225.66999999998,21225.669999999976,,
2024-10-21,SKU0027,Beauty & Personal Care,567.4632862190812,283,500,False,-3.588,-0.2553,-3.588,-3.588,608.6466666666666,0.18,0.0182,,,,,,,,160592.10999999996,19092.10999999997,,
2024-10-28,SKU0027,Beauty & Personal Care,557.3281993569132,311,500,False,-3.588,-0.2553,-3.588,-3.588,586.3633333333333,0.18,0.0182,,,,,,,,173329.07,17829.069999999992,,
2024-11-04,SKU0027,Beauty & Personal Care,538.4255521472392,326,500,False,-3.588,-0.2553,-3.588,-3.588,575.3033333333333,0.18,0.0182,,,,,,,,175526.72999999995,12526.729999999967,,
2024-11-11,SKU0027,Beauty & Personal Care,540.1899373040752,319,500,False,-3.588,-0.2553,-3.588,-3.588,614.0466666666667,0.18,0.0182,,,,,,,,172320.59,12820.589999999993,,
2024-11-18,SKU0027,Beauty & Personal Care,632.2025570776256,219,500,False,-3.588,-0.2553,-3.588,-3.588,598.6833333333333,0.18,0.0182,637.5922884585424,212.43000000000004,135443.7298372482,21.579980020020102,29228.729837248164,-2.9999999999999805,0.8525323601712431,138452.36,28952.359999999997,-2.1730436106338624,0.9545675628797268
2024-11-25,SKU0027,Beauty & Personal Care,588.6111313868613,274,500,False,-3.588,-0.2553,-3.588,-3.588,621.8000000000001,0.18,0.0182,,,,,,,,161279.44999999998,24279.449999999997,,
2024-12-02,SKU0027,Beauty & Personal Care,622.320637254902,204,500,False,-3.588,-0.2553,-3.588,-3.588,611.2333333333333,0.18,0.0182,627.6261220715239,197.88000000000005,124194.65703551318,20.33473712825798,25254.65703551316,-2.9999999999999694,0.8525323601712431,126953.41,24953.41,-2.1730436106338735,1.2072379506975484
2024-12-09,SKU0027,Beauty & Personal Care,591.8904081632653,294,500,False,-3.588,-0.2553,-3.588,-3.588,604.0966666666667,0.18,0.0182,,,,,,,,174015.78,27015.78,,
2024-12-16,SKU0027,Beauty & Personal Care,577.9532781456953,302,500,False,-3.588,-0.2553,-3.588,-3.588,609.15,0.18,0.0182,,,,,,,,174541.88999999998,23541.88999999999,,
2024-12-23,SKU0027,Beauty & Personal Care,543.6350500000001,400,500,False,-3.588,-0.2553,-3.588,-3.588,590.2433333333333,0.18,0.0182,,,,,,,,217454.02000000005,17454.020000000037,,
2024-12-30,SKU0027,Beauty & Personal Care,610.9785365853659,82,500,False,-3.588,-0.2553,-3.588,-3.588,601.3433333333334,0.18,0.0182,616.1873263234568,79.54000000000002,49011.53993576777,18.855844864044847,9241.539935767754,-2.9999999999999805,0.8525323601712431,50100.240000000005,9100.240000000002,-2.1730436106338735,1.5527055964211112
2024-07-01,SKU0028,Beauty & Personal Care,615.7898969072164,485,650,True,-1.3107,0.0316,0.0316,0.0316,890.6333333333333,0.18,0.0513,,,,,,,,298658.1,-16591.900000000038,,
2024-07-08,SKU0028,Beauty & Personal Care,638.034036939314,379,650,True,-1.3107,0.0316,0.0316,0.0316,869.3006666666666,0.18,0.0513,,,,,,,,241814.9,-4535.100000000002,,
2024-07-15,SKU0028,Beauty & Personal Care,659.2072062663185,383,650,False,-1.3107,0.0316,-1.3107,-1.3107,861.993,0.18,0.0513,,,,,,,,252476.36,3526.3599999999888,,
2024-07-22,SKU0028,Beauty & Personal Care,657.2926785714286,392,650,False,-1.3107,0.0316,-1.3107,-1.3107,854.3626666666668,0.18,0.0513,,,,,,,,257658.73,2858.730000000015,,
2024-07-29,SKU0028,Beauty & Personal Care,670.8455462184875,357,650,False,-1.3107,0.0316,-1.3107,-1.3107,894.7656666666667,0.18,0.0513,,,,,,,,239491.86000000002,7441.860000000027,,
2024-08-05,SKU0028,Beauty & Personal Care,646.712043478261,460,650,True,-1.3107,0.0316,0.0316,0.0316,843.0913333333334,0.18,0.0513,,,,,,,,297487.54000000004,-1512.4599999999555,,
2024-08-12,SKU0028,Beauty & Personal Care,592.5198398169337,437,650,True,-1.3107,0.0316,0.0316,0.0316,818.5173333333333,0.18,0.0513,,,,,,,,258931.17,-25118.829999999994,,
2024-08-19,SKU0028,Beauty & Personal Care,608.2240506329114,395,650,False,-1.3107,0.0316,-1.3107,-1.3107,852.6613333333335,0.18,0.0513,,,,,,,,240248.5,-16501.500000000007,,
2024-08-26,SKU0028,Beauty & Personal Care,602.6339634146342,328,650,False,-1.3107,0.0316,-1.3107,-1.3107,874.8996666666668,0.18,0.0513,,,,,,,,197663.94,-15536.059999999983,,
2024-09-02,SKU0028,Beauty & Personal Care,630.0118691588785,321,650,False,-1.3107,0.0316,-1.3107,-1.3107,857.3620000000001,0.18,0.0513,,,,,,,,202233.81,-6416.189999999989,,
2024-09-09,SKU0028,Beauty & Personal Care,607.0270277777777,360,650,False,-1.3107,0.0316,-1.3107,-1.3107,823.8560000000001,0.18,0.0513,,,,,,,,218529.72999999995,-15470.270000000037,,
2024-09-16,SKU0028,Beauty & Personal Care,561.6410361445783,415,650,True,-1.3107,0.0316,0.0316,0.0316,807.4513333333334,0.18,0.0513,,,,,,,,233081.02999999997,-36668.97000000002,,
2024-09-23,SKU0028,Beauty & Personal Care,638.5955949367088,395,650,True,-1.3107,0.0316,0.0316,0.0316,798.5596666666667,0.18,0.0513,,,,,,,,252245.25999999998,-4504.74000000001,,
2024-09-30,SKU0028,Beauty & Personal Care,666.8770512820513,312,650,False,-1.3107,0.0316,-1.3107,-1.3107,826.529,0.18,0.0513,,,,,,,,208065.64,5265.640000000005,,
2024-10-07,SKU0028,Beauty & Personal Care,640.2212820512821,312,650,False,-1.3107,0.0316,-1.3107,-1.3107,804.6756666666666,0.18,0.0513,,,,,,,,199749.04,-3050.9599999999973,,
2024-10-14,SKU0028,Beauty & Personal Care,648.3743396226415,318,650,False,-1.3107,0.0316,-1.3107,-1.3107,812.9843333333334,0.18,0.0513,,,,,,,,206183.04,-516.9599999999984,,
2024-10-21,SKU0028,Beauty & Personal Care,685.9923566878981,314,650,False,-1.3107,0.0316,-1.3107,-1.3107,874.0526666666668,0.18,0.0513,,,,,,,,215401.6,11301.600000000006,,
2024-10-28,SKU0028,Beauty & Personal Care,607.7901285347043,389,650,False,-1.3107,0.0316,-1.3107,-1.3107,840.3340000000002,0.18,0.0513,,,,,,,,236430.36,-16419.640000000025,,
2024-11-04,SKU0028,Beauty & Personal Care,655.7637662337662,231,650,False,-1.3107,0.0316,-1.3107,-1.3107,840.7593333333334,0.18,0.0513,,,,,,,,151481.43,1331.4299999999935,,
2024-11-11,SKU0028,Beauty & Personal Care,586.6230154639175,388,650,False,-1.3107,0.0316,-1.3107,-1.3107,826.4300000000002,0.18,0.0513,,,,,,,,227609.72999999998,-24590.270000000026,,
2024-11-18,SKU0028,Beauty & Personal Care,606.6238323353293,334,650,False,-1.3107,0.0316,-1.3107,-1.3107,817.5603333333335,0.18,0.0513,,,,,,,,202612.36,-14487.640000000005,,
2024-11-25,SKU0028,Beauty & Personal Care,674.0340689655172,290,650,False,-1.3107,0.0316,-1.3107,-1.3107,845.68,0.18,0.0513,,,,,,,,195469.88,6969.879999999998,,
2024-12-02,SKU0028,Beauty & Personal Care,596.0381388012618,317,650,False,-1.3107,0.0316,-1.3107,-1.3107,842.5230000000001,0.18,0.0513,,,,,,,,188944.08999999997,-17105.91000000002,,
2024-12-09,SKU0028,Beauty & Personal Care,654.5672695035461,282,650,False,-1.3107,0.0316,-1.3107,-1.3107,808.544,0.18,0.0513,,,,,,,,184587.97,1287.9699999999923,,
2024-12-16,SKU0028,Beauty & Personal Care,635.6736125654451,382,650,False,-1.3107,0.0316,-1.3107,-1.3107,848.5766666666667,0.18,0.0513,,,,,,,,242827.32,-5472.679999999984,,
2024-12-23,SKU0028,Beauty & Personal Care,640.362475,400,650,False,-1.3107,0.0316,-1.3107,-1.3107,857.2960000000002,0.18,0.0513,,,,,,,,256144.99000000002,-3855.009999999993,,
2024-12-30,SKU0028,Beauty & Personal Care,643.4200884955752,113,650,False,-1.3107,0.0316,-1.3107,-1.3107,869.924,0.18,0.0513,,,,,,,,72706.47,-743.5300000000008,,
2024-07-01,SKU0029,Beauty & Personal Care,2028.8534293948128,347,1800,True,0.5161,-2.1207,-2.1207,-2.1207,2294.13,0.18,0.552,,,,,,,,704012.14,79412.14000000004,,
2024-07-08,SKU0029,Beauty & Personal Care,2159.392346041056,341,1800,True,0.5161,-2.1207,-2.1207,-2.1207,2342.26,0.18,0.552,,,,,,,,736352.7900000002,122552.79000000011,,
2024-07-15,SKU0029,Beauty & Personal Care,2014.844579124579,297,1800,False,0.5161,-2.1207,0.5161,0.5161,2280.063333333333,0.18,0.552,,,,,,,,598408.84,63808.83999999997,,
2024-07-22,SKU0029,Beauty & Personal Care,2276.1378368794326,282,1800,False,0.5161,-2.1207,0.5161,0.5161,2291.326666666667,0.18,0.552,,,,,,,,641870.87,134270.87,,
2024-07-29,SKU0029,Beauty & Personal Care,2055.652777777778,306,1800,False,0.5161,-2.1207,0.5161,0.5161,2322.363333333333,0.18,0.552,,,,,,,,629029.75,78229.75000000001,,
2024-08-05,SKU0029,Beauty & Personal Care,2114.504730878187,353,1800,True,0.5161,-2.1207,-2.1207,-2.1207,2282.403333333333,0.18,0.552,,,,,,,,746420.1699999999,111020.16999999995,,
2024-08-12,SKU0029,Beauty & Personal Care,1954.2902450980391,408,1800,True,0.5161,-2.1207,-2.1207,-2.1207,2369.15,0.18,0.552,,,,,,,,797350.4199999999,62950.41999999996,,
2024-08-19,SKU0029,Beauty & Personal Care,2327.35811965812,234,1800,False,0.5161,-2.1207,0.5161,0.5161,2249.6733333333336,0.18,0.552,,,,,,,,544601.8,123401.80000000006,,
2024-08-26,SKU0029,Beauty & Personal Care,2169.8926907630525,249,1800,False,0.5161,-2.1207,0.5161,0.5161,2075.4500000000003,0.18,0.552,,,,,,,,540303.28,92103.28000000009,,
2024-09-02,SKU0029,Beauty & Personal Care,2146.976052631579,228,1800,False,0.5161,-2.1207,0.5161,0.5161,2202.3366666666666,0.18,0.552,,,,,,,,489510.54000000004,79110.54000000002,,
2024-09-09,SKU0029,Beauty & Personal Care,2368.656485355649,239,1800,False,0.5161,-2.1207,0.5161,0.5161,2222.2466666666664,0.18,0.552,,,,,,,,566108.9,135908.90000000005,,
2024-09-16,SKU0029,Beauty & Personal Care,1976.811415929204,339,1800,True,0.5161,-2.1207,-2.1207,-2.1207,2246.116666666667,0.18,0.552,,,,,,,,670139.0700000002,59939.07000000017,,
2024-09-23,SKU0029,Beauty & Personal Care,1976.352342857143,350,1800,True,0.5161,-2.1207,-2.1207,-2.1207,2141.866666666667,0.18,0.552,,,,,,,,691723.3200000001,61723.320000000036,,
2024-09-30,SKU0029,Beauty & Personal Care,2121.727641921397,229,1800,False,0.5161,-2.1207,0.5161,0.5161,2223.3966666666665,0.18,0.552,,,,,,,,485875.62999999995,73675.62999999996,,
2024-10-07,SKU0029,Beauty & Personal Care,2032.8441772151896,237,1800,False,0.5161,-2.1207,0.5161,0.5161,2191.016666666667,0.18,0.552,,,,,,,,481784.06999999995,55184.06999999993,,
2024-10-14,SKU0029,Beauty & Personal Care,2215.611576923077,260,1800,False,0.5161,-2.1207,0.5161,0.5161,2219.3366666666666,0.18,0.552,,,,,,,,576059.01,108059.01,,
2024-10-21,SKU0029,Beauty & Personal Care,2444.685916666667,240,1800,False,0.5161,-2.1207,0.5161,0.5161,2213.62,0.18,0.552,,,,,,,,586724.62,154724.62000000002,,
2024-10-28,SKU0029,Beauty & Personal Care,2320.947701612903,248,1800,False,0.5161,-2.1207,0.5161,0.5161,2126.9933333333333,0.18,0.552,,,,,,,,575595.0299999999,129195.02999999997,,
2024-11-04,SKU0029,Beauty & Personal Care,2394.2728679245283,265,1800,False,0.5161,-2.1207,0.5161,0.5161,2210.2966666666666,0.18,0.552,2257.0565350765523,257.05,580176.3823414278,20.250114606059277,117486.38234142779,-2.9999999999999916,-5.731023171428317,634482.31,157482.31,-8.559092476285468,-25.3970923201293
2024-11-11,SKU0029,Beauty & Personal Care,2225.3872440944883,254,1800,False,0.5161,-2.1207,0.5161,0.5161,2214.8033333333333,0.18,0.552,,,,,,,,565248.36,108048.36000000003,,
2024-11-18,SKU0029,Beauty & Personal Care,2103.6569014084503,284,1800,False,0.5161,-2.1207,0.5161,0.5161,2188.083333333333,0.18,0.552,,,,,,,,597438.5599999998,86238.55999999988,,
2024-11-25,SKU0029,Beauty & Personal Care,2427.602,210,1800,False,0.5161,-2.1207,0.5161,0.5161,2197.5400000000004,0.18,0.552,,,,,,,,509796.42,131796.41999999998,,
2024-12-02,SKU0029,Beauty & Personal Care,2319.3888,250,1800,False,0.5161,-2.1207,0.5161,0.5161,2180.4466666666667,0.18,0.552,,,,,,,,579847.2000000001,129847.20000000004,,
2024-12-09,SKU0029,Beauty & Personal Care,2294.88197080292,274,1800,False,0.5161,-2.1207,0.5161,0.5161,2241.1266666666666,0.18,0.552,,,,,,,,628797.66,135597.6600000001,,
2024-12-16,SKU0029,Beauty & Personal Care,2042.1880882352943,272,1800,False,0.5161,-2.1207,0.5161,0.5161,2252.4666666666667,0.18,0.552,,,,,,,,555475.16,65875.16000000006,,
2024-12-23,SKU0029,Beauty & Personal Care,2439.125750915752,273,1800,False,0.5161,-2.1207,0.5161,0.5161,2229.6066666666666,0.18,0.552,,,,,,,,665881.3300000003,174481.33000000034,,
2024-12-30,SKU0029,Beauty & Personal Care,2029.695,112,1800,False,0.5161,-2.1207,0.5161,0.5161,2154.4,0.18,0.552,,,,,,,,227325.84,25725.839999999993,,
2024-07-01,SKU0030,Beauty & Personal Care,2646.7671549295774,355,2200,True,-0.8676,-2.3767,-2.3767,-2.3767,2657.92,0.18,0.0628,,,,,,,,939602.34,158602.33999999997,,
2024-07-08,SKU0030,Beauty & Personal Care,2496.434205607477,428,2200,True,-0.8676,-2.3767,-2.3767,-2.3767,2712.6266666666666,0.18,0.0628,,,,,,,,1068473.84,126873.84000000016,,
2024-07-15,SKU0030,Beauty & Personal Care,2552.7605900621115,322,2200,False,-0.8676,-2.3767,-0.8676,-0.8676,2710.0033333333336,0.18,0.0628,,,,,,,,821988.9099999999,113588.90999999992,,
2024-07-22,SKU0030,Beauty & Personal Care,2817.2264363636364,275,2200,False,-0.8676,-2.3767,-0.8676,-0.8676,2690.026666666666,0.18,0.0628,2917.6534806388804,266.76865605462655,778338.4978631375,24.59694015760005,191447.45454295908,-2.9932159801357994,3.5647487535602984,774737.27,169737.27,0.46483214408123974,12.790464076015295
2024-07-29,SKU0030,Beauty & Personal Care,2962.4905597014927,268,2200,False,-0.8676,-2.3767,-0.8676,-0.8676,2546.443333333333,0.18,0.0628,2800.9823032038935,281.3571220454752,788076.3197297541,21.456126392389628,169090.65122970863,4.984000763237018,-5.451772866201909,793947.4700000001,204347.47000000003,-0.7394885042263488,-17.25336690994579
2024-08-05,SKU0030,Beauty & Personal Care,2514.7062020905923,287,2200,True,-0.8676,-2.3767,-2.3767,-2.3767,2614.11,0.18,0.0628,,,,,,,,721720.68,90320.68000000001,,
2024-08-12,SKU0030,Beauty & Personal Care,2399.8308615384617,325,2200,True,-0.8676,-2.3767,-2.3767,-2.3767,2712.65,0.18,0.0628,,,,,,,,779945.03,64945.03000000006,,
2024-08-19,SKU0030,Beauty & Personal Care,2959.0989805825243,206,2200,False,-0.8676,-2.3767,-0.8676,-0.8676,2607.54,0.18,0.0628,2867.9532157988056,211.66822820765873,607054.5757705903,23.290241002510978,141384.47371374108,2.751567091096474,-3.080186414236674,609574.39,156374.39,-0.41337271885875104,-9.5859151145267
2024-08-26,SKU0030,Beauty & Personal Care,2900.1324354243543,271,2200,False,-0.8676,-2.3767,-0.8676,-0.8676,2666.063333333333,0.18,0.0628,2932.4613977516656,268.4060209528968,787090.2953684947,24.97769956369239,196597.04927212166,-0.9571878402594769,1.1147408970852979,785935.89,189735.89,0.14688289250852637,3.616163116067095
2024-09-02,SKU0030,Beauty & Personal Care,2934.936336633664,303,2200,False,-0.8676,-2.3767,-0.8676,-0.8676,2616.0066666666667,0.18,0.0628,2877.262600076964,308.26245515751907,886952.0332326319,23.53843545802347,208774.63188608995,1.7367838803693303,-1.9650762381732134,889285.7100000001,222685.71000000014,-0.2624214851454476,-6.246955906560048
2024-09-09,SKU0030,Beauty & Personal Care,2915.502974137931,232,2200,False,-0.8676,-2.3767,-0.8676,-0.8676,2574.866666666667,0.18,0.0628,2832.2563656093525,237.9047960767033,673807.3730972378,22.32341582091649,150416.82172849058,2.5451707227169384,-2.8553086471535094,676396.69,165996.68999999994,-0.3828104041671443,-9.385649961760901
2024-09-16,SKU0030,Beauty & Personal Care,2841.629849056604,265,2200,True,-0.8676,-2.3767,-2.3767,-2.3767,2750.38,0.18,0.0628,2878.281843942922,257.05,739862.3479855282,23.565511673928093,174352.34798552812,-2.9999999999999916,1.2898229830491825,753031.9100000001,170031.9100000001,-1.7488717064422898,2.5409571565290445
2024-09-23,SKU0030,Beauty & Personal Care,2853.7423846153847,260,2200,True,-0.8676,-2.3767,-2.3767,-2.3767,2679.793333333333,0.18,0.0628,2890.3427781570567,252.2431025733609,729069.0298628433,23.884460465178243,174134.20420144938,-2.9834220871688855,1.2825402089195581,741973.02,169973.02000000002,-1.739145466119063,2.4481439474625777
2024-09-30,SKU0030,Beauty & Personal Care,2651.779834710744,242,2200,False,-0.8676,-2.3767,-0.8676,-0.8676,2726.813333333333,0.18,0.0628,2746.466840652961,234.74472115614378,644718.5926736745,19.897084958908177,128280.20613015816,-2.9980491090314976,3.570696356567815,641730.7200000001,109330.72000000007,0.46559601723201727,17.332261353586674
2024-10-07,SKU0030,Beauty & Personal Care,2733.801576923077,260,2200,False,-0.8676,-2.3767,-0.8676,-0.8676,2535.623333333333,0.18,0.0628,2789.1020867632533,255.52151018683765,712675.5772750068,21.12156774608795,150528.25486396393,-1.722496081985525,2.0228428539578847,710788.41,138788.41,0.26550338306821075,8.458807809646295
2024-10-14,SKU0030,Beauty & Personal Care,2662.6684251968504,254,2200,False,-0.8676,-2.3767,-0.8676,-0.8676,2649.0166666666664,0.18,0.0628,2757.7332021307852,246.38581005202502,679466.3289143584,20.224335033564817,137417.54679990333,-2.9977125779429015,3.570282203910047,676317.78,117517.78000000001,0.4655428272724693,16.933409395500256
2024-10-21,SKU0030,Beauty & Personal Care,2834.950299145299,234,2200,False,-0.8676,-2.3767,-0.8676,-0.8676,2542.96,0.18,0.0628,2797.0344878528094,236.74960309733132,662196.8048487001,21.34526729812091,141347.67803457112,1.1750440586886013,-1.3374418346565276,663378.37,148578.37,-0.17811330678447757,-4.866584527363493
2024-10-28,SKU0030,Beauty & Personal Care,2549.7737451737453,259,2200,False,-0.8676,-2.3767,-0.8676,-0.8676,2577.46,0.18,0.0628,,,,,,,,660391.4,90591.40000000002,,
2024-11-04,SKU0030,Beauty & Personal Care,2552.6741025641027,273,2200,False,-0.8676,-2.3767,-0.8676,-0.8676,2665.8166666666666,0.18,0.0628,,,,,,,,696880.03,96280.03000000003,,
2024-11-11,SKU0030,Beauty & Personal Care,2675.0802641509435,265,2200,False,-0.8676,-2.3767,-0.8676,-0.8676,2598.66,0.18,0.0628,2770.6634844510463,257.05,712199.0486781414,20.59663642494326,146689.04867814147,-2.9999999999999916,3.5730972853796006,708896.27,125896.27000000005,0.465904366818215,16.51580199964733
2024-11-18,SKU0030,Beauty & Personal Care,2538.4204214559386,261,2200,False,-0.8676,-2.3767,-0.8676,-0.8676,2613.6066666666666,0.18,0.0628,,,,,,,,662527.73,88327.72999999997,,
2024-11-25,SKU0030,Beauty & Personal Care,2649.462964169381,307,2200,False,-0.8676,-2.3767,-0.8676,-0.8676,2580.2466666666664,0.18,0.0628,2744.0695881298143,297.7957683071845,817172.3112854974,19.827106079354863,162021.62100969147,-2.9981210725783303,3.5707849190521834,813385.13,137985.12999999995,0.46560739135930174,17.419624136087375
2024-12-02,SKU0030,Beauty & Personal Care,2895.0132217573223,239,2200,False,-0.8676,-2.3767,-0.8676,-0.8676,2624.2166666666667,0.18,0.0628,2886.3302848985245,239.62366541476075,691633.0424650151,23.77864683364378,164460.97855254146,0.2609478722848335,-0.2999273645295175,691908.16,166108.16000000003,-0.03976214632083197,-0.9916318665251445
2024-12-09,SKU0030,Beauty & Personal Care,2756.281841004184,239,2200,False,-0.8676,-2.3767,-0.8676,-0.8676,2739.1966666666667,0.18,0.0628,2854.5944609874864,231.84211995205692,661815.2314387381,22.931259411224506,151762.56754421286,-2.994928890352755,3.5668565718041556,658751.36,132951.36000000002,0.46510286350498475,14.14893954015426
2024-12-16,SKU0030,Beauty & Personal Care,2607.6979016393443,305,2200,False,-0.8676,-2.3767,-0.8676,-0.8676,2717.2000000000003,0.18,0.0628,2700.855519953795,295.85170729121836,799052.7167252415,18.544328500858253,148178.96068456114,-2.999440232387418,3.572408378128711,795347.86,124347.86000000002,0.4658158915825217,19.1648659531102
2024-12-23,SKU0030,Beauty & Personal Care,2622.9592565055764,269,2200,False,-0.8676,-2.3767,-0.8676,-0.8676,2648.076666666667,0.18,0.0628,2716.6463553960616,260.9328155355448,708862.1823278706,19.01779944120623,134809.98814967208,-2.9989533325112228,3.5718091563228915,705576.04,113776.04000000005,0.4657389340871898,18.487150853265778
2024-12-30,SKU0030,Beauty & Personal Care,2720.0301162790693,86,2200,False,-0.8676,-2.3767,-0.8676,-0.8676,2552.34,0.18,0.0628,2807.5406919122233,83.66945016352471,234905.38600401746,21.63960414402492,50832.59564426309,-2.709941670320104,3.217264952671406,233922.58999999997,44722.58999999995,0.4201372787542734,13.662012070998442
2024-07-01,SKU0031,Beauty & Personal Care,383.2353862660945,466,450,True,-1.4125,-4.7796,-4.7796,-4.7796,631.2423333333334,0.18,0.0039,,,,,,,,178587.69000000003,-31112.309999999958,,
2024-07-08,SKU0031,Beauty & Personal Care,410.480487804878,492,450,True,-1.4125,-4.7796,-4.7796,-4.7796,592.8963333333335,0.18,0.0039,,,,,,,,201956.4,-19443.60000000002,,
2024-07-15,SKU0031,Beauty & Personal Care,481.8312328767123,292,450,False,-1.4125,-4.7796,-1.4125,-1.4125,559.3243333333334,0.18,0.0039,,,,,,,,140694.72,9294.719999999994,,
2024-07-22,SKU0031,Beauty & Personal Care,409.4179506172839,405,450,False,-1.4125,-4.7796,-1.4125,-1.4125,586.6116666666667,0.18,0.0039,,,,,,,,165814.27,-16435.730000000018,,
2024-07-29,SKU0031,Beauty & Personal Care,479.02051851851854,270,450,False,-1.4125,-4.7796,-1.4125,-1.4125,558.5836666666668,0.18,0.0039,,,,,,,,129335.54000000001,7835.540000000006,,
2024-08-05,SKU0031,Beauty & Personal Care,450.0086163522012,318,450,True,-1.4125,-4.7796,-4.7796,-4.7796,597.5346666666668,0.18,0.0039,,,,,,,,143102.74,2.739999999986594,,
2024-08-12,SKU0031,Beauty & Personal Care,368.5032911392405,553,450,True,-1.4125,-4.7796,-4.7796,-4.7796,577.1150000000001,0.18,0.0039,,,,,,,,203782.32,-45067.68,,
2024-08-19,SKU0031,Beauty & Personal Care,445.0682997118156,347,450,False,-1.4125,-4.7796,-1.4125,-1.4125,579.7330000000001,0.18,0.0039,,,,,,,,154438.7,-1711.2999999999874,,
2024-08-26,SKU0031,Beauty & Personal Care,423.2451219512195,369,450,False,-1.4125,-4.7796,-1.4125,-1.4125,548.988,0.18,0.0039,,,,,,,,156177.45,-9872.55,,
2024-09-02,SKU0031,Beauty & Personal Care,439.55328621908126,283,450,False,-1.4125,-4.7796,-1.4125,-1.4125,572.3043333333334,0.18,0.0039,,,,,,,,124393.58,-2956.420000000004,,
2024-09-09,SKU0031,Beauty & Personal Care,405.3530769230769,351,450,False,-1.4125,-4.7796,-1.4125,-1.4125,543.312,0.18,0.0039,,,,,,,,142278.93,-15671.070000000003,,
2024-09-16,SKU0031,Beauty & Personal Care,425.8383734939759,332,450,True,-1.4125,-4.7796,-4.7796,-4.7796,561.11,0.18,0.0039,,,,,,,,141378.34,-8021.6600000000035,,
2024-09-23,SKU0031,Beauty & Personal Care,432.0220430107527,372,450,True,-1.4125,-4.7796,-4.7796,-4.7796,536.8843333333334,0.18,0.0039,,,,,,,,160712.2,-6687.7999999999865,,
2024-09-30,SKU0031,Beauty & Personal Care,471.1448846153846,260,450,False,-1.4125,-4.7796,-1.4125,-1.4125,560.5086666666667,0.18,0.0039,,,,,,,,122497.67,5497.670000000003,,
2024-10-07,SKU0031,Beauty & Personal Care,427.4938775510204,294,450,False,-1.4125,-4.7796,-1.4125,-1.4125,537.3023333333334,0.18,0.0039,,,,,,,,125683.2,-6616.800000000009,,
2024-10-14,SKU0031,Beauty & Personal Care,440.5929931972789,294,450,False,-1.4125,-4.7796,-1.4125,-1.4125,560.6773333333334,0.18,0.0039,,,,,,,,129534.33999999998,-2765.6600000000117,,
2024-10-21,SKU0031,Beauty & Personal Care,470.179889298893,271,450,False,-1.4125,-4.7796,-1.4125,-1.4125,547.393,0.18,0.0039,,,,,,,,127418.75,5468.75,,
2024-10-28,SKU0031,Beauty & Personal Care,412.2536858974359,312,450,False,-1.4125,-4.7796,-1.4125,-1.4125,558.4443333333334,0.18,0.0039,,,,,,,,128623.15,-11776.849999999999,,
2024-11-04,SKU0031,Beauty & Personal Care,453.7792483660131,306,450,False,-1.4125,-4.7796,-1.4125,-1.4125,575.7913333333335,0.18,0.0039,,,,,,,,138856.45,1156.450000000015,,
2024-11-11,SKU0031,Beauty & Personal Care,465.11761904761903,273,450,False,-1.4125,-4.7796,-1.4125,-1.4125,547.0630000000001,0.18,0.0039,,,,,,,,126977.11,4127.109999999995,,
2024-11-18,SKU0031,Beauty & Personal Care,448.5505387205387,297,450,False,-1.4125,-4.7796,-1.4125,-1.4125,546.1316666666667,0.18,0.0039,,,,,,,,133219.51,-430.48999999999864,,
2024-11-25,SKU0031,Beauty & Personal Care,408.4741776315789,304,450,False,-1.4125,-4.7796,-1.4125,-1.4125,579.2600000000001,0.18,0.0039,,,,,,,,124176.15,-12623.850000000006,,
2024-12-02,SKU0031,Beauty & Personal Care,405.0,407,450,False,-1.4125,-4.7796,-1.4125,-1.4125,590.1390000000001,0.18,0.0039,,,,,,,,164835.0,-18315.0,,
2024-12-09,SKU0031,Beauty & Personal Care,470.6785423728813,295,450,False,-1.4125,-4.7796,-1.4125,-1.4125,556.303,0.18,0.0039,,,,,,,,138850.16999999998,6100.169999999978,,
2024-12-16,SKU0031,Beauty & Personal Care,479.3028813559322,295,450,False,-1.4125,-4.7796,-1.4125,-1.4125,555.225,0.18,0.0039,,,,,,,,141394.35,8644.349999999995,,
2024-12-23,SKU0031,Beauty & Personal Care,432.5152733118971,311,450,False,-1.4125,-4.7796,-1.4125,-1.4125,566.544,0.18,0.0039,,,,,,,,134512.25,-5437.7500000000055,,
2024-12-30,SKU0031,Beauty & Personal Care,428.2563043478261,92,450,False,-1.4125,-4.7796,-1.4125,-1.4125,596.6363333333334,0.18,0.0039,,,,,,,,39399.58,-2000.4200000000012,,
2024-07-01,SKU0032,Sports & Fitness,3626.3182802547767,157,3000,True,-0.137,-2.1581,-2.1581,-2.1581,3923.4,0.18,0.8599,3677.862664148944,152.29000000000002,560101.7051232428,18.43088570861036,103231.7051232427,-2.9999999999999916,1.4213971281788806,569331.97,98331.96999999994,-1.6212447856664647,4.982850565530983
2024-07-08,SKU0032,Sports & Fitness,3417.072617801048,191,3000,True,-0.137,-2.1581,-2.1581,-2.1581,3983.563333333333,0.18,0.8599,,,,,,,,652660.8700000002,79660.8700000002,,
2024-07-15,SKU0032,Sports & Fitness,3452.5293442622947,122,3000,False,-0.137,-2.1581,-0.137,-0.137,3804.7533333333336,0.18,0.8599,4185.223694725785,118.82537484669359,497310.7743430553,28.319243633725073,140834.64980297457,-2.602151765005256,21.221958668682838,421208.57999999996,55208.57999999995,18.06757933161176,155.09558442360714
2024-07-22,SKU0032,Sports & Fitness,4011.5148,125,3000,False,-0.137,-2.1581,-0.137,-0.137,3902.0966666666654,0.18,0.8599,4291.802430325172,123.8487483435791,531534.3591337034,30.099298634939675,159988.11410296615,-0.9210013251367166,6.987077059398428,501439.35,126439.34999999999,6.00172466195632,26.5334835262647
2024-07-29,SKU0032,Sports & Fitness,3868.067024793388,121,3000,False,-0.137,-2.1581,-0.137,-0.137,3622.9166666666665,0.18,0.8599,3984.849901435028,120.50792473356317,480205.991996679,24.71485566069535,118682.21779598949,-0.40667377391473414,3.0191533883226374,468036.11,105036.10999999996,2.6002015093833153,12.991825188489493
2024-08-05,SKU0032,Sports & Fitness,3859.543278688525,122,3000,True,-0.137,-2.1581,-2.1581,-2.1581,3824.04,0.18,0.8599,3914.4027160126248,118.34000000000002,463230.41741293407,23.359955077490692,108210.41741293402,-2.9999999999999805,1.4213971281788806,470864.28,104864.28000000003,-1.6212447856664647,3.1909220307754005
2024-08-12,SKU0032,Sports & Fitness,3438.2681355932204,118,3000,True,-0.137,-2.1581,-2.1581,-2.1581,3879.01,0.18,0.8599,,,,,,,,405715.64,51715.640000000014,,
2024-08-19,SKU0032,Sports & Fitness,3639.9098039215687,102,3000,False,-0.137,-2.1581,-0.137,-0.137,3689.45,0.18,0.8599,4058.379164020059,100.49056270474385,407828.8058615837,26.078863537523024,106357.1177473521,-1.4798404855452474,11.496695869981144,371270.8,65270.80000000001,9.846722624451942,62.94747076388227
2024-08-26,SKU0032,Sports & Fitness,3866.185,100,3000,False,-0.137,-2.1581,-0.137,-0.137,3721.223333333333,0.18,0.8599,4093.139317596121,99.22154296337654,406127.59865594923,26.706623761785757,108462.96976581964,-0.77845703662347,5.87023946335008,386618.5,86618.5,5.04608513455751,25.21917346273561
2024-09-02,SKU0032,Sports & Fitness,3974.825507246377,69,3000,False,-0.137,-2.1581,-0.137,-0.137,3610.6733333333336,0.18,0.8599,3970.9721932474304,69.00916907316358,274033.49146864313,24.451749999623566,67005.98424915237,0.013288511831266447,-0.09694297251343631,274262.96,67262.96000000002,-0.08366734296052503,-0.3820464500040588
2024-09-09,SKU0032,Sports & Fitness,3410.5201769911505,113,3000,False,-0.137,-2.1581,-0.137,-0.137,3768.16,0.18,0.8599,4144.749312814424,110.0215112538327,456011.58316412754,27.619265398637605,125947.04940262942,-2.6358307488206223,21.52836217702807,385388.78,46388.780000000006,18.325080238227876,171.50325876780852
2024-09-16,SKU0032,Sports & Fitness,3595.5154716981133,106,3000,True,-0.137,-2.1581,-2.1581,-2.1581,3612.103333333333,0.18,0.8599,,,,,,,,381124.64,63124.64000000001,,
2024-09-23,SKU0032,Sports & Fitness,3558.1322727272727,88,3000,True,-0.137,-2.1581,-2.1581,-2.1581,3863.4233333333336,0.18,0.8599,,,,,,,,313115.64,49115.64,,
2024-09-30,SKU0032,Sports & Fitness,3510.392222222222,81,3000,False,-0.137,-2.1581,-0.137,-0.137,3587.9666666666667,0.18,0.8599,3946.274866170734,79.71151761031531,314563.5584899132,23.97893958889264,75429.00565896725,-1.5907189996107296,12.41692142516715,284341.76999999996,41341.76999999997,10.62868409727955,82.45228895368366
2024-10-07,SKU0032,Sports & Fitness,3650.937906976744,86,3000,False,-0.137,-2.1581,-0.137,-0.137,3524.883333333333,0.18,0.8599,3876.8996636088277,85.29537355397807,330681.60503880685,22.61858030116163,74795.48437687267,-0.8193330767696905,6.189142691259764,313980.66,55980.66,5.319099921252124,33.60950795662765
2024-10-14,SKU0032,Sports & Fitness,3646.145972222223,72,3000,False,-0.137,-2.1581,-0.137,-0.137,3525.8233333333333,0.18,0.8599,3878.1388395470567,71.39410639652557,276876.25693112076,22.64330587116417,62693.93774154406,-0.841518893714488,6.362687316751625,262522.51000000007,46522.51000000005,5.467625207118698,34.7604369186959
2024-10-21,SKU0032,Sports & Fitness,,0,3000,False,-0.137,-2.1581,-0.137,-0.137,3722.466666666666,0.18,0.8599,,,,,,,,,,,
2024-10-28,SKU0032,Sports & Fitness,3841.011475409836,61,3000,False,-0.137,-2.1581,-0.137,-0.137,3586.893333333333,0.18,0.8599,3944.6673353917877,60.77786781476699,239748.4698836712,23.947959487386346,57414.86643937023,-0.364151123332801,2.6986605128767938,234301.69999999998,51301.69999999998,2.3246821869714163,11.916108899647071
2024-11-04,SKU0032,Sports & Fitness,4077.3764285714287,56,3000,False,-0.137,-2.1581,-0.137,-0.137,3454.64,0.18,0.8599,3799.213093612837,56.54473423443331,214825.49467831705,21.036279722147157,45191.29197501713,0.9727397043451935,-6.8221156381200405,228333.08000000002,60333.08000000001,-5.915737361263195,-25.096991608886665
2024-11-11,SKU0032,Sports & Fitness,3906.698235294117,68,3000,False,-0.137,-2.1581,-0.137,-0.137,3640.03,0.18,0.8599,4003.1651045299386,67.77313643592967,271307.0548048602,25.059298788220545,67987.64549707118,-0.3336228883387138,2.4692685082332577,265655.4799999999,61655.47999999994,2.1274075749765364,10.270239558707917
2024-11-18,SKU0032,Sports & Fitness,3775.26649122807,57,3000,False,-0.137,-2.1581,-0.137,-0.137,3652.446666666666,0.18,0.8599,4017.119447056248,56.51716367543699,227036.1972930589,25.319621695630563,57484.70626674795,-0.8470812711631748,6.406248575832452,215190.19,44190.19,5.504901172799248,30.084768286237164
2024-11-25,SKU0032,Sports & Fitness,3534.868285714286,70,3000,False,-0.137,-2.1581,-0.137,-0.137,3715.19,0.18,0.8599,4086.3617152547413,68.62336825711151,280419.90481768793,26.585060035171608,74549.80004635343,-1.9666167755549857,15.60152698671249,247440.78,37440.780000000006,13.328087964194069,99.11390747295708
2024-12-02,SKU0032,Sports & Fitness,3999.612258064516,62,3000,False,-0.137,-2.1581,-0.137,-0.137,3682.203333333333,0.18,0.8599,4049.3059324026376,61.89520415261114,250632.61736244068,25.91322932668702,64947.004904607245,-0.16902556030460314,1.2424622971370036,247975.96,61975.95999999999,1.0713366579730987,4.7938666938071695
2024-12-09,SKU0032,Sports & Fitness,4153.25,63,3000,False,-0.137,-2.1581,-0.137,-0.137,3670.6166666666654,0.18,0.8599,4036.529149750217,63.24651597954319,255296.40537156898,25.678723261898362,65556.85743293942,0.39129520562410924,-2.8103497321322557,261654.75,72654.75,-2.430051290271251,-9.769344147575465
2024-12-16,SKU0032,Sports & Fitness,3423.3914285714286,77,3000,False,-0.137,-2.1581,-0.137,-0.137,3684.65,0.18,0.8599,4052.7188226789895,75.24021136198972,304927.4208090813,25.975619546759116,79206.78672311215,-2.2854397896237333,18.38315621331614,263601.14,32601.140000000003,15.67758045700458,142.95710739904231
2024-12-23,SKU0032,Sports & Fitness,3887.5659523809527,84,3000,False,-0.137,-2.1581,-0.137,-0.137,3727.763333333334,0.18,0.8599,4099.4620865629595,83.39145641429616,341860.1139136746,26.81966715015438,91685.74467078615,-0.7244566496474314,5.450611945302963,326555.54000000004,74555.54000000002,4.686667974971281,22.97643430761298
2024-12-30,SKU0032,Sports & Fitness,3604.71,28,3000,False,-0.137,-2.1581,-0.137,-0.137,3670.86,0.18,0.8599,4037.7310416786763,27.568202155382057,111312.98560605913,25.700846117953468,28608.37913991295,-1.5421351593498,12.012645724029847,100931.88,16931.88,10.285259331401653,68.96162233557615
2024-07-01,SKU0033,Sports & Fitness,971.00642228739,341,900,True,0.5357,-3.1783,-3.1783,-3.1783,1123.11,0.18,0.6898,,,,,,,,331113.19,24213.19,,
2024-07-08,SKU0033,Sports & Fitness,1096.144612244898,245,900,True,0.5357,-3.1783,-3.1783,-3.1783,1163.54,0.18,0.6898,1106.690853369999,237.65624373866999,263011.9911918572,18.676476157781735,49121.37182705421,-2.9974515352367392,0.9621213302779763,268555.43000000005,48055.43000000004,-2.0641693255440186,2.2181506378242233
2024-07-15,SKU0033,Sports & Fitness,1188.8571126760562,142,900,False,0.5357,-3.1783,0.5357,0.5357,1164.3433333333332,0.18,0.6898,1123.1460633132167,137.74,154702.1387607625,19.86794688617334,30736.13876076247,-2.9999999999999916,-5.527245340268627,168817.71,41017.70999999998,-8.361427980060565,-25.0661756573868
2024-07-22,SKU0033,Sports & Fitness,1134.3449268292682,205,900,False,0.5357,-3.1783,0.5357,0.5357,1154.6566666666668,0.18,0.6898,,,,,,,,232540.70999999996,48040.70999999997,,
2024-07-29,SKU0033,Sports & Fitness,1171.518787878788,165,900,False,0.5357,-3.1783,0.5357,0.5357,1087.45,0.18,0.6898,,,,,,,,193300.60000000003,44800.600000000035,,
2024-08-05,SKU0033,Sports & Fitness,1095.1905925925926,270,900,True,0.5357,-3.1783,-3.1783,-3.1783,1143.7166666666665,0.18,0.6898,1105.7286110997036,261.9061609991137,289597.13564000535,18.605705688948028,53881.59074080302,-2.9977181484764137,0.9622086400655538,295701.46,52701.45999999999,-2.0643538114403226,2.23927523222891
2024-08-12,SKU0033,Sports & Fitness,1054.7089999999998,210,900,True,0.5357,-3.1783,-3.1783,-3.1783,1106.12,0.18,0.6898,,,,,,,,221488.88999999996,32488.889999999963,,
2024-08-19,SKU0033,Sports & Fitness,1184.4510429447853,163,900,False,0.5357,-3.1783,0.5357,0.5357,1166.2166666666667,0.18,0.6898,,,,,,,,193065.52,46365.520000000004,,
2024-08-26,SKU0033,Sports & Fitness,1197.5442196531794,173,900,False,0.5357,-3.1783,0.5357,0.5357,1113.78,0.18,0.6898,,,,,,,,207175.15000000005,51475.15000000004,,
2024-09-02,SKU0033,Sports & Fitness,1102.3377040816324,196,900,False,0.5357,-3.1783,0.5357,0.5357,1093.28,0.18,0.6898,,,,,,,,216058.18999999994,39658.18999999995,,
2024-09-09,SKU0033,Sports & Fitness,1158.1224375,160,900,False,0.5357,-3.1783,0.5357,0.5357,1182.003333333333,0.18,0.6898,,,,,,,,185299.59,41299.58999999999,,
2024-09-16,SKU0033,Sports & Fitness,1124.291067961165,206,900,True,0.5357,-3.1783,-3.1783,-3.1783,1126.14,0.18,0.6898,1135.0799011047457,199.84103501983506,226835.54226698438,20.71042759861646,46978.61074913284,-2.989788825322781,0.9596121014414427,231603.96,46203.95999999999,-2.058867099256678,1.676589515558513
2024-09-23,SKU0033,Sports & Fitness,1093.0356331877729,229,900,True,0.5357,-3.1783,-3.1783,-3.1783,1099.6133333333337,0.18,0.6898,1103.5550782745918,222.1338424152835,245136.92985403404,18.44539364476942,45216.47168027887,-2.998322089395844,0.9624064181823266,250305.15999999997,44205.15999999999,-2.0647717154396394,2.2877683968995477
2024-09-30,SKU0033,Sports & Fitness,1165.3231875,160,900,False,0.5357,-3.1783,0.5357,0.5357,1130.7966666666669,0.18,0.6898,,,,,,,,186451.71,42451.709999999985,,
2024-10-07,SKU0033,Sports & Fitness,1175.3323163841808,177,900,False,0.5357,-3.1783,0.5357,0.5357,1118.31,0.18,0.6898,,,,,,,,208033.82,48733.82,,
2024-10-14,SKU0033,Sports & Fitness,1116.9962345679012,162,900,False,0.5357,-3.1783,0.5357,0.5357,1077.0433333333333,0.18,0.6898,,,,,,,,180953.38999999998,35153.38999999999,,
2024-10-21,SKU0033,Sports & Fitness,1165.184431818182,176,900,False,0.5357,-3.1783,0.5357,0.5357,1119.8833333333332,0.18,0.6898,,,,,,,,205072.46000000002,46672.460000000036,,
2024-10-28,SKU0033,Sports & Fitness,1239.4459722222225,144,900,False,0.5357,-3.1783,0.5357,0.5357,1060.79,0.18,0.6898,,,,,,,,178480.22000000003,48880.220000000045,,
2024-11-04,SKU0033,Sports & Fitness,1099.3926506024095,166,900,False,0.5357,-3.1783,0.5357,0.5357,1063.1233333333332,0.18,0.6898,,,,,,,,182499.17999999996,33099.17999999998,,
2024-11-11,SKU0033,Sports & Fitness,1141.5246590909092,176,900,False,0.5357,-3.1783,0.5357,0.5357,1101.07,0.18,0.6898,,,,,,,,200908.34000000003,42508.34000000001,,
2024-11-18,SKU0033,Sports & Fitness,1114.8221014492751,138,900,False,0.5357,-3.1783,0.5357,0.5357,1070.006666666667,0.18,0.6898,,,,,,,,153845.44999999995,29645.449999999968,,
2024-11-25,SKU0033,Sports & Fitness,1153.7710884353742,147,900,False,0.5357,-3.1783,0.5357,0.5357,1104.5533333333333,0.18,0.6898,,,,,,,,169604.35,37304.350000000006,,
2024-12-02,SKU0033,Sports & Fitness,1096.408551724138,145,900,False,0.5357,-3.1783,0.5357,0.5357,1107.76,0.18,0.6898,,,,,,,,158979.24000000002,28479.24000000002,,
2024-12-09,SKU0033,Sports & Fitness,1171.5264743589744,156,900,False,0.5357,-3.1783,0.5357,0.5357,1073.4466666666667,0.18,0.6898,,,,,,,,182758.13,42358.130000000005,,
2024-12-16,SKU0033,Sports & Fitness,1073.8170616113744,211,900,False,0.5357,-3.1783,0.5357,0.5357,1139.3,0.18,0.6898,,,,,,,,226575.4,36675.39999999999,,
2024-12-23,SKU0033,Sports & Fitness,1230.986149068323,161,900,False,0.5357,-3.1783,0.5357,0.5357,1097.8466666666666,0.18,0.6898,,,,,,,,198188.77,53288.76999999999,,
2024-12-30,SKU0033,Sports & Fitness,1059.160487804878,82,900,False,0.5357,-3.1783,0.5357,0.5357,1108.96,0.18,0.6898,,,,,,,,86851.15999999999,13051.159999999989,,
2024-07-01,SKU0034,Sports & Fitness,1509.1232936507936,504,1800,True,-0.145,-4.0004,-4.0004,-4.0004,2461.8843333333334,0.18,0.8506,,,,,,,,760598.14,-146601.86000000004,,
2024-07-08,SKU0034,Sports & Fitness,1651.1254010695188,374,1800,True,-0.145,-4.0004,-4.0004,-4.0004,2319.771666666667,0.18,0.8506,,,,,,,,617520.9,-55679.099999999955,,
2024-07-15,SKU0034,Sports & Fitness,1844.5056275303643,247,1800,False,-0.145,-4.0004,-0.145,-0.145,2320.299666666667,0.18,0.8506,2275.5899951052024,239.59123091764877,545211.4079911418,20.899634649835747,113947.192339374,-2.999501652773773,23.371268763870525,455592.89,10992.88999999999,19.670745518250254,936.5535572481314
2024-07-22,SKU0034,Sports & Fitness,1802.5246204620464,303,1800,False,-0.145,-4.0004,-0.145,-0.145,2486.3080000000004,0.18,0.8506,2223.847505102033,293.91055158548465,653612.2468665425,19.05919826470235,124573.2540126701,-2.9998179585859264,23.374043264495768,546164.9600000001,764.9600000000635,19.673046558413866,16184.936991824377
2024-07-29,SKU0034,Sports & Fitness,1824.291474654378,217,1800,False,-0.145,-4.0004,-0.145,-0.145,2388.224666666667,0.18,0.8506,2250.675618911078,210.49075485609757,473746.40996080736,20.02401479468302,94863.05121983174,-2.9996521400472043,23.372588765590805,395871.25,5271.2500000000055,19.671840266452122,1699.6310404521062
2024-08-05,SKU0034,Sports & Fitness,1575.3367826086956,345,1800,True,-0.145,-4.0004,-4.0004,-4.0004,2365.799333333334,0.18,0.8506,,,,,,,,543491.19,-77508.81000000003,,
2024-08-12,SKU0034,Sports & Fitness,1587.4666846361183,371,1800,True,-0.145,-4.0004,-4.0004,-4.0004,2329.2206666666666,0.18,0.8506,,,,,,,,588950.1399999999,-78849.8600000001,,
2024-08-19,SKU0034,Sports & Fitness,1665.1625301204815,249,1800,False,-0.145,-4.0004,-0.145,-0.145,2388.664666666667,0.18,0.8506,,,,,,,,414625.4699999999,-33574.53000000011,,
2024-08-26,SKU0034,Sports & Fitness,1871.910041841004,239,1800,False,-0.145,-4.0004,-0.145,-0.145,2344.5180000000005,0.18,0.8506,2309.366522457284,231.83166625167715,535384.2888871133,22.0565474342848,118087.28963409452,-2.9993028235660413,23.369524754835247,447386.49999999994,17186.499999999938,19.66929911544344,587.0932978447906
2024-09-02,SKU0034,Sports & Fitness,1719.682701754386,285,1800,False,-0.145,-4.0004,-0.145,-0.145,2275.922,0.18,0.8506,,,,,,,,490109.57,-22890.429999999986,,
2024-09-09,SKU0034,Sports & Fitness,1635.3498449612405,258,1800,False,-0.145,-4.0004,-0.145,-0.145,2243.574666666667,0.18,0.8506,,,,,,,,421920.26000000007,-42479.739999999954,,
2024-09-16,SKU0034,Sports & Fitness,1654.0322077922078,308,1800,True,-0.145,-4.0004,-4.0004,-4.0004,2285.8440000000005,0.18,0.8506,,,,,,,,509441.92,-44958.07999999999,,
2024-09-23,SKU0034,Sports & Fitness,1625.633862928349,321,1800,True,-0.145,-4.0004,-4.0004,-4.0004,2282.8300000000004,0.18,0.8506,,,,,,,,521828.47,-55971.530000000006,,
2024-09-30,SKU0034,Sports & Fitness,1652.65,269,1800,False,-0.145,-4.0004,-0.145,-0.145,2325.084666666667,0.18,0.8506,,,,,,,,444562.85000000003,-39637.14999999997,,
2024-10-07,SKU0034,Sports & Fitness,1749.214060150376,266,1800,False,-0.145,-4.0004,-0.145,-0.145,2361.3553333333334,0.18,0.8506,,,,,,,,465290.94000000006,-13509.059999999958,,
2024-10-14,SKU0034,Sports & Fitness,1620.0,266,1800,False,-0.145,-4.0004,-0.145,-0.145,2415.0426666666667,0.18,0.8506,,,,,,,,430920.0,-47880.0,,
2024-10-21,SKU0034,Sports & Fitness,1656.4175632911392,316,1800,False,-0.145,-4.0004,-0.145,-0.145,2320.882666666667,0.18,0.8506,,,,,,,,523427.95,-45372.05,,
2024-10-28,SKU0034,Sports & Fitness,1856.33171875,256,1800,False,-0.145,-4.0004,-0.145,-0.145,2214.355,0.18,0.8506,2290.1659057238485,248.32149726610422,568697.4266971297,21.403074096019374,121718.73161814213,-2.9994151304280403,23.370509838940844,475220.92,14420.919999999984,19.670116100345435,744.0427630008508
2024-11-04,SKU0034,Sports & Fitness,1715.449778597786,271,1800,False,-0.145,-4.0004,-0.145,-0.145,2301.368666666667,0.18,0.8506,,,,,,,,464886.89,-22913.109999999993,,
2024-11-11,SKU0034,Sports & Fitness,1727.6614885496183,262,1800,False,-0.145,-4.0004,-0.145,-0.145,2279.808666666667,0.18,0.8506,,,,,,,,452647.31,-18952.690000000006,,
2024-11-18,SKU0034,Sports & Fitness,1620.0,305,1800,False,-0.145,-4.0004,-0.145,-0.145,2382.9373333333338,0.18,0.8506,,,,,,,,494100.0,-54900.0,,
2024-11-25,SKU0034,Sports & Fitness,1620.0,334,1800,False,-0.145,-4.0004,-0.145,-0.145,2290.753666666667,0.18,0.8506,,,,,,,,541080.0,-60120.0,,
2024-12-02,SKU0034,Sports & Fitness,1705.7435223880595,335,1800,False,-0.145,-4.0004,-0.145,-0.145,2392.7163333333333,0.18,0.8506,,,,,,,,571424.08,-31575.920000000053,,
2024-12-09,SKU0034,Sports & Fitness,1624.4852243589744,312,1800,False,-0.145,-4.0004,-0.145,-0.145,2380.8363333333336,0.18,0.8506,,,,,,,,506839.39,-54760.609999999986,,
2024-12-16,SKU0034,Sports & Fitness,1652.6413694267517,314,1800,False,-0.145,-4.0004,-0.145,-0.145,2302.5090000000005,0.18,0.8506,,,,,,,,518929.39,-46270.60999999997,,
2024-12-23,SKU0034,Sports & Fitness,1630.3788599348534,307,1800,False,-0.145,-4.0004,-0.145,-0.145,2224.962666666667,0.18,0.8506,,,,,,,,500526.31,-52073.69000000001,,
2024-12-30,SKU0034,Sports & Fitness,1620.0,105,1800,False,-0.145,-4.0004,-0.145,-0.145,2346.157,0.18,0.8506,,,,,,,,170100.0,-18900.0,,
2024-07-01,SKU0035,Sports & Fitness,811.7458015267175,262,700,True,0.272,0.1354,0.1354,0.1354,875.65,0.18,0.8636,,,,,,,,212677.4,29277.399999999987,,
2024-07-08,SKU0035,Sports & Fitness,814.3401282051282,234,700,True,0.272,0.1354,0.1354,0.1354,828.2366666666667,0.18,0.8636,,,,,,,,190555.59,26755.58999999999,,
2024-07-15,SKU0035,Sports & Fitness,868.121512195122,205,700,False,0.272,0.1354,0.272,0.272,859.4466666666667,0.18,0.8636,,,,,,,,177964.91,34464.91000000002,,
2024-07-22,SKU0035,Sports & Fitness,786.8028048780487,246,700,False,0.272,0.1354,0.272,0.272,875.9333333333334,0.18,0.8636,,,,,,,,193553.49,21353.489999999987,,
2024-07-29,SKU0035,Sports & Fitness,878.2876190476189,189,700,False,0.272,0.1354,0.272,0.272,872.2766666666666,0.18,0.8636,,,,,,,,165996.36,33696.35999999998,,
2024-08-05,SKU0035,Sports & Fitness,767.8065876777251,211,700,True,0.272,0.1354,0.1354,0.1354,812.8833333333333,0.18,0.8636,,,,,,,,162007.19,14307.190000000002,,
2024-08-12,SKU0035,Sports & Fitness,798.4232644628099,242,700,True,0.272,0.1354,0.1354,0.1354,823.5966666666667,0.18,0.8636,,,,,,,,193218.43,23818.43,,
2024-08-19,SKU0035,Sports & Fitness,902.2278735632184,174,700,False,0.272,0.1354,0.272,0.272,816.5799999999999,0.18,0.8636,,,,,,,,156987.65,35187.65,,
2024-08-26,SKU0035,Sports & Fitness,780.2882843137255,204,700,False,0.272,0.1354,0.272,0.272,825.1466666666666,0.18,0.8636,,,,,,,,159178.81,16378.810000000005,,
2024-09-02,SKU0035,Sports & Fitness,857.8329940119761,167,700,False,0.272,0.1354,0.272,0.272,798.1,0.18,0.8636,,,,,,,,143258.11000000002,26358.110000000008,,
2024-09-09,SKU0035,Sports & Fitness,823.3926086956523,207,700,False,0.272,0.1354,0.272,0.272,788.3866666666667,0.18,0.8636,,,,,,,,170442.27000000002,25542.27000000002,,
2024-09-16,SKU0035,Sports & Fitness,797.9216190476191,210,700,True,0.272,0.1354,0.1354,0.1354,848.6133333333333,0.18,0.8636,,,,,,,,167563.54,20563.54,,
2024-09-23,SKU0035,Sports & Fitness,816.2831818181819,198,700,True,0.272,0.1354,0.1354,0.1354,828.06,0.18,0.8636,,,,,,,,161624.07,23024.070000000018,,
2024-09-30,SKU0035,Sports & Fitness,927.39012987013,154,700,False,0.272,0.1354,0.272,0.272,778.6433333333333,0.18,0.8636,,,,,,,,142818.08000000002,35018.080000000016,,
2024-10-07,SKU0035,Sports & Fitness,878.6362275449102,167,700,False,0.272,0.1354,0.272,0.272,774.15,0.18,0.8636,,,,,,,,146732.25,29832.25,,
2024-10-14,SKU0035,Sports & Fitness,892.7582781456954,151,700,False,0.272,0.1354,0.272,0.272,830.4233333333333,0.18,0.8636,,,,,,,,134806.5,29106.500000000004,,
2024-10-21,SKU0035,Sports & Fitness,912.364011299435,177,700,False,0.272,0.1354,0.272,0.272,822.7633333333333,0.18,0.8636,,,,,,,,161488.43,37588.42999999999,,
2024-10-28,SKU0035,Sports & Fitness,851.4222842639595,197,700,False,0.272,0.1354,0.272,0.272,824.38,0.18,0.8636,,,,,,,,167730.19,29830.190000000013,,
2024-11-04,SKU0035,Sports & Fitness,854.5110857142857,175,700,False,0.272,0.1354,0.272,0.272,796.48,0.18,0.8636,,,,,,,,149539.44,27039.440000000006,,
2024-11-11,SKU0035,Sports & Fitness,779.1845077720208,193,700,False,0.272,0.1354,0.272,0.272,822.79,0.18,0.8636,,,,,,,,150382.61000000002,15282.610000000008,,
2024-11-18,SKU0035,Sports & Fitness,855.4487765957447,188,700,False,0.272,0.1354,0.272,0.272,781.5633333333334,0.18,0.8636,,,,,,,,160824.37,29224.37,,
2024-11-25,SKU0035,Sports & Fitness,861.1072677595629,183,700,False,0.272,0.1354,0.272,0.272,783.1466666666666,0.18,0.8636,,,,,,,,157582.63,29482.63000000001,,
2024-12-02,SKU0035,Sports & Fitness,859.6184239130433,184,700,False,0.272,0.1354,0.272,0.272,798.8466666666667,0.18,0.8636,,,,,,,,158169.78999999998,29369.78999999997,,
2024-12-09,SKU0035,Sports & Fitness,844.2990277777777,144,700,False,0.272,0.1354,0.272,0.272,764.7166666666667,0.18,0.8636,,,,,,,,121579.06,20779.05999999999,,
2024-12-16,SKU0035,Sports & Fitness,867.1740641711231,187,700,False,0.272,0.1354,0.272,0.272,838.4499999999999,0.18,0.8636,,,,,,,,162161.55000000002,31261.550000000014,,
2024-12-23,SKU0035,Sports & Fitness,869.5046794871794,156,700,False,0.272,0.1354,0.272,0.272,826.9633333333333,0.18,0.8636,,,,,,,,135642.72999999998,26442.72999999998,,
2024-12-30,SKU0035,Sports & Fitness,810.9289361702129,47,700,False,0.272,0.1354,0.272,0.272,812.6566666666666,0.18,0.8636,,,,,,,,38113.66,5213.660000000004,,
2024-07-01,SKU0036,Sports & Fitness,3444.9032195121954,205,2600,True,0.8087,-2.728,-2.728,-2.728,3364.01,0.18,0.6503,3483.582470021305,198.85000000000002,692710.3741637366,25.364189813938903,175700.37416373656,-2.9999999999999916,1.1227964341647523,706205.16,173205.16000000006,-1.9108874588601776,1.4406119100242254
2024-07-08,SKU0036,Sports & Fitness,3107.3265917602994,267,2600,True,0.8087,-2.728,-2.728,-2.728,3285.2166666666667,0.18,0.6503,,,,,,,,829656.2,135456.19999999992,,
2024-07-15,SKU0036,Sports & Fitness,3544.43035971223,139,2600,False,0.8087,-2.728,0.8087,0.8087,3303.6800000000003,0.18,0.6503,,,,,,,,492675.81999999995,131275.81999999995,,
2024-07-22,SKU0036,Sports & Fitness,3290.933957446809,235,2600,False,0.8087,-2.728,0.8087,0.8087,3261.3433333333337,0.18,0.6503,,,,,,,,773369.4800000001,162369.48000000013,,
2024-07-29,SKU0036,Sports & Fitness,3573.9188505747125,174,2600,False,0.8087,-2.728,0.8087,0.8087,3040.396666666667,0.18,0.6503,,,,,,,,621861.88,169461.87999999998,,
2024-08-05,SKU0036,Sports & Fitness,3463.5254450261777,191,2600,True,0.8087,-2.728,-2.728,-2.728,3068.91,0.18,0.6503,3375.5844020775203,204.8818659617564,691596.0310090422,22.97630009192432,158903.1795084755,7.267992650134247,-2.5390615528737004,661533.36,164933.35999999996,4.544392290215304,-3.6561314772975306
2024-08-12,SKU0036,Sports & Fitness,2852.283395522388,268,2600,True,0.8087,-2.728,-2.728,-2.728,3162.333333333333,0.18,0.6503,,,,,,,,764411.9500000001,67611.95000000004,,
2024-08-19,SKU0036,Sports & Fitness,3551.963310344828,145,2600,False,0.8087,-2.728,0.8087,0.8087,3153.883333333333,0.18,0.6503,3420.6687978148416,140.65,481117.0664126575,23.99147202848441,115427.06641265747,-2.9999999999999916,-3.69639270055524,515034.6800000001,138034.68000000008,-6.585500919538589,-16.378212770401323
2024-08-26,SKU0036,Sports & Fitness,3618.548079470199,151,2600,False,0.8087,-2.728,0.8087,0.8087,3284.8433333333337,0.18,0.6503,,,,,,,,546400.76,153800.76000000004,,
2024-09-02,SKU0036,Sports & Fitness,3536.279344262295,122,2600,False,0.8087,-2.728,0.8087,0.8087,3088.103333333333,0.18,0.6503,,,,,,,,431426.08,114226.08,,
2024-09-09,SKU0036,Sports & Fitness,3104.9408163265307,147,2600,False,0.8087,-2.728,0.8087,0.8087,3069.2466666666664,0.18,0.6503,,,,,,,,456426.3,74226.30000000002,,
2024-09-16,SKU0036,Sports & Fitness,3314.4024242424243,165,2600,True,0.8087,-2.728,-2.728,-2.728,3136.7966666666666,0.18,0.6503,3351.6164164756883,160.05,536426.2074569339,22.425490362827155,120296.20745693392,-2.9999999999999916,1.1227964341647523,546876.4,117876.40000000001,-1.9108874588601887,2.052834542736215
2024-09-23,SKU0036,Sports & Fitness,3187.053720930233,215,2600,True,0.8087,-2.728,-2.728,-2.728,3189.346666666667,0.18,0.6503,3222.8378464637526,208.55,672122.8328800156,19.325758109337063,129892.83288001562,-2.9999999999999916,1.1227964341647523,685216.55,126216.55000000008,-1.9108874588601887,2.9126789474245074
2024-09-30,SKU0036,Sports & Fitness,3522.694028776978,139,2600,False,0.8087,-2.728,0.8087,0.8087,3088.44,0.18,0.6503,,,,,,,,489654.47,128254.46999999994,,
2024-10-07,SKU0036,Sports & Fitness,3381.1390298507463,134,2600,False,0.8087,-2.728,0.8087,0.8087,3156.523333333333,0.18,0.6503,,,,,,,,453072.63,104672.63,,
2024-10-14,SKU0036,Sports & Fitness,3154.246020408163,196,2600,False,0.8087,-2.728,0.8087,0.8087,3099.4133333333334,0.18,0.6503,,,,,,,,618232.22,108632.21999999996,,
2024-10-21,SKU0036,Sports & Fitness,3111.918685714286,175,2600,False,0.8087,-2.728,0.8087,0.8087,3120.4,0.18,0.6503,,,,,,,,544585.77,89585.77000000002,,
2024-10-28,SKU0036,Sports & Fitness,3516.2009375,128,2600,False,0.8087,-2.728,0.8087,0.8087,3013.8700000000003,0.18,0.6503,,,,,,,,450073.72,117273.71999999997,,
2024-11-04,SKU0036,Sports & Fitness,3235.493121019108,157,2600,False,0.8087,-2.728,0.8087,0.8087,3093.74,0.18,0.6503,,,,,,,,507972.42,99772.41999999995,,
2024-11-11,SKU0036,Sports & Fitness,3148.5104964539005,141,2600,False,0.8087,-2.728,0.8087,0.8087,3045.53,0.18,0.6503,,,,,,,,443939.98,77339.97999999997,,
2024-11-18,SKU0036,Sports & Fitness,3265.239112149533,214,2600,False,0.8087,-2.728,0.8087,0.8087,3122.316666666667,0.18,0.6503,,,,,,,,698761.17,142361.17000000004,,
2024-11-25,SKU0036,Sports & Fitness,3431.98914893617,188,2600,False,0.8087,-2.728,0.8087,0.8087,3136.013333333334,0.18,0.6503,,,,,,,,645213.96,156413.95999999993,,
2024-12-02,SKU0036,Sports & Fitness,3330.366666666667,180,2600,False,0.8087,-2.728,0.8087,0.8087,3010.286666666667,0.18,0.6503,,,,,,,,599466.0,131466.00000000003,,
2024-12-09,SKU0036,Sports & Fitness,3075.3601129943504,177,2600,False,0.8087,-2.728,0.8087,0.8087,3190.5866666666666,0.18,0.6503,,,,,,,,544338.74,84138.74000000002,,
2024-12-16,SKU0036,Sports & Fitness,3536.932,150,2600,False,0.8087,-2.728,0.8087,0.8087,3098.73,0.18,0.6503,,,,,,,,530539.7999999999,140539.79999999996,,
2024-12-23,SKU0036,Sports & Fitness,3548.4264375,160,2600,False,0.8087,-2.728,0.8087,0.8087,2937.35,0.18,0.6503,,,,,,,,567748.23,151748.22999999998,,
2024-12-30,SKU0036,Sports & Fitness,3074.363846153846,39,2600,False,0.8087,-2.728,0.8087,0.8087,3136.5466666666666,0.18,0.6503,,,,,,,,119900.19,18500.190000000002,,
2024-07-01,SKU0037,Sports & Fitness,516.3290029325514,341,550,True,-2.5449,-4.9844,-4.9844,-4.9844,738.4043333333334,0.18,0.0261,,,,,,,,176068.19,-11481.809999999985,,
2024-07-08,SKU0037,Sports & Fitness,495.2938352272727,352,550,True,-2.5449,-4.9844,-4.9844,-4.9844,692.857,0.18,0.0261,,,,,,,,174343.43,-19256.57,,
2024-07-15,SKU0037,Sports & Fitness,558.8627777777779,252,550,False,-2.5449,-4.9844,-2.5449,-2.5449,746.669,0.18,0.0261,,,,,,,,140833.42,2233.420000000022,,
2024-07-22,SKU0037,Sports & Fitness,590.6618502202642,227,550,False,-2.5449,-4.9844,-2.5449,-2.5449,681.8496666666667,0.18,0.0261,,,,,,,,134080.24,9230.23999999998,,
2024-07-29,SKU0037,Sports & Fitness,575.3084453781513,238,550,False,-2.5449,-4.9844,-2.5449,-2.5449,720.5916666666667,0.18,0.0261,,,,,,,,136923.41,6023.410000000011,,
2024-08-05,SKU0037,Sports & Fitness,538.5104979253111,241,550,True,-2.5449,-4.9844,-4.9844,-4.9844,720.6943333333334,0.18,0.0261,,,,,,,,129781.02999999998,-2768.970000000015,,
2024-08-12,SKU0037,Sports & Fitness,516.4861111111111,360,550,True,-2.5449,-4.9844,-4.9844,-4.9844,763.4073333333334,0.18,0.0261,,,,,,,,185935.0,-12065.00000000001,,
2024-08-19,SKU0037,Sports & Fitness,537.5616544117647,272,550,False,-2.5449,-4.9844,-2.5449,-2.5449,684.5483333333333,0.18,0.0261,,,,,,,,146216.77000000002,-3383.229999999996,,
2024-08-26,SKU0037,Sports & Fitness,495.1260689655172,290,550,False,-2.5449,-4.9844,-2.5449,-2.5449,694.881,0.18,0.0261,,,,,,,,143586.56,-15913.440000000006,,
2024-09-02,SKU0037,Sports & Fitness,530.572096069869,229,550,False,-2.5449,-4.9844,-2.5449,-2.5449,700.4470000000001,0.18,0.0261,,,,,,,,121501.01,-4448.990000000008,,
2024-09-09,SKU0037,Sports & Fitness,573.5058515283843,229,550,False,-2.5449,-4.9844,-2.5449,-2.5449,668.8806666666668,0.18,0.0261,,,,,,,,131332.84,5382.839999999995,,
2024-09-16,SKU0037,Sports & Fitness,534.048085106383,235,550,True,-2.5449,-4.9844,-4.9844,-4.9844,686.73,0.18,0.0261,,,,,,,,125501.30000000002,-3748.6999999999853,,
2024-09-23,SKU0037,Sports & Fitness,532.8683464566928,254,550,True,-2.5449,-4.9844,-4.9844,-4.9844,708.6713333333333,0.18,0.0261,,,,,,,,135348.56,-4351.440000000017,,
2024-09-30,SKU0037,Sports & Fitness,544.0376518218623,247,550,False,-2.5449,-4.9844,-2.5449,-2.5449,685.718,0.18,0.0261,,,,,,,,134377.3,-1472.700000000023,,
2024-10-07,SKU0037,Sports & Fitness,510.18054545454544,220,550,False,-2.5449,-4.9844,-2.5449,-2.5449,680.3683333333335,0.18,0.0261,,,,,,,,112239.72,-8760.280000000004,,
2024-10-14,SKU0037,Sports & Fitness,567.4113821138212,246,550,False,-2.5449,-4.9844,-2.5449,-2.5449,687.236,0.18,0.0261,,,,,,,,139583.2,4283.20000000002,,
2024-10-21,SKU0037,Sports & Fitness,539.9872769953051,213,550,False,-2.5449,-4.9844,-2.5449,-2.5449,683.4263333333333,0.18,0.0261,,,,,,,,115017.29,-2132.7100000000055,,
2024-10-28,SKU0037,Sports & Fitness,499.6244897959184,245,550,False,-2.5449,-4.9844,-2.5449,-2.5449,707.2193333333335,0.18,0.0261,,,,,,,,122408.00000000001,-12341.99999999999,,
2024-11-04,SKU0037,Sports & Fitness,524.443502538071,197,550,False,-2.5449,-4.9844,-2.5449,-2.5449,663.8573333333334,0.18,0.0261,,,,,,,,103315.37,-5034.63000000001,,
2024-11-11,SKU0037,Sports & Fitness,583.4110659898478,197,550,False,-2.5449,-4.9844,-2.5449,-2.5449,685.2083333333334,0.18,0.0261,,,,,,,,114931.98000000001,6581.9800000000105,,
2024-11-18,SKU0037,Sports & Fitness,501.856375,320,550,False,-2.5449,-4.9844,-2.5449,-2.5449,718.2596666666667,0.18,0.0261,,,,,,,,160594.04,-15405.959999999995,,
2024-11-25,SKU0037,Sports & Fitness,519.9957740585775,239,550,False,-2.5449,-4.9844,-2.5449,-2.5449,662.7940000000002,0.18,0.0261,,,,,,,,124278.99000000002,-7171.009999999986,,
2024-12-02,SKU0037,Sports & Fitness,559.3111374407583,211,550,False,-2.5449,-4.9844,-2.5449,-2.5449,679.4553333333333,0.18,0.0261,,,,,,,,118014.65000000001,1964.6500000000076,,
2024-12-09,SKU0037,Sports & Fitness,506.5963309352518,278,550,False,-2.5449,-4.9844,-2.5449,-2.5449,716.408,0.18,0.0261,,,,,,,,140833.78,-12066.220000000003,,
2024-12-16,SKU0037,Sports & Fitness,504.4239207048458,227,550,False,-2.5449,-4.9844,-2.5449,-2.5449,706.9040000000001,0.18,0.0261,,,,,,,,114504.23,-10345.770000000008,,
2024-12-23,SKU0037,Sports & Fitness,565.1840329218107,243,550,False,-2.5449,-4.9844,-2.5449,-2.5449,721.9263333333334,0.18,0.0261,,,,,,,,137339.72,3689.72000000001,,
2024-12-30,SKU0037,Sports & Fitness,568.5966101694914,59,550,False,-2.5449,-4.9844,-2.5449,-2.5449,712.7670000000002,0.18,0.0261,,,,,,,,33547.2,1097.199999999995,,
2024-07-01,SKU0038,Books & Stationery,543.0891148325359,418,450,True,-0.3583,-1.4699,-1.4699,-1.4699,591.32,0.18,0.7349,554.4547103022702,405.4661114828164,224812.59537959297,18.83917809000576,42352.845212325585,-2.998537922771194,2.092768048433258,227011.25,38911.24999999999,-0.96852231790584,8.84473054020518
2024-07-08,SKU0038,Books & Stationery,479.2760365853658,492,450,True,-0.3583,-1.4699,-1.4699,-1.4699,570.2066666666666,0.18,0.7349,,,,,,,,235803.80999999997,14403.809999999961,,
2024-07-15,SKU0038,Books & Stationery,543.8274794520548,365,450,False,-0.3583,-1.4699,-0.3583,-0.3583,534.7466666666667,0.18,0.7349,588.1794930865118,354.8895443204017,208738.75228007702,23.492742387431008,49038.457335896266,-2.7699878574241943,8.155530073460948,198497.03000000003,34247.03000000001,5.159635023293285,43.19039442514065
2024-07-22,SKU0038,Books & Stationery,562.3993137254902,408,450,False,-0.3583,-1.4699,-0.3583,-0.3583,570.4266666666666,0.18,0.7349,612.2364836904219,395.77472607987613,242307.72662868327,26.498989853152395,64209.09989273902,-2.996390666697024,8.861527521219115,229458.91999999998,45858.91999999999,5.59961087094949,40.01441789893663
2024-07-29,SKU0038,Books & Stationery,525.0956743002545,393,450,False,-0.3583,-1.4699,-0.3583,-0.3583,536.9833333333333,0.18,0.7349,571.6636087379868,381.21547834869983,217927.01605959563,21.2823777617353,46380.0508026807,-2.9986060181425356,8.868466589405632,206362.6,29512.60000000001,5.603930198396223,57.15338805351167
2024-08-05,SKU0038,Books & Stationery,478.6587250996016,502,450,True,-0.3583,-1.4699,-1.4699,-1.4699,550.8666666666667,0.18,0.7349,,,,,,,,240286.68000000002,14386.68000000001,,
2024-08-12,SKU0038,Books & Stationery,447.36744186046514,516,450,True,-0.3583,-1.4699,-1.4699,-1.4699,569.46,0.18,0.7349,,,,,,,,230841.6,-1358.3999999999903,,
2024-08-19,SKU0038,Books & Stationery,508.668753117207,401,450,False,-0.3583,-1.4699,-0.3583,-0.3583,546.2166666666667,0.18,0.7349,553.7970565923424,388.9712649904229,215411.14165069626,18.742796726120712,40374.07240500594,-2.9996845410416695,8.871845026568192,203976.17,23526.170000000013,5.606033121759402,71.61345176459204
2024-08-26,SKU0038,Books & Stationery,512.0719104477612,335,450,False,-0.3583,-1.4699,-0.3583,-0.3583,532.35,0.18,0.7349,557.4984615743623,324.9518243262598,181160.14214767228,19.282288469602086,34931.82120085537,-2.9994554249970773,8.87112731625519,171544.09,20794.089999999997,5.605586381712291,67.98917962197612
2024-09-02,SKU0038,Books & Stationery,536.6223076923078,364,450,False,-0.3583,-1.4699,-0.3583,-0.3583,529.9933333333333,0.18,0.7349,582.958237191225,353.3570747922613,205992.41741994448,22.807506388765773,46981.73376342689,-2.923880551576563,8.634737847217044,195330.52000000005,31530.52000000004,5.458387875046067,49.00399284067256
2024-09-09,SKU0038,Books & Stationery,522.81740625,320,450,False,-0.3583,-1.4699,-0.3583,-0.3583,547.75,0.18,0.7349,569.1856766612424,310.4039950261836,176677.50794733124,20.93968305041821,36995.71018554861,-2.9987515543176135,8.868922468329243,167301.57,23301.569999999992,5.604213963641369,58.76917386059661
2024-09-16,SKU0038,Books & Stationery,521.310806451613,434,450,True,-0.3583,-1.4699,-1.4699,-1.4699,540.9866666666667,0.18,0.7349,,,,,,,,226248.89,30948.890000000025,,
2024-09-23,SKU0038,Books & Stationery,512.1610465116279,430,450,True,-0.3583,-1.4699,-1.4699,-1.4699,552.73,0.18,0.7349,,,,,,,,220229.25,26729.249999999993,,
2024-09-30,SKU0038,Books & Stationery,495.0853442622951,305,450,False,-0.3583,-1.4699,-0.3583,-0.3583,536.77,0.18,0.7349,,,,,,,,151001.03,13751.030000000008,,
2024-10-07,SKU0038,Books & Stationery,586.3370877192983,285,450,False,-0.3583,-1.4699,-0.3583,-0.3583,545.6366666666667,0.18,0.7349,600.1619609418108,282.63013750125606,169623.85754400745,25.020239654337217,42440.295668442224,-0.8315307013136652,2.3578370722356468,167106.07000000004,38856.07000000002,1.5067002317793898,9.224364863564949
2024-10-14,SKU0038,Books & Stationery,557.9281034482758,290,450,False,-0.3583,-1.4699,-0.3583,-0.3583,531.0433333333334,0.18,0.7349,584.1241221746118,285.27137037329277,166633.8888008482,22.961579069066104,38261.77213286645,-1.6305619402438687,4.695231977817826,161799.15,31299.149999999983,2.988111371937485,22.245403254933336
2024-10-21,SKU0038,Books & Stationery,512.5095689655172,348,450,False,-0.3583,-1.4699,-0.3583,-0.3583,522.0366666666667,0.18,0.7349,557.9744758342678,337.56199689185496,188350.9782773015,19.351149651214307,36448.079675966765,-2.999426180501452,8.871035707785868,178353.33000000002,21753.33,5.605529359783468,67.55172507366349
2024-10-28,SKU0038,Books & Stationery,557.4365982404693,341,450,False,-0.3583,-1.4699,-0.3583,-0.3583,539.9533333333334,0.18,0.7349,593.9240587292534,333.3407675349712,197979.10159429463,24.232737605745434,47975.75620355759,-2.246109227281179,6.54558035908579,190085.88000000003,36635.88000000002,4.152450247380068,30.952924301415898
2024-11-04,SKU0038,Books & Stationery,539.4240634005763,347,450,False,-0.3583,-1.4699,-0.3583,-0.3583,562.9266666666666,0.18,0.7349,587.247716567528,336.5979154916251,197666.35727384657,23.371349550704597,46197.29530261529,-2.9977188784942155,8.865687760658503,187180.14999999997,31030.149999999976,5.602200486454678,48.87873665649482
2024-11-11,SKU0038,Books & Stationery,592.4025409836065,244,450,False,-0.3583,-1.4699,-0.3583,-0.3583,539.3266666666667,0.18,0.7349,593.166131997148,243.88740980661132,144665.75151779092,24.135924874051366,34916.417104815846,-0.04614352188060389,0.1288973224648382,144546.22,34746.21999999999,0.08269432282002054,0.4898291233286889
2024-11-18,SKU0038,Books & Stationery,535.121635883905,379,450,False,-0.3583,-1.4699,-0.3583,-0.3583,516.9266666666666,0.18,0.7349,568.5859282774611,370.85172142931475,210861.07028218135,20.856289679331113,43977.79563898971,-2.149941575378689,6.253586128746291,202811.1,32261.100000000002,3.9691961052335634,36.31833892517522
2024-11-25,SKU0038,Books & Stationery,544.8851418439716,282,450,False,-0.3583,-1.4699,-0.3583,-0.3583,537.0966666666667,0.18,0.7349,590.7846172212185,273.9454570533973,161842.76198478308,23.830108827715442,38567.306310754284,-2.856220903050599,8.423697372608885,153657.61,26757.609999999993,5.3268770643921215,44.135841395230344
2024-12-02,SKU0038,Books & Stationery,560.6486713286713,286,450,False,-0.3583,-1.4699,-0.3583,-0.3583,555.0366666666667,0.18,0.7349,610.3940928756962,277.42,169335.52924557563,26.27713713939228,44496.529245575635,-2.9999999999999916,8.872833218196007,160345.52,31645.51999999999,5.606648221650112,40.6092528913276
2024-12-09,SKU0038,Books & Stationery,541.1710461538462,325,450,False,-0.3583,-1.4699,-0.3583,-0.3583,555.51,0.18,0.7349,589.1478022933331,315.25775474268596,185733.41336258405,23.618487882273776,43867.423728375376,-2.9976139253273915,8.865359017349927,175880.59000000003,29630.59000000001,5.60199585558816,48.04775648535975
2024-12-16,SKU0038,Books & Stationery,560.8144668587896,347,450,False,-0.3583,-1.4699,-0.3583,-0.3583,566.8533333333334,0.18,0.7349,610.512743199356,336.6022185809195,205499.9438328264,26.291464836294566,54028.94547141263,-2.996478795124069,8.861803551348157,194602.62,38452.619999999995,5.59978269194239,40.50783918342271
2024-12-23,SKU0038,Books & Stationery,572.9469845360825,388,450,False,-0.3583,-1.4699,-0.3583,-0.3583,549.6733333333333,0.18,0.7349,604.6386725503677,380.5871669732233,230117.71942839486,25.575385692433684,58853.49429044439,-1.9105239759733772,5.531347379364626,222303.43,47703.43,3.5151456855140983,23.373716083821193
2024-12-30,SKU0038,Books & Stationery,552.336,105,450,False,-0.3583,-1.4699,-0.3583,-0.3583,547.81,0.18,0.7349,601.2912361037957,101.85319321705805,61243.43245060357,25.16105790666797,15409.495502927448,-2.9969588408971015,8.863307136198916,57995.28,10745.28,5.600718628487655,43.407109939689306
2024-07-01,SKU0039,Books & Stationery,367.4806962025317,474,300,True,-3.0783,-0.0801,-0.0801,-0.0801,386.41333333333336,0.18,0.0359,424.9603626484714,468.5143731833427,199100.03793401457,29.405180725487806,58545.72597901177,-1.157305235581707,15.641547172388236,174185.85000000003,31985.850000000028,14.303221492454487,83.03633006161073
2024-07-08,SKU0039,Books & Stationery,352.5572209567198,439,300,True,-3.0783,-0.0801,-0.0801,-0.0801,366.9,0.18,0.0359,403.49658482890607,434.28001013662066,175230.50094958916,25.649928331559867,44946.49790860295,-1.0751685337993977,14.448537951925712,154772.62,23072.619999999988,13.218023284473169,94.80448214638378
2024-07-15,SKU0039,Books & Stationery,369.9766386554622,357,300,False,-3.0783,-0.0801,-3.0783,-3.0783,375.68,0.18,0.0359,373.65566046771676,346.2900000000001,129393.21866336567,19.712175743710027,25506.218663365642,-2.9999999999999805,0.9943930042784821,132081.66,24981.66,-2.0354387858498524,2.0997750484381017
2024-07-22,SKU0039,Books & Stationery,347.47669250646,387,300,False,-3.0783,-0.0801,-3.0783,-3.0783,382.24,0.18,0.0359,,,,,,,,134473.48,18373.480000000014,,
2024-07-29,SKU0039,Books & Stationery,334.79,406,300,False,-3.0783,-0.0801,-3.0783,-3.0783,372.11,0.18,0.0359,,,,,,,,135924.74000000002,14124.740000000009,,
2024-08-05,SKU0039,Books & Stationery,373.5167718446602,412,300,True,-3.0783,-0.0801,-0.0801,-0.0801,367.9866666666667,0.18,0.0359,404.6954401860038,409.36270896489305,165667.22170028236,25.870180335583786,42858.40901081444,-0.640119183278387,8.347327534280137,153888.91,30288.909999999996,7.653775506163729,41.498683877414024
2024-08-12,SKU0039,Books & Stationery,331.8613646055437,469,300,True,-3.0783,-0.0801,-0.0801,-0.0801,365.75,0.18,0.0359,402.2334208933226,461.8306732616832,185763.73157951317,25.4164411963262,47214.52960100821,-1.5286410955899332,21.205257313223047,155642.98,14942.980000000001,19.35246393991761,215.96461750606775
2024-08-19,SKU0039,Books & Stationery,348.0361616161616,297,300,False,-3.0783,-0.0801,-3.0783,-3.0783,346.45666666666665,0.18,0.0359,,,,,,,,103366.74,14266.740000000002,,
2024-08-26,SKU0039,Books & Stationery,347.4944761904762,315,300,False,-3.0783,-0.0801,-3.0783,-3.0783,352.1933333333333,0.18,0.0359,,,,,,,,109460.76,14960.759999999997,,
2024-09-02,SKU0039,Books & Stationery,379.0156953642384,302,300,False,-3.0783,-0.0801,-3.0783,-3.0783,366.31666666666666,0.18,0.0359,382.7846009240578,292.94000000000005,112132.92099469352,21.626941293931985,24250.920994693504,-2.9999999999999805,0.9943930042784821,114462.74,23862.74,-2.0354387858498635,1.6267243187224167
2024-09-09,SKU0039,Books & Stationery,387.8942415730337,356,300,False,-3.0783,-0.0801,-3.0783,-3.0783,355.56666666666666,0.18,0.0359,391.10334227677026,347.084516737327,135745.9145484862,23.293930894689105,31620.5595272881,-2.50434923108791,0.8273133137328026,138090.35,31290.349999999995,-1.6977547319662833,1.055307873795286
2024-09-16,SKU0039,Books & Stationery,343.7612596401028,389,300,True,-3.0783,-0.0801,-0.0801,-0.0801,348.2366666666667,0.18,0.0359,382.9903253930861,385.64742733878415,147699.23368348746,21.66903963119907,32005.005481852222,-0.8618438717778565,11.411718060974563,133723.13,17023.129999999997,10.451522996423623,88.00893538293033
2024-09-23,SKU0039,Books & Stationery,321.1102102803738,428,300,True,-3.0783,-0.0801,-0.0801,-0.0801,350.56,0.18,0.0359,385.60019124560154,421.7714421742568,162635.1487643266,22.19920871125293,36103.71611204955,-1.4552705200334581,20.083441416864023,137435.16999999998,9035.169999999984,18.33590249448276,299.5908888493478
2024-09-30,SKU0039,Books & Stationery,390.74137123745817,299,300,False,-3.0783,-0.0801,-3.0783,-3.0783,358.67333333333335,0.18,0.0359,394.5404700391227,290.22557139602327,114505.73335595998,23.962173013518242,27438.061937152997,-2.9345915063467287,0.9722796410405632,116831.67,27131.66999999999,-1.9908443010700938,1.1292778408148463
2024-10-07,SKU0039,Books & Stationery,334.3294472361809,398,300,False,-3.0783,-0.0801,-3.0783,-3.0783,351.99,0.18,0.0359,,,,,,,,133063.12,13663.119999999997,,
2024-10-14,SKU0039,Books & Stationery,375.6213358778626,262,300,False,-3.0783,-0.0801,-3.0783,-3.0783,360.77333333333337,0.18,0.0359,379.3564881644094,254.14000000000004,96409.65790210303,20.9187111965295,20167.657902103016,-2.9999999999999805,0.9943930042784821,98412.79,19812.789999999994,-2.0354387858498524,1.7911051502742525
2024-10-21,SKU0039,Books & Stationery,339.43801186943614,337,300,False,-3.0783,-0.0801,-3.0783,-3.0783,345.4066666666667,0.18,0.0359,,,,,,,,114390.60999999997,13290.609999999979,,
2024-10-28,SKU0039,Books & Stationery,352.5305099150142,353,300,False,-3.0783,-0.0801,-3.0783,-3.0783,357.2333333333333,0.18,0.0359,,,,,,,,124443.27,18543.27000000001,,
2024-11-04,SKU0039,Books & Stationery,371.9977027027027,296,300,False,-3.0783,-0.0801,-3.0783,-3.0783,365.48,0.18,0.0359,375.6968218344551,287.12000000000006,107870.07148510877,20.148379606950652,21734.071485108747,-2.9999999999999805,0.9943930042784821,110111.32,21311.320000000007,-2.0354387858498413,1.9836945112209792
2024-11-11,SKU0039,Books & Stationery,367.5500996677741,301,300,False,-3.0783,-0.0801,-3.0783,-3.0783,357.07666666666665,0.18,0.0359,371.204992146089,291.9700000000001,108380.72155689364,19.182121375691533,20789.721556893615,-2.9999999999999694,0.9943930042784821,110632.58,20332.579999999998,-2.0354387858498524,2.2483204634808684
2024-11-18,SKU0039,Books & Stationery,359.3893902439024,328,300,False,-3.0783,-0.0801,-3.0783,-3.0783,367.11,0.18,0.0359,,,,,,,,117879.72,19479.719999999994,,
2024-11-25,SKU0039,Books & Stationery,373.73878881987577,322,300,False,-3.0783,-0.0801,-3.0783,-3.0783,329.00666666666666,0.18,0.0359,,,,,,,,120343.89,23743.889999999996,,
2024-12-02,SKU0039,Books & Stationery,351.6001986754967,302,300,False,-3.0783,-0.0801,-3.0783,-3.0783,356.67333333333335,0.18,0.0359,,,,,,,,106183.26000000001,15583.260000000004,,
2024-12-09,SKU0039,Books & Stationery,344.5265428571429,350,300,False,-3.0783,-0.0801,-3.0783,-3.0783,362.40333333333336,0.18,0.0359,,,,,,,,120584.29000000001,15584.29000000001,,
2024-12-16,SKU0039,Books & Stationery,348.9970382165605,314,300,False,-3.0783,-0.0801,-3.0783,-3.0783,369.43,0.18,0.0359,,,,,,,,109585.06999999999,15385.069999999996,,
2024-12-23,SKU0039,Books & Stationery,331.02275609756094,410,300,False,-3.0783,-0.0801,-3.0783,-3.0783,378.1033333333333,0.18,0.0359,,,,,,,,135719.33,12719.329999999987,,
2024-12-30,SKU0039,Books & Stationery,386.4136,100,300,False,-3.0783,-0.0801,-3.0783,-3.0783,353.32,0.18,0.0359,388.6438984908854,98.24397839474082,38181.922766586395,22.808514126966106,8708.729248164145,-1.7560216052591837,0.5771790876111682,38641.36,8641.359999999997,-1.1889779071275086,0.7796139515556355
2024-07-01,SKU0040,Books & Stationery,426.7426905829596,669,500,True,-3.5786,-3.7724,-3.7724,-3.7724,690.58,0.18,0.2378,,,,,,,,285490.86,-49009.14000000003,,
2024-07-08,SKU0040,Books & Stationery,414.553686440678,708,500,True,-3.5786,-3.7724,-3.7724,-3.7724,674.6483333333334,0.18,0.2378,,,,,,,,293504.01,-60495.98999999997,,
2024-07-15,SKU0040,Books & Stationery,498.0148534798535,546,500,False,-3.5786,-3.7724,-3.5786,-3.5786,718.0176666666667,0.18,0.2378,,,,,,,,271916.11000000004,-1083.8899999999815,,
2024-07-22,SKU0040,Books & Stationery,450.0,425,500,False,-3.5786,-3.7724,-3.5786,-3.5786,703.0723333333334,0.18,0.2378,,,,,,,,191250.0,-21250.0,,
2024-07-29,SKU0040,Books & Stationery,453.4014465408805,477,500,False,-3.5786,-3.7724,-3.5786,-3.5786,678.5276666666667,0.18,0.2378,,,,,,,,216272.49,-22227.510000000002,,
2024-08-05,SKU0040,Books & Stationery,458.4603982300885,452,500,True,-3.5786,-3.7724,-3.7724,-3.7724,645.8906666666667,0.18,0.2378,,,,,,,,207224.1,-18775.89999999999,,
2024-08-12,SKU0040,Books & Stationery,417.3617879417879,481,500,True,-3.5786,-3.7724,-3.7724,-3.7724,675.378,0.18,0.2378,,,,,,,,200751.02,-39748.980000000025,,
2024-08-19,SKU0040,Books & Stationery,450.0,454,500,False,-3.5786,-3.7724,-3.5786,-3.5786,677.1233333333333,0.18,0.2378,,,,,,,,204300.0,-22700.0,,
2024-08-26,SKU0040,Books & Stationery,491.8897107438016,484,500,False,-3.5786,-3.7724,-3.5786,-3.5786,643.214,0.18,0.2378,,,,,,,,238074.61999999997,-3925.380000000039,,
2024-09-02,SKU0040,Books & Stationery,481.4218244803695,433,500,False,-3.5786,-3.7724,-3.5786,-3.5786,685.993,0.18,0.2378,,,,,,,,208455.65,-8044.350000000015,,
2024-09-09,SKU0040,Books & Stationery,450.0,436,500,False,-3.5786,-3.7724,-3.5786,-3.5786,677.1709999999999,0.18,0.2378,,,,,,,,196200.0,-21800.0,,
2024-09-16,SKU0040,Books & Stationery,434.3276968503937,508,500,True,-3.5786,-3.7724,-3.7724,-3.7724,652.9123333333334,0.18,0.2378,,,,,,,,220638.47,-33361.530000000006,,
2024-09-23,SKU0040,Books & Stationery,420.28233695652176,552,500,True,-3.5786,-3.7724,-3.7724,-3.7724,677.1526666666667,0.18,0.2378,,,,,,,,231995.85,-44004.14999999999,,
2024-09-30,SKU0040,Books & Stationery,491.404854368932,412,500,False,-3.5786,-3.7724,-3.5786,-3.5786,655.8273333333333,0.18,0.2378,,,,,,,,202458.8,-3541.200000000025,,
2024-10-07,SKU0040,Books & Stationery,450.0,432,500,False,-3.5786,-3.7724,-3.5786,-3.5786,673.8196666666668,0.18,0.2378,,,,,,,,194400.0,-21600.0,,
2024-10-14,SKU0040,Books & Stationery,450.0,434,500,False,-3.5786,-3.7724,-3.5786,-3.5786,662.7573333333333,0.18,0.2378,,,,,,,,195300.0,-21700.0,,
2024-10-21,SKU0040,Books & Stationery,450.0,320,500,False,-3.5786,-3.7724,-3.5786,-3.5786,671.4546666666666,0.18,0.2378,,,,,,,,144000.0,-16000.0,,
2024-10-28,SKU0040,Books & Stationery,450.0,453,500,False,-3.5786,-3.7724,-3.5786,-3.5786,629.1083333333335,0.18,0.2378,,,,,,,,203850.0,-22650.0,,
2024-11-04,SKU0040,Books & Stationery,458.2248214285714,448,500,False,-3.5786,-3.7724,-3.5786,-3.5786,678.8503333333334,0.18,0.2378,,,,,,,,205284.71999999997,-18715.280000000024,,
2024-11-11,SKU0040,Books & Stationery,450.0,453,500,False,-3.5786,-3.7724,-3.5786,-3.5786,668.811,0.18,0.2378,,,,,,,,203850.0,-22650.0,,
2024-11-18,SKU0040,Books & Stationery,478.0463756613756,378,500,False,-3.5786,-3.7724,-3.5786,-3.5786,656.3113333333333,0.18,0.2378,,,,,,,,180701.52999999997,-8298.470000000032,,
2024-11-25,SKU0040,Books & Stationery,450.75625,496,500,False,-3.5786,-3.7724,-3.5786,-3.5786,658.0200000000001,0.18,0.2378,,,,,,,,223575.1,-24424.899999999987,,
2024-12-02,SKU0040,Books & Stationery,470.32274944567627,451,500,False,-3.5786,-3.7724,-3.5786,-3.5786,679.2756666666668,0.18,0.2378,,,,,,,,212115.56,-13384.440000000004,,
2024-12-09,SKU0040,Books & Stationery,450.0,486,500,False,-3.5786,-3.7724,-3.5786,-3.5786,671.8836666666667,0.18,0.2378,,,,,,,,218700.0,-24300.0,,
2024-12-16,SKU0040,Books & Stationery,450.0,490,500,False,-3.5786,-3.7724,-3.5786,-3.5786,670.5673333333333,0.18,0.2378,,,,,,,,220500.0,-24500.0,,
2024-12-23,SKU0040,Books & Stationery,450.0,523,500,False,-3.5786,-3.7724,-3.5786,-3.5786,681.0980000000001,0.18,0.2378,,,,,,,,235350.0,-26150.0,,
2024-12-30,SKU0040,Books & Stationery,494.775,120,500,False,-3.5786,-3.7724,-3.5786,-3.5786,652.8353333333334,0.18,0.2378,,,,,,,,59373.0,-627.0000000000027,,
2024-07-01,SKU0041,Books & Stationery,277.41585585585585,444,250,True,1.0867,-0.9683,-0.9683,-0.9683,319.26666666666665,0.18,0.4447,,,,,,,,123172.64,12172.64,,
2024-07-08,SKU0041,Books & Stationery,282.6407984031936,501,250,True,1.0867,-0.9683,-0.9683,-0.9683,305.2033333333333,0.18,0.4447,,,,,,,,141603.04,16353.040000000008,,
2024-07-15,SKU0041,Books & Stationery,320.07037735849053,424,250,False,1.0867,-0.9683,1.0867,1.0867,296.6366666666667,0.18,0.4447,,,,,,,,135709.84,29709.839999999986,,
2024-07-22,SKU0041,Books & Stationery,306.2037275064268,389,250,False,1.0867,-0.9683,1.0867,1.0867,309.6666666666667,0.18,0.4447,,,,,,,,119113.25000000001,21863.250000000022,,
2024-07-29,SKU0041,Books & Stationery,319.7317150395778,379,250,False,1.0867,-0.9683,1.0867,1.0867,293.6466666666667,0.18,0.4447,,,,,,,,121178.31999999999,26428.31999999999,,
2024-08-05,SKU0041,Books & Stationery,255.82113425925928,432,250,True,1.0867,-0.9683,-0.9683,-0.9683,293.92333333333335,0.18,0.4447,,,,,,,,110514.73000000001,2514.7300000000096,,
2024-08-12,SKU0041,Books & Stationery,280.85224669603525,454,250,True,1.0867,-0.9683,-0.9683,-0.9683,305.63000000000005,0.18,0.4447,,,,,,,,127506.92,14006.920000000004,,
2024-08-19,SKU0041,Books & Stationery,277.4937755102041,392,250,False,1.0867,-0.9683,1.0867,1.0867,304.31,0.18,0.4447,,,,,,,,108777.56000000001,10777.560000000009,,
2024-08-26,SKU0041,Books & Stationery,305.1664873417721,316,250,False,1.0867,-0.9683,1.0867,1.0867,286.06333333333333,0.18,0.4447,,,,,,,,96432.60999999999,17432.609999999982,,
2024-09-02,SKU0041,Books & Stationery,273.6058894230769,416,250,False,1.0867,-0.9683,1.0867,1.0867,283.07,0.18,0.4447,,,,,,,,113820.05,9820.049999999997,,
2024-09-09,SKU0041,Books & Stationery,272.8059400544959,367,250,False,1.0867,-0.9683,1.0867,1.0867,289.13,0.18,0.4447,,,,,,,,100119.78,8369.780000000002,,
2024-09-16,SKU0041,Books & Stationery,276.5724716553288,441,250,True,1.0867,-0.9683,-0.9683,-0.9683,288.38666666666666,0.18,0.4447,,,,,,,,121968.46,11718.46,,
2024-09-23,SKU0041,Books & Stationery,287.5108333333333,336,250,True,1.0867,-0.9683,-0.9683,-0.9683,294.46,0.18,0.4447,,,,,,,,96603.64,12603.639999999996,,
2024-09-30,SKU0041,Books & Stationery,275.79023333333333,300,250,False,1.0867,-0.9683,1.0867,1.0867,299.05,0.18,0.4447,,,,,,,,82737.07,7737.07,,
2024-10-07,SKU0041,Books & Stationery,297.9924776119404,335,250,False,1.0867,-0.9683,1.0867,1.0867,292.6133333333333,0.18,0.4447,,,,,,,,99827.48000000003,16077.48000000003,,
2024-10-14,SKU0041,Books & Stationery,297.38464088397785,362,250,False,1.0867,-0.9683,1.0867,1.0867,289.92,0.18,0.4447,,,,,,,,107653.23999999998,17153.239999999983,,
2024-10-21,SKU0041,Books & Stationery,322.0510606060606,330,250,False,1.0867,-0.9683,1.0867,1.0867,291.0233333333333,0.18,0.4447,,,,,,,,106276.85,23776.850000000002,,
2024-10-28,SKU0041,Books & Stationery,289.40734870317004,347,250,False,1.0867,-0.9683,1.0867,1.0867,293.6033333333333,0.18,0.4447,,,,,,,,100424.35,13674.350000000006,,
2024-11-04,SKU0041,Books & Stationery,314.84867346938773,294,250,False,1.0867,-0.9683,1.0867,1.0867,294.7366666666667,0.18,0.4447,,,,,,,,92565.51,19065.509999999995,,
2024-11-11,SKU0041,Books & Stationery,305.7382911392405,316,250,False,1.0867,-0.9683,1.0867,1.0867,286.35,0.18,0.4447,,,,,,,,96613.3,17613.300000000003,,
2024-11-18,SKU0041,Books & Stationery,290.9661370716511,321,250,False,1.0867,-0.9683,1.0867,1.0867,291.4166666666667,0.18,0.4447,,,,,,,,93400.12999999999,13150.129999999996,,
2024-11-25,SKU0041,Books & Stationery,294.97459701492534,335,250,False,1.0867,-0.9683,1.0867,1.0867,304.86333333333334,0.18,0.4447,,,,,,,,98816.48999999999,15066.489999999987,,
2024-12-02,SKU0041,Books & Stationery,265.82310256410256,390,250,False,1.0867,-0.9683,1.0867,1.0867,279.46666666666664,0.18,0.4447,,,,,,,,103671.01,6171.009999999997,,
2024-12-09,SKU0041,Books & Stationery,319.97404530744336,309,250,False,1.0867,-0.9683,1.0867,1.0867,271.6166666666667,0.18,0.4447,,,,,,,,98871.98,21621.98,,
2024-12-16,SKU0041,Books & Stationery,314.1482065217391,368,250,False,1.0867,-0.9683,1.0867,1.0867,293.3966666666667,0.18,0.4447,,,,,,,,115606.54,23606.539999999986,,
2024-12-23,SKU0041,Books & Stationery,308.6957046979866,298,250,False,1.0867,-0.9683,1.0867,1.0867,280.4166666666667,0.18,0.4447,,,,,,,,91991.32000000002,17491.320000000014,,
2024-12-30,SKU0041,Books & Stationery,279.6861728395061,81,250,False,1.0867,-0.9683,1.0867,1.0867,295.68,0.18,0.4447,,,,,,,,22654.579999999998,2404.5799999999963,,
2024-07-01,SKU0042,Books & Stationery,903.2484659090908,528,800,True,-0.4585,-1.7398,-1.7398,-1.7398,979.98,0.18,0.4364,,,,,,,,476915.18999999994,54515.18999999993,,
2024-07-08,SKU0042,Books & Stationery,985.8056234718828,409,800,True,-0.4585,-1.7398,-1.7398,-1.7398,953.42,0.18,0.4364,1003.1887509789545,396.74901358599374,398014.1473914653,20.254289213338396,80614.93652267034,-2.9953512014685213,1.7633422951931044,403194.50000000006,75994.50000000006,-1.2848272009004957,6.0799617375866255
2024-07-15,SKU0042,Books & Stationery,916.746961722488,418,800,False,-0.4585,-1.7398,-0.4585,-0.4585,943.9333333333334,0.18,0.4364,979.7129217333555,405.46078014716386,397235.1655662636,18.343426706611027,72866.54144853253,-2.999813361922521,6.868412183505912,383200.23,48800.229999999974,3.6625592751506453,49.31597955282705
2024-07-22,SKU0042,Books & Stationery,904.0693121693122,378,800,False,-0.4585,-1.7398,-0.4585,-0.4585,941.7566666666668,0.18,0.4364,,,,,,,,341738.2,39338.200000000004,,
2024-07-29,SKU0042,Books & Stationery,951.730783783784,370,800,False,-0.4585,-1.7398,-0.4585,-0.4585,961.9466666666668,0.18,0.4364,1017.0623095490586,358.9067201842835,365030.49774330505,21.34208568256736,77905.12159587829,-2.998183733977444,6.864496439375101,352140.3900000001,56140.39000000007,3.660502489732842,38.76840113842847
2024-08-05,SKU0042,Books & Stationery,820.3490520446097,538,800,True,-0.4585,-1.7398,-1.7398,-1.7398,931.0666666666666,0.18,0.4364,,,,,,,,441347.79000000004,10947.79000000003,,
2024-08-12,SKU0042,Books & Stationery,935.2544208037824,423,800,True,-0.4585,-1.7398,-1.7398,-1.7398,925.6533333333332,0.18,0.4364,,,,,,,,395612.61999999994,57212.61999999996,,
2024-08-19,SKU0042,Books & Stationery,1032.4290202702705,296,800,False,-0.4585,-1.7398,-0.4585,-0.4585,920.1766666666666,0.18,0.4364,1012.1786422283926,298.70067383928216,302338.44247935055,20.962568599675674,63377.903407924845,0.9123898105682926,-1.961430533653219,305598.99000000005,68798.99000000006,-1.0669366154153481,-7.879602000080544
2024-08-26,SKU0042,Books & Stationery,1052.027928802589,309,800,False,-0.4585,-1.7398,-0.4585,-0.4585,938.3833333333332,0.18,0.4364,1032.1649032327127,311.7123618245828,321738.55977911083,22.493004994219284,72368.6703194446,0.8777869982468545,-1.888070176281753,325076.63,77876.63,-1.0268564125600732,-7.072673381674843
2024-09-02,SKU0042,Books & Stationery,910.9630630630631,333,800,False,-0.4585,-1.7398,-0.4585,-0.4585,911.4166666666666,0.18,0.4364,,,,,,,,303350.7,36950.700000000026,,
2024-09-09,SKU0042,Books & Stationery,904.0361478599224,257,800,False,-0.4585,-1.7398,-0.4585,-0.4585,906.1833333333334,0.18,0.4364,,,,,,,,232337.29000000004,26737.29000000005,,
2024-09-16,SKU0042,Books & Stationery,880.2523287671233,438,800,True,-0.4585,-1.7398,-1.7398,-1.7398,898.86,0.18,0.4364,,,,,,,,385550.52,35150.520000000026,,
2024-09-23,SKU0042,Books & Stationery,964.1040105540897,379,800,True,-0.4585,-1.7398,-1.7398,-1.7398,898.9366666666666,0.18,0.4364,981.1259630006857,367.6336032667448,360694.87303649704,18.461030472247234,66587.99042310119,-2.9990492699881854,1.7655722059296552,365395.42,62195.41999999998,-1.2864274444115753,7.062530364938802
2024-09-30,SKU0042,Books & Stationery,1042.2947289156623,332,800,False,-0.4585,-1.7398,-0.4585,-0.4585,953.8866666666668,0.18,0.4364,1049.2476865844494,330.98946783436674,347289.93340902735,23.75489503301264,82498.35914153393,-0.30437715832327683,0.667081726108365,346041.84999999986,80441.84999999987,0.3606741233834754,2.556516466906289
2024-10-07,SKU0042,Books & Stationery,895.4129234972678,366,800,False,-0.4585,-1.7398,-0.4585,-0.4585,916.64,0.18,0.4364,,,,,,,,327721.13,34921.13000000001,,
2024-10-14,SKU0042,Books & Stationery,907.3682890855456,339,800,False,-0.4585,-1.7398,-0.4585,-0.4585,905.0166666666668,0.18,0.4364,,,,,,,,307597.85,36397.849999999955,,
2024-10-21,SKU0042,Books & Stationery,886.8981034482758,348,800,False,-0.4585,-1.7398,-0.4585,-0.4585,895.3166666666666,0.18,0.4364,,,,,,,,308640.54,30240.53999999999,,
2024-10-28,SKU0042,Books & Stationery,978.1308045977012,348,800,False,-0.4585,-1.7398,-0.4585,-0.4585,899.3000000000001,0.18,0.4364,989.2163233188841,346.20647821431965,342473.09948834864,19.127901436568614,65507.9169168929,-0.5153798234713625,1.1333370413318278,340389.52,61989.520000000004,0.6121162274175251,5.675793129052931
2024-11-04,SKU0042,Books & Stationery,876.113724137931,435,800,False,-0.4585,-1.7398,-0.4585,-0.4585,951.5833333333334,0.18,0.4364,,,,,,,,381109.47,33109.46999999996,,
2024-11-11,SKU0042,Books & Stationery,932.771588235294,340,800,False,-0.4585,-1.7398,-0.4585,-0.4585,897.6533333333333,0.18,0.4364,987.4056520994245,331.2414367013604,327069.666808457,18.979600906776472,62076.51744736869,-2.576048029011646,5.85717495614253,317142.33999999997,45142.339999999946,3.1302432871173957,37.51284813186195
2024-11-18,SKU0042,Books & Stationery,1030.8036627906977,344,800,False,-0.4585,-1.7398,-0.4585,-0.4585,895.6033333333334,0.18,0.4364,985.0690934820512,351.232858474974,345988.63349905226,18.78742259874011,65002.346719073044,2.1025751380738367,-4.436787621110028,354596.46,79396.45999999999,-2.4274992764867886,-18.129414436017612
2024-11-25,SKU0042,Books & Stationery,923.8162341772152,316,800,False,-0.4585,-1.7398,-0.4585,-0.4585,873.0266666666666,0.18,0.4364,,,,,,,,291925.93,39125.92999999999,,
2024-12-02,SKU0042,Books & Stationery,908.9655526992289,389,800,False,-0.4585,-1.7398,-0.4585,-0.4585,913.2966666666669,0.18,0.4364,,,,,,,,353587.60000000003,42387.60000000002,,
2024-12-09,SKU0042,Books & Stationery,1002.024588235294,340,800,False,-0.4585,-1.7398,-0.4585,-0.4585,940.1133333333332,0.18,0.4364,1034.0518536839847,335.1305359535551,346542.35192888096,22.63444070528334,78437.92316603687,-1.432195307777906,3.1962554437007684,340688.36,68688.35999999996,1.7182835154335718,14.193908787510612
2024-12-16,SKU0042,Books & Stationery,995.6903767123288,292,800,False,-0.4585,-1.7398,-0.4585,-0.4585,896.0266666666666,0.18,0.4364,985.6172357636303,293.36452563068895,289145.1328232283,18.83258825316899,54453.51231867717,0.46730329818114313,-1.0116740288239945,290741.59,57141.590000000004,-0.5490983167463992,-4.704240258842707
2024-12-23,SKU0042,Books & Stationery,1033.714938271605,324,800,False,-0.4585,-1.7398,-0.4585,-0.4585,948.58,0.18,0.4364,1043.3309186108938,322.62740195193476,336607.1436475582,23.322506241343657,78505.22208601037,-0.42364137285964,0.9302352112050327,334923.64,75723.64000000001,0.502652977125817,3.6733338307698205
2024-12-30,SKU0042,Books & Stationery,919.24198019802,101,800,False,-0.4585,-1.7398,-0.4585,-0.4585,919.5666666666666,0.18,0.4364,982.3766504845112,97.97031003624058,96243.7450203311,18.564839707312103,17867.496991338645,-2.999693033425177,6.868123045565322,92843.44000000002,12043.440000000017,3.662407403615253,48.35874958764788
2024-07-01,SKU0043,Books & Stationery,627.64,528,650,True,-2.1452,-0.6769,-0.6769,-0.6769,881.8846666666668,0.18,0.0486,,,,,,,,331393.92,-11806.080000000007,,
2024-07-08,SKU0043,Books & Stationery,662.7391428571428,455,650,True,-2.1452,-0.6769,-0.6769,-0.6769,890.879,0.18,0.0486,,,,,,,,301546.31,5796.309999999991,,
2024-07-15,SKU0043,Books & Stationery,705.8603235294117,340,650,False,-2.1452,-0.6769,-2.1452,-2.1452,838.0020000000001,0.18,0.0486,,,,,,,,239992.50999999998,18992.509999999995,,
2024-07-22,SKU0043,Books & Stationery,627.9276431718063,454,650,False,-2.1452,-0.6769,-2.1452,-2.1452,888.6496666666668,0.18,0.0486,,,,,,,,285079.15,-10020.849999999955,,
2024-07-29,SKU0043,Books & Stationery,600.1154098360656,427,650,False,-2.1452,-0.6769,-2.1452,-2.1452,859.0523333333334,0.18,0.0486,,,,,,,,256249.28000000003,-21300.71999999998,,
2024-08-05,SKU0043,Books & Stationery,552.9698189134809,497,650,True,-2.1452,-0.6769,-0.6769,-0.6769,916.9526666666668,0.18,0.0486,,,,,,,,274826.0,-48223.99999999998,,
2024-08-12,SKU0043,Books & Stationery,570.0302288732394,568,650,True,-2.1452,-0.6769,-0.6769,-0.6769,853.5706666666669,0.18,0.0486,,,,,,,,323777.17,-45422.83000000004,,
2024-08-19,SKU0043,Books & Stationery,698.1744059405939,404,650,False,-2.1452,-0.6769,-2.1452,-2.1452,855.8916666666668,0.18,0.0486,,,,,,,,282062.45999999996,19462.459999999952,,
2024-08-26,SKU0043,Books & Stationery,700.6313838120104,383,650,False,-2.1452,-0.6769,-2.1452,-2.1452,880.0,0.18,0.0486,,,,,,,,268341.82,19391.819999999992,,
2024-09-02,SKU0043,Books & Stationery,711.1855287009064,331,650,False,-2.1452,-0.6769,-2.1452,-2.1452,896.6246666666666,0.18,0.0486,,,,,,,,235402.41,20252.410000000014,,
2024-09-09,SKU0043,Books & Stationery,601.8069500924214,541,650,False,-2.1452,-0.6769,-2.1452,-2.1452,885.2873333333333,0.18,0.0486,,,,,,,,325577.56,-26072.44000000002,,
2024-09-16,SKU0043,Books & Stationery,610.2589559164733,431,650,True,-2.1452,-0.6769,-0.6769,-0.6769,843.7403333333335,0.18,0.0486,,,,,,,,263021.61,-17128.39000000002,,
2024-09-23,SKU0043,Books & Stationery,618.3011467889908,436,650,True,-2.1452,-0.6769,-0.6769,-0.6769,840.6016666666668,0.18,0.0486,,,,,,,,269579.3,-13820.700000000026,,
2024-09-30,SKU0043,Books & Stationery,657.0360433604336,369,650,False,-2.1452,-0.6769,-2.1452,-2.1452,824.1053333333334,0.18,0.0486,,,,,,,,242446.3,2596.300000000002,,
2024-10-07,SKU0043,Books & Stationery,711.4016713091922,359,650,False,-2.1452,-0.6769,-2.1452,-2.1452,858.748,0.18,0.0486,,,,,,,,255393.2,22043.200000000015,,
2024-10-14,SKU0043,Books & Stationery,588.1345054945054,364,650,False,-2.1452,-0.6769,-2.1452,-2.1452,896.8666666666667,0.18,0.0486,,,,,,,,214080.96,-22519.040000000015,,
2024-10-21,SKU0043,Books & Stationery,702.8522508038585,311,650,False,-2.1452,-0.6769,-2.1452,-2.1452,822.7816666666668,0.18,0.0486,,,,,,,,218587.05,16437.049999999996,,
2024-10-28,SKU0043,Books & Stationery,586.5176315789474,380,650,False,-2.1452,-0.6769,-2.1452,-2.1452,857.2520000000001,0.18,0.0486,,,,,,,,222876.7,-24123.299999999977,,
2024-11-04,SKU0043,Books & Stationery,607.6470157068063,382,650,False,-2.1452,-0.6769,-2.1452,-2.1452,857.9376666666667,0.18,0.0486,,,,,,,,232121.16,-16178.839999999987,,
2024-11-11,SKU0043,Books & Stationery,714.6686585365854,328,650,False,-2.1452,-0.6769,-2.1452,-2.1452,835.9670000000001,0.18,0.0486,,,,,,,,234411.32000000004,21211.320000000025,,
2024-11-18,SKU0043,Books & Stationery,686.0193665158371,442,650,False,-2.1452,-0.6769,-2.1452,-2.1452,852.544,0.18,0.0486,,,,,,,,303220.56,15920.559999999989,,
2024-11-25,SKU0043,Books & Stationery,589.9194323144104,458,650,False,-2.1452,-0.6769,-2.1452,-2.1452,873.8693333333334,0.18,0.0486,,,,,,,,270183.1,-27516.90000000003,,
2024-12-02,SKU0043,Books & Stationery,612.9882945736434,387,650,False,-2.1452,-0.6769,-2.1452,-2.1452,877.8036666666667,0.18,0.0486,,,,,,,,237226.47,-14323.529999999993,,
2024-12-09,SKU0043,Books & Stationery,621.5814285714285,420,650,False,-2.1452,-0.6769,-2.1452,-2.1452,861.355,0.18,0.0486,,,,,,,,261064.19999999998,-11935.80000000001,,
2024-12-16,SKU0043,Books & Stationery,629.8013827160494,405,650,False,-2.1452,-0.6769,-2.1452,-2.1452,837.0706666666669,0.18,0.0486,,,,,,,,255069.56,-8180.440000000003,,
2024-12-23,SKU0043,Books & Stationery,679.8704273504273,351,650,False,-2.1452,-0.6769,-2.1452,-2.1452,852.7456666666667,0.18,0.0486,,,,,,,,238634.52,10484.519999999999,,
2024-12-30,SKU0043,Books & Stationery,698.6940860215053,93,650,False,-2.1452,-0.6769,-2.1452,-2.1452,865.8686666666667,0.18,0.0486,,,,,,,,64978.549999999996,4528.549999999994,,
2024-07-01,SKU0044,Pet Supplies,1708.827635135135,444,1600,True,-1.9091,-1.1712,-1.1712,-1.1712,1993.4066666666668,0.18,0.1127,,,,,,,,758719.47,48319.46999999999,,
2024-07-08,SKU0044,Pet Supplies,1910.6184764542936,361,1600,True,-1.9091,-1.1712,-1.1712,-1.1712,1984.0366666666664,0.18,0.1127,1960.9593863122484,350.17,686669.1483049601,18.40728517029939,126397.14830496002,-2.9999999999999916,2.634796558200203,689733.27,112133.26999999999,-0.4442473385458001,12.72046940659095
2024-07-15,SKU0044,Pet Supplies,2082.0625340599454,367,1600,False,-1.9091,-1.1712,-1.9091,-1.9091,1887.95,0.18,0.1127,2076.727449253434,368.8020356176055,765901.310707624,22.955706076154257,175818.05371945514,0.4910178794565345,-0.25624037315096215,764116.95,176916.94999999995,0.23351932025903466,-0.6211367992410066
2024-07-22,SKU0044,Pet Supplies,1861.779899665552,299,1600,False,-1.9091,-1.1712,-1.9091,-1.9091,1955.54,0.18,0.1127,,,,,,,,556672.1900000001,78272.19000000003,,
2024-07-29,SKU0044,Pet Supplies,2073.664775510204,245,1600,False,-1.9091,-1.1712,-1.9091,-1.9091,1992.9766666666667,0.18,0.1127,2107.014911394543,237.65000000000003,500732.09369291324,24.063185725580443,120492.09369291319,-2.9999999999999916,1.6082703568195411,508047.87,116047.86999999998,-1.4399777538850356,3.8296469318335635
2024-08-05,SKU0044,Pet Supplies,1705.518580858086,303,1600,True,-1.9091,-1.1712,-1.1712,-1.1712,1969.003333333333,0.18,0.1127,,,,,,,,516772.13,31972.130000000026,,
2024-08-12,SKU0044,Pet Supplies,1738.698181818182,407,1600,True,-1.9091,-1.1712,-1.1712,-1.1712,1922.223333333333,0.18,0.1127,,,,,,,,707650.1600000001,56450.16000000011,,
2024-08-19,SKU0044,Pet Supplies,1860.8339492753623,276,1600,False,-1.9091,-1.1712,-1.9091,-1.9091,1866.5733333333333,0.18,0.1127,,,,,,,,513590.17,71990.17,,
2024-08-26,SKU0044,Pet Supplies,1823.3697134670488,349,1600,False,-1.9091,-1.1712,-1.9091,-1.9091,1872.6,0.18,0.1127,,,,,,,,636356.03,77956.03000000001,,
2024-09-02,SKU0044,Pet Supplies,2096.578315018315,273,1600,False,-1.9091,-1.1712,-1.9091,-1.9091,1979.5566666666664,0.18,0.1127,2130.117705859183,264.85254528949497,564167.0961630244,24.886779937137792,140403.0236998324,-2.984415644873639,1.5997203920605552,572365.88,135565.88000000003,-1.4324375584679472,3.5681129350780383
2024-09-09,SKU0044,Pet Supplies,2091.6665461847388,249,1600,False,-1.9091,-1.1712,-1.9091,-1.9091,1849.5,0.18,0.1127,2034.3419843736542,262.5664897869348,534150.0338631778,21.350490119653216,114043.65020408208,5.448389472664594,-2.7406166587903957,520824.97,122424.96999999996,2.558453344350564,-6.846086869302792
2024-09-16,SKU0044,Pet Supplies,1757.0455048076924,416,1600,True,-1.9091,-1.1712,-1.1712,-1.1712,1953.1066666666663,0.18,0.1127,,,,,,,,730930.93,65330.93000000004,,
2024-09-23,SKU0044,Pet Supplies,1924.0376237623764,303,1600,True,-1.9091,-1.1712,-1.1712,-1.1712,1872.4566666666667,0.18,0.1127,1974.708564726963,293.9141027761067,580394.6960460187,18.975385604749874,110132.13160424803,-2.998645948479639,2.633573290812352,582983.4,98183.40000000004,-0.4440441964524644,12.169808342599664
2024-09-30,SKU0044,Pet Supplies,1838.5059876543207,324,1600,False,-1.9091,-1.1712,-1.9091,-1.9091,1874.8466666666664,0.18,0.1127,,,,,,,,595675.94,77275.93999999992,,
2024-10-07,SKU0044,Pet Supplies,1926.4810384615384,260,1600,False,-1.9091,-1.1712,-1.9091,-1.9091,1900.3633333333328,0.18,0.1127,1957.4640619328645,252.20000000000002,493672.4364194685,18.26159002785945,90152.43641946845,-2.9999999999999916,1.6082703568195411,500885.07,84885.06999999999,-1.4399777538850467,6.205291954720016
2024-10-14,SKU0044,Pet Supplies,1835.6732806324112,253,1600,False,-1.9091,-1.1712,-1.9091,-1.9091,1843.5,0.18,0.1127,,,,,,,,464425.34,59625.34000000003,,
2024-10-21,SKU0044,Pet Supplies,1799.4815037593985,266,1600,False,-1.9091,-1.1712,-1.9091,-1.9091,1938.2,0.18,0.1127,,,,,,,,478662.08,53062.08,,
2024-10-28,SKU0044,Pet Supplies,1980.8454863813229,257,1600,False,-1.9091,-1.1712,-1.9091,-1.9091,1867.61,0.18,0.1127,2012.7028371531915,249.29000000000002,501746.69027391914,20.504906612887122,102882.69027391911,-2.9999999999999916,1.6082703568195411,509077.29,97877.28999999998,-1.4399777538850356,5.113954701769052
2024-11-04,SKU0044,Pet Supplies,1883.4339662447253,237,1600,False,-1.9091,-1.1712,-1.9091,-1.9091,1821.7966666666669,0.18,0.1127,,,,,,,,446373.8499999999,67173.84999999989,,
2024-11-11,SKU0044,Pet Supplies,2062.837047619048,315,1600,False,-1.9091,-1.1712,-1.9091,-1.9091,1966.5566666666664,0.18,0.1127,2096.0130443653966,305.55,640436.785705847,23.66459720748412,151556.78570584694,-2.9999999999999916,1.6082703568195411,649793.6700000002,145793.67000000013,-1.4399777538850467,3.95292587520899
2024-11-18,SKU0044,Pet Supplies,1820.6875617283952,324,1600,False,-1.9091,-1.1712,-1.9091,-1.9091,1833.9266666666665,0.18,0.1127,,,,,,,,589902.77,71502.77000000003,,
2024-11-25,SKU0044,Pet Supplies,1932.495143884892,278,1600,False,-1.9091,-1.1712,-1.9091,-1.9091,1902.0833333333333,0.18,0.1127,1963.5748904309698,269.66,529497.6049536153,18.51596759577485,98041.60495361534,-2.9999999999999916,1.6082703568195411,537233.65,92433.65,-1.4399777538850467,6.067005850807949
2024-12-02,SKU0044,Pet Supplies,1842.588993055556,288,1600,False,-1.9091,-1.1712,-1.9091,-1.9091,1964.3666666666668,0.18,0.1127,,,,,,,,530665.6300000001,69865.63000000015,,
2024-12-09,SKU0044,Pet Supplies,2005.0618146718148,259,1600,False,-1.9091,-1.1712,-1.9091,-1.9091,1906.4166666666667,0.18,0.1127,2037.3086294730895,251.23000000000002,511833.0469825243,21.465016303700185,109865.04698252428,-2.9999999999999916,1.6082703568195411,519311.01,104911.01000000002,-1.4399777538850467,4.722132579339622
2024-12-16,SKU0044,Pet Supplies,1966.56786516854,267,1600,False,-1.9091,-1.1712,-1.9091,-1.9091,1917.6566666666668,0.18,0.1127,1998.1955931907846,258.99,517512.67668048135,19.92775855115028,103128.67668048131,-2.9999999999999916,1.6082703568195411,525073.6200000002,97873.62000000018,-1.4399777538850356,5.369226846295372
2024-12-23,SKU0044,Pet Supplies,1945.6596193771627,289,1600,False,-1.9091,-1.1712,-1.9091,-1.9091,2007.91,0.18,0.1127,1976.9510862802135,280.33000000000004,554198.6980169324,19.067294527224554,105670.69801693228,-2.9999999999999805,1.6082703568195411,562295.63,99895.63000000002,-1.4399777538850245,5.7811017528316855
2024-12-30,SKU0044,Pet Supplies,2089.7270103092783,97,1600,False,-1.9091,-1.1712,-1.9091,-1.9091,1969.4066666666668,0.18,0.1127,2123.3354703545338,94.09,199784.6344056581,24.646857628538193,49240.634405658086,-2.9999999999999916,1.6082703568195411,202703.52,47503.52,-1.4399777538850356,3.6568119702668156
2024-07-01,SKU0045,Pet Supplies,1326.845803814714,367,1100,True,-0.8569,-1.3551,-1.3551,-1.3551,1288.3633333333337,0.18,0.044,1356.9920797706168,355.9955314157078,483083.11656484724,18.93836254475842,91488.03200756869,-2.998492802259467,2.272025571413927,486952.41000000003,83252.41,-0.7945937540698833,9.892352674917992
2024-07-08,SKU0045,Pet Supplies,1365.105077399381,323,1100,True,-0.8569,-1.3551,-1.3551,-1.3551,1396.33,0.18,0.044,1396.081894346266,313.3266435818462,437429.65412090113,21.20806061201089,92770.34618087031,-2.994847188282901,2.2691891972080214,440928.94,85628.94000000003,-0.7936167399442806,8.339944627213969
2024-07-15,SKU0045,Pet Supplies,1526.7689272030652,261,1100,False,-0.8569,-1.3551,-0.8569,-0.8569,1336.8166666666666,0.18,0.044,1470.2874659363154,269.56832907593537,396342.9354537438,25.184698537881307,99817.77347021486,3.2828847034235054,-3.699411237705763,398486.69,111386.69000000003,-0.5379739399216099,-10.386264759088515
2024-07-22,SKU0045,Pet Supplies,1373.8738513513515,296,1100,False,-0.8569,-1.3551,-0.8569,-0.8569,1302.9466666666667,0.18,0.044,1423.5054325995231,287.13420818023286,408737.1052297239,22.725971056447342,92889.47623146776,-2.9951999391105155,3.6125282681050974,406666.66000000003,81066.66000000005,0.5091258845079327,14.584067274348932
2024-07-29,SKU0045,Pet Supplies,1515.7178656126482,253,1100,False,-0.8569,-1.3551,-0.8569,-0.8569,1377.5233333333333,0.18,0.044,1515.0663845794004,253.09321963932717,383453.0292405155,27.39592065430371,105050.48763725563,0.03684570724393765,-0.042981682015375,383476.62,105176.62,-0.006151811676158303,-0.11992433560268356
2024-08-05,SKU0045,Pet Supplies,1379.040748502994,334,1100,True,-0.8569,-1.3551,-1.3551,-1.3551,1274.7733333333333,0.18,0.044,1402.2477090751534,326.53157999755337,457878.1599922594,21.554516161377762,98693.42199495067,-2.2360538929480978,1.6828335636457137,460599.61,93199.60999999996,-0.5908493947141213,5.894672729800821
2024-08-12,SKU0045,Pet Supplies,1162.9727064220183,436,1100,True,-0.8569,-1.3551,-1.3551,-1.3551,1344.3833333333334,0.18,0.044,,,,,,,,507056.1,27456.099999999977,,
2024-08-19,SKU0045,Pet Supplies,1381.9221348314609,267,1100,False,-0.8569,-1.3551,-0.8569,-0.8569,1318.6966666666667,0.18,0.044,1431.9271505993536,258.99,370854.8127337266,23.180449540356904,85965.81273372659,-2.9999999999999916,3.6185118182502585,368973.2100000001,75273.21000000005,0.5099564637027543,14.205057461647419
2024-08-26,SKU0045,Pet Supplies,1398.476105610561,303,1100,False,-0.8569,-1.3551,-0.8569,-0.8569,1423.7933333333333,0.18,0.044,1448.9724043289132,293.9287239003194,425894.60977117514,24.084130469726826,102573.01348082375,-2.9938204949440883,3.6108088308241637,423738.26,90438.26,0.5088872010696299,13.417721084885702
2024-09-02,SKU0045,Pet Supplies,1428.1784081632652,245,1100,False,-0.8569,-1.3551,-0.8569,-0.8569,1339.85,0.18,0.044,1473.7617901131912,238.49200786567704,351480.40843980946,25.361072095951453,89139.19978756472,-2.656323320131826,3.1917148228385095,349903.70999999996,80403.70999999998,0.4506092375555326,10.864535713046998
2024-09-09,SKU0045,Pet Supplies,1333.9773376623375,308,1100,False,-0.8569,-1.3551,-0.8569,-0.8569,1297.5466666666669,0.18,0.044,1382.2066404029097,298.7675614236258,412958.5073367198,20.41710929131748,84314.18977073139,-2.997544992329282,3.6154514307633834,410865.01999999996,72065.01999999995,0.5095316551211537,16.997386208636932
2024-09-16,SKU0045,Pet Supplies,1240.098148148148,378,1100,True,-0.8569,-1.3551,-1.3551,-1.3551,1319.5566666666666,0.18,0.044,,,,,,,,468757.1,52957.09999999998,,
2024-09-23,SKU0045,Pet Supplies,1271.704642857143,308,1100,True,-0.8569,-1.3551,-1.3551,-1.3551,1277.11,0.18,0.044,,,,,,,,391685.03,52885.030000000035,,
2024-09-30,SKU0045,Pet Supplies,1342.091044176707,249,1100,False,-0.8569,-1.3551,-0.8569,-0.8569,1264.6666666666667,0.18,0.044,1390.6055266287387,241.53732857351773,335883.1440014753,20.897768710387417,70192.08257060582,-2.997056797784048,3.6148428724366077,334180.67000000004,60280.67000000007,0.5094471806149858,16.442107512417724
2024-10-07,SKU0045,Pet Supplies,1289.833079847909,263,1100,False,-0.8569,-1.3551,-0.8569,-0.8569,1313.2066666666667,0.18,0.044,,,,,,,,339226.10000000003,49926.10000000006,,
2024-10-14,SKU0045,Pet Supplies,1380.5404363636364,275,1100,False,-0.8569,-1.3551,-0.8569,-0.8569,1282.2733333333333,0.18,0.044,1410.4431938184052,269.99640505376686,380814.5918635228,22.010329460909496,83818.5463043792,-1.8194890713575051,2.166018224973776,379648.62,77148.62000000002,0.30711868872927983,8.645554909963614
2024-10-21,SKU0045,Pet Supplies,1471.6310169491526,236,1100,False,-0.8569,-1.3551,-0.8569,-0.8569,1249.236666666667,0.18,0.044,1374.1446323879138,250.27582728630787,343915.1846819245,19.95020217861057,68611.77466698588,6.049079358605036,-6.624376860671122,347304.92,87704.92000000001,-0.9760113153811534,-21.769754003554343
2024-10-28,SKU0045,Pet Supplies,1426.9391881918818,271,1100,False,-0.8569,-1.3551,-0.8569,-0.8569,1273.94,0.18,0.044,1401.3030995297042,275.24281597252127,385698.61114557803,21.501636557488922,82931.51357580464,1.5656147500078488,-1.796578920413694,386700.51999999996,88600.51999999997,-0.2590916749793726,-6.398389562719653
2024-11-04,SKU0045,Pet Supplies,1456.4358974358977,234,1100,False,-0.8569,-1.3551,-0.8569,-0.8569,1266.9633333333334,0.18,0.044,1393.4943197807625,243.02809805114484,338658.2741813925,21.061752144561144,71327.36632513319,3.8581615603183073,-4.321616747152824,340806.00000000006,83406.00000000006,-0.630190142957443,-14.481732339240416
2024-11-11,SKU0045,Pet Supplies,1282.5014942528735,261,1100,False,-0.8569,-1.3551,-0.8569,-0.8569,1321.8466666666666,0.18,0.044,,,,,,,,334732.88999999996,47632.889999999985,,
2024-11-18,SKU0045,Pet Supplies,1379.1823636363636,220,1100,False,-0.8569,-1.3551,-0.8569,-0.8569,1244.9033333333334,0.18,0.044,1369.356001833894,221.35209364882294,303109.81795651384,19.670268467305956,59622.51494280862,0.6145880221922528,-0.7124773388604955,303420.12,61420.11999999998,-0.10226811705372763,-2.926736478520975
2024-11-25,SKU0045,Pet Supplies,1474.903209876543,243,1100,False,-0.8569,-1.3551,-0.8569,-0.8569,1283.3733333333332,0.18,0.044,1411.5870415859224,252.3104500508674,356158.16174851655,22.073526633954742,78616.66669256242,3.8314609262828814,-4.292903281152971,358401.48,91101.47999999997,-0.6259232666905978,-13.704292518011297
2024-12-02,SKU0045,Pet Supplies,1295.729543859649,285,1100,False,-0.8569,-1.3551,-0.8569,-0.8569,1257.4766666666667,0.18,0.044,1342.6145171274588,276.4502035067529,371166.0564910068,18.070303429053915,67070.8326335786,-2.9999285941217813,3.6184228020418097,369282.92,55782.91999999999,0.5099441076253486,20.235428037074076
2024-12-09,SKU0045,Pet Supplies,1428.8406862745098,306,1100,False,-0.8569,-1.3551,-0.8569,-0.8569,1350.0633333333333,0.18,0.044,1480.4042361113238,296.84391879977335,439448.9948550703,25.695970521575706,112920.68417531962,-2.992183398766879,3.6087683065113563,437225.25,100625.25000000001,0.5086039415771015,12.21903466110108
2024-12-16,SKU0045,Pet Supplies,1255.5907894736845,266,1100,False,-0.8569,-1.3551,-0.8569,-0.8569,1322.5966666666666,0.18,0.044,,,,,,,,333987.1500000001,41387.150000000074,,
2024-12-23,SKU0045,Pet Supplies,1506.3601851851852,270,1100,False,-0.8569,-1.3551,-0.8569,-0.8569,1318.6533333333334,0.18,0.044,1450.3970258165095,278.902785691941,404519.7708595306,24.158697210458733,97726.70659839548,3.297328034052227,-3.7151247038433755,406717.25,109717.25,-0.5402965181509733,-10.928585433561743
2024-12-30,SKU0045,Pet Supplies,1401.699818181818,55,1100,False,-0.8569,-1.3551,-0.8569,-0.8569,1265.1066666666666,0.18,0.044,1391.555148151026,55.343403225925286,77013.39767523443,20.951749453725814,16135.65412671662,0.6243695016823425,-0.723740554090313,77093.48999999999,16593.48999999999,-0.1038898676990252,-2.759129473566868
2024-07-01,SKU0046,Pet Supplies,485.04469168900806,373,450,True,-0.1701,-1.4172,-1.4172,-1.4172,584.1866666666666,0.18,0.9052,,,,,,,,180921.67,13071.670000000007,,
2024-07-08,SKU0046,Pet Supplies,536.7178186968838,353,450,True,-0.1701,-1.4172,-1.4172,-1.4172,609.4733333333334,0.18,0.9052,,,,,,,,189461.38999999998,30611.38999999998,,
2024-07-15,SKU0046,Pet Supplies,593.9364564564564,333,450,False,-0.1701,-1.4172,-0.1701,-0.1701,577.9266666666666,0.18,0.9052,635.6610985459519,329.17642503950265,209244.64795603944,29.207560281830027,61115.25668826324,-1.148220708858061,7.025102035061637,197780.84,47930.83999999999,5.796217649818569,27.507168011792093
2024-07-22,SKU0046,Pet Supplies,536.2295268138802,317,450,False,-0.1701,-1.4172,-0.1701,-0.1701,567.09,0.18,0.9052,623.7719411866202,308.94980528174807,192714.21976982433,27.858249099189774,53686.80739303769,-2.5394936019722203,16.325549041077903,169984.76,27334.760000000013,13.371469165720695,96.40489762133512
2024-07-29,SKU0046,Pet Supplies,507.87951890034367,291,450,False,-0.1701,-1.4172,-0.1701,-0.1701,556.05,0.18,0.9052,607.4160679145218,282.2746440406794,171458.15435516078,25.915690451684608,44434.56453685506,-2.9984041097321668,19.598456978476662,147792.94,16842.940000000006,16.012411929257773,163.81715150000562
2024-08-05,SKU0046,Pet Supplies,565.3614715719065,299,450,True,-0.1701,-1.4172,-1.4172,-1.4172,569.0366666666667,0.18,0.9052,577.6440364229994,290.03000000000003,167534.09988376254,22.097352067100324,37020.59988376252,-2.9999999999999916,2.172515367370731,169043.08000000005,34493.08000000003,-0.8926600936503881,7.327614361380563
2024-08-12,SKU0046,Pet Supplies,458.34347031963466,438,450,True,-0.1701,-1.4172,-1.4172,-1.4172,555.7866666666666,0.18,0.9052,,,,,,,,200754.43999999997,3654.439999999982,,
2024-08-19,SKU0046,Pet Supplies,555.181875,320,450,False,-0.1701,-1.4172,-0.1701,-0.1701,561.1766666666666,0.18,0.9052,617.205620057875,314.2869136261952,193979.6494007316,27.090748143575915,52550.53826894376,-1.7853394918139975,11.171788534680637,177658.2,33658.2,9.186994690215023,56.12997209875681
2024-08-26,SKU0046,Pet Supplies,553.4374603174602,252,450,False,-0.1701,-1.4172,-0.1701,-0.1701,566.35,0.18,0.9052,622.8783594606532,246.98382368223852,153840.87890851195,27.754754493372925,42698.158251504625,-1.9905461578418548,12.547198937954175,139466.24,26066.239999999983,10.306894993736094,63.80635738604668
2024-09-02,SKU0046,Pet Supplies,605.1317567567568,222,450,False,-0.1701,-1.4172,-0.1701,-0.1701,557.32,0.18,0.9052,612.9011083993013,221.5187754065762,135769.10297794643,26.578693718591257,36085.654044987146,-0.21676783487558637,1.2839107443616715,134339.25,34439.25,1.0643598039637991,4.780603657127114
2024-09-09,SKU0046,Pet Supplies,550.3635782747604,313,450,False,-0.1701,-1.4172,-0.1701,-0.1701,572.2933333333334,0.18,0.9052,629.4601796321928,305.9316068862223,192571.76422576688,28.510171959893515,54902.54112696683,-2.2582725603123577,14.37169981439881,172263.8,31413.799999999992,11.788875100727436,74.772046447634
2024-09-16,SKU0046,Pet Supplies,555.2619649122807,285,450,True,-0.1701,-1.4172,-1.4172,-1.4172,555.3466666666667,0.18,0.9052,567.3251164291647,276.45000000000005,156837.0284368426,20.68040230047064,32434.528436842593,-2.9999999999999805,2.172515367370731,158249.66,29999.66000000001,-0.892660093650377,8.116320107769814
2024-09-23,SKU0046,Pet Supplies,488.2226648351648,364,450,True,-0.1701,-1.4172,-1.4172,-1.4172,538.5733333333334,0.18,0.9052,,,,,,,,177713.05,13913.04999999998,,
2024-09-30,SKU0046,Pet Supplies,534.7971565495208,313,450,False,-0.1701,-1.4172,-0.1701,-0.1701,535.0300000000001,0.18,0.9052,588.4484252508274,307.9512008735576,181213.39920814618,23.527707664747933,42635.35881504528,-1.6130348646780868,10.032078152296364,167391.51,26541.51,8.257222369369966,60.63652299754341
2024-10-07,SKU0046,Pet Supplies,542.5206109324758,311,450,False,-0.1701,-1.4172,-0.1701,-0.1701,562.33,0.18,0.9052,618.5397193233205,304.13959567691563,188122.42014510758,27.2480026840802,51259.60209049553,-2.205917788773104,14.012206515100711,168723.90999999997,28773.90999999999,11.497190970211403,78.14611253908679
2024-10-14,SKU0046,Pet Supplies,504.8405167173252,329,450,False,-0.1701,-1.4172,-0.1701,-0.1701,527.0066666666667,0.18,0.9052,579.6997202923794,321.35242538008646,186287.91110811385,22.37360408367346,41679.319687074945,-2.324490765931164,14.828287567293263,166092.53,18042.529999999995,12.159114626114654,131.00596028979834
2024-10-21,SKU0046,Pet Supplies,523.2678745644599,287,450,False,-0.1701,-1.4172,-0.1701,-0.1701,543.3666666666667,0.18,0.9052,597.6338622846957,280.5855068035547,167687.40013211718,24.703061791094957,41423.922070517554,-2.2350150510262345,14.211838971030666,150177.88,21027.88,11.659187179974296,96.99523713525831
2024-10-28,SKU0046,Pet Supplies,512.1103422053233,263,450,False,-0.1701,-1.4172,-0.1701,-0.1701,555.71,0.18,0.9052,611.2589370126435,255.20053325541284,155993.60668276343,26.381444466194854,41153.36671782765,-2.965576708968498,19.3607874389633,134685.02000000002,16335.020000000019,15.82105172703201,151.93337209154078
2024-11-04,SKU0046,Pet Supplies,537.0027335640139,289,450,False,-0.1701,-1.4172,-0.1701,-0.1701,545.54,0.18,0.9052,600.0854752483455,283.59122848749206,170178.9771231788,25.010682884172887,42562.92430380737,-1.871547236161919,11.747191911977817,155193.79,25143.790000000005,9.655790430260636,69.27807742511118
2024-11-11,SKU0046,Pet Supplies,556.8664573991032,223,450,False,-0.1701,-1.4172,-0.1701,-0.1701,556.8533333333334,0.18,0.9052,612.531417873656,219.41513559558203,134398.66410930234,26.534380626200072,35661.85309129043,-1.607562513191918,9.996105840984072,124181.22000000002,23831.22000000001,8.227849677513488,49.643421911637
2024-11-18,SKU0046,Pet Supplies,502.6850287356322,348,450,False,-0.1701,-1.4172,-0.1701,-0.1701,545.3333333333334,0.18,0.9052,599.8432791309242,337.69564188556836,202564.4611768616,24.980404773063867,50601.42232835584,-2.961022446675754,19.32785836882136,174934.39,18334.39000000001,15.794533697383105,175.9918509879838
2024-11-25,SKU0046,Pet Supplies,525.0726488095238,336,450,False,-0.1701,-1.4172,-0.1701,-0.1701,551.6566666666666,0.18,0.9052,606.7768425666627,327.83503529914935,198922.70760154826,25.837644347713983,51396.94171693105,-2.430049018110314,15.560550324299616,176424.41,25224.409999999996,12.75237230582109,103.75874685247766
2024-12-02,SKU0046,Pet Supplies,537.3524923076923,325,450,False,-0.1701,-1.4172,-0.1701,-0.1701,556.9933333333333,0.18,0.9052,612.634330299961,317.8319234689752,194714.7475823641,26.54672163414858,51690.38202132524,-2.2055620095460915,14.00976808890686,174639.56,28389.55999999999,11.495211956766326,82.07531931218821
2024-12-09,SKU0046,Pet Supplies,597.8791428571428,245,450,False,-0.1701,-1.4172,-0.1701,-0.1701,566.38,0.18,0.9052,622.8771777412661,243.29891537416395,151545.34175577038,27.75461743006367,42060.8298373966,-0.6943202554432815,4.181118405412643,146480.38999999998,36230.38999999999,3.4577677979765076,16.092677548866053
2024-12-16,SKU0046,Pet Supplies,556.8314925373135,268,450,False,-0.1701,-1.4172,-0.1701,-0.1701,543.2633333333333,0.18,0.9052,597.4862010340319,264.806742132092,158218.37436470215,24.684453093441615,39055.34040526075,-1.191514129816429,7.301079238795771,149230.84,28630.840000000007,6.0225717182200045,36.41004038044549
2024-12-23,SKU0046,Pet Supplies,546.4240157480316,254,450,False,-0.1701,-1.4172,-0.1701,-0.1701,547.4699999999999,0.18,0.9052,602.1757676370478,249.836911744666,150445.7341139136,25.270988275431467,38019.12382881391,-1.6390111241472494,10.203020050774004,138791.7,24491.700000000026,8.39678029299562,55.232686292964004
2024-12-30,SKU0046,Pet Supplies,503.8707692307692,104,450,False,-0.1701,-1.4172,-0.1701,-0.1701,554.8466666666667,0.18,0.9052,602.62600108708,100.88153625874264,60793.83677912734,25.32681975416879,15397.145462693155,-2.9985228281320775,19.59931750100821,52402.56,5602.559999999998,16.013104663450296,174.82339256863222
2024-07-01,SKU0047,Pet Supplies,367.4794817658349,521,350,True,-1.8668,-3.0724,-3.0724,-3.0724,424.98,0.18,0.0096,,,,,,,,191456.81,9106.809999999992,,
2024-07-08,SKU0047,Pet Supplies,361.30309012875534,466,350,True,-1.8668,-3.0724,-3.0724,-3.0724,428.82,0.18,0.0096,,,,,,,,168367.24,5267.23999999999,,
2024-07-15,SKU0047,Pet Supplies,421.5100290697675,344,350,False,-1.8668,-3.0724,-1.8668,-1.8668,428.94666666666666,0.18,0.0096,428.44229676609484,333.682349891621,142963.6323778738,18.308719133984074,26174.809915806432,-2.999316891970638,1.6446269882655518,144999.45,24599.450000000015,-1.4040174787740445,6.404045276648129
2024-07-22,SKU0047,Pet Supplies,408.53439344262296,305,350,False,-1.8668,-3.0724,-1.8668,-1.8668,419.35,0.18,0.0096,,,,,,,,124602.99,17852.99,,
2024-07-29,SKU0047,Pet Supplies,388.3010240963856,332,350,False,-1.8668,-3.0724,-1.8668,-1.8668,427.52,0.18,0.0096,,,,,,,,128915.94000000003,12715.940000000024,,
2024-08-05,SKU0047,Pet Supplies,418.71871165644166,326,350,True,-1.8668,-3.0724,-3.0724,-3.0724,414.6166666666666,0.18,0.0096,,,,,,,,136502.3,22402.29999999998,,
2024-08-12,SKU0047,Pet Supplies,377.505497382199,382,350,True,-1.8668,-3.0724,-3.0724,-3.0724,404.8633333333333,0.18,0.0096,,,,,,,,144207.1,10507.100000000017,,
2024-08-19,SKU0047,Pet Supplies,444.535737704918,305,350,False,-1.8668,-3.0724,-1.8668,-1.8668,402.5866666666666,0.18,0.0096,442.8324947450426,307.19360273734446,136035.3094698958,20.96334299010514,28517.548511825233,0.7192140122440849,-0.383150962995471,135583.4,28833.39999999999,0.33330737383470144,-1.0954361545109426
2024-08-26,SKU0047,Pet Supplies,398.5340131578947,304,350,False,-1.8668,-3.0724,-1.8668,-1.8668,418.4866666666667,0.18,0.0096,,,,,,,,121154.34,14754.339999999995,,
2024-09-02,SKU0047,Pet Supplies,456.4406355932204,236,350,False,-1.8668,-3.0724,-1.8668,-1.8668,399.76,0.18,0.0096,439.7227543715275,253.0254304368089,111261.03919771494,20.40439196733485,22702.13854483183,7.214165439325804,-3.66266276883197,107719.99000000002,25119.990000000016,3.287272118865703,-9.625208669144314
2024-09-09,SKU0047,Pet Supplies,444.4007258064516,248,350,False,-1.8668,-3.0724,-1.8668,-1.8668,402.96,0.18,0.0096,443.2428512214914,249.21076709977132,110460.89096439768,21.036515527443285,23237.122479477715,0.48821254023037053,-0.2605474108664074,110211.37999999999,23411.379999999994,0.2263931042308709,-0.7443282733537226
2024-09-16,SKU0047,Pet Supplies,417.93561797752807,267,350,True,-1.8668,-3.0724,-3.0724,-3.0724,410.67,0.18,0.0096,,,,,,,,111588.81,18138.809999999994,,
2024-09-23,SKU0047,Pet Supplies,404.208087431694,366,350,True,-1.8668,-3.0724,-3.0724,-3.0724,417.7033333333334,0.18,0.0096,,,,,,,,147940.16,19840.160000000014,,
2024-09-30,SKU0047,Pet Supplies,398.193883161512,291,350,False,-1.8668,-3.0724,-1.8668,-1.8668,396.37000000000006,0.18,0.0096,,,,,,,,115874.42,14024.419999999998,,
2024-10-07,SKU0047,Pet Supplies,398.8881978798586,283,350,False,-1.8668,-3.0724,-1.8668,-1.8668,392.8666666666666,0.18,0.0096,,,,,,,,112885.35999999997,13835.359999999979,,
2024-10-14,SKU0047,Pet Supplies,416.61835294117645,255,350,False,-1.8668,-3.0724,-1.8668,-1.8668,415.41,0.18,0.0096,,,,,,,,106237.68,16987.679999999997,,
2024-10-21,SKU0047,Pet Supplies,423.8065637065637,259,350,False,-1.8668,-3.0724,-1.8668,-1.8668,407.5133333333333,0.18,0.0096,430.7782258982754,251.23000000000002,108224.41369242374,18.75169659047496,20293.913692423735,-2.9999999999999916,1.6450104337078608,109765.9,19115.899999999994,-1.4043398793033623,6.162480931704706
2024-10-28,SKU0047,Pet Supplies,459.4775289575289,259,350,False,-1.8668,-3.0724,-1.8668,-1.8668,406.5133333333333,0.18,0.0096,447.15398355610023,272.4842434742661,121842.4149257884,21.727187306587243,26472.929709795262,5.206271611685764,-2.682077930859539,119004.67999999998,28354.67999999998,2.384557418908595,-6.636471616695083
2024-11-04,SKU0047,Pet Supplies,405.6,295,350,False,-1.8668,-3.0724,-1.8668,-1.8668,429.90333333333336,0.18,0.0096,,,,,,,,119652.0,16402.000000000007,,
2024-11-11,SKU0047,Pet Supplies,415.5046840148699,269,350,False,-1.8668,-3.0724,-1.8668,-1.8668,410.23,0.18,0.0096,,,,,,,,111770.76,17620.760000000002,,
2024-11-18,SKU0047,Pet Supplies,461.2530932203389,236,350,False,-1.8668,-3.0724,-1.8668,-1.8668,408.7466666666666,0.18,0.0096,449.58023342019,247.5673544744253,111301.38901183104,22.149602232872095,24652.814945782186,4.901421387468341,-2.530684340489142,108855.72999999998,26255.729999999978,2.2466975434651593,-6.105010427125023
2024-11-25,SKU0047,Pet Supplies,457.116338028169,213,350,False,-1.8668,-3.0724,-1.8668,-1.8668,402.6366666666666,0.18,0.0096,442.8753471962452,225.9639791529753,100073.87572121904,20.97099054716419,20986.48301767769,6.086375189190285,-3.1153974704457577,97365.78,22815.780000000002,2.7813629400586626,-8.017683297797895
2024-12-02,SKU0047,Pet Supplies,434.9942181818182,275,350,False,-1.8668,-3.0724,-1.8668,-1.8668,406.5833333333333,0.18,0.0096,442.13458247078466,266.76727292833704,117947.03683304015,20.838583120078088,24578.49130812219,-2.993718935150169,1.6414848727901887,119623.41,23373.410000000007,-1.4013755058143285,5.155778759377361
2024-12-09,SKU0047,Pet Supplies,419.8000657894737,304,350,False,-1.8668,-3.0724,-1.8668,-1.8668,412.48,0.18,0.0096,,,,,,,,127619.22,21219.22000000001,,
2024-12-16,SKU0047,Pet Supplies,445.22645283018863,265,350,False,-1.8668,-3.0724,-1.8668,-1.8668,397.2033333333333,0.18,0.0096,436.9220739052499,274.4799637795203,119926.35501998587,19.89418230311239,23858.36769715377,3.577344822460482,-1.8652033975407267,117985.01,25235.009999999987,1.6454166677494664,-5.455287328383129
2024-12-23,SKU0047,Pet Supplies,460.6097244094488,254,350,False,-1.8668,-3.0724,-1.8668,-1.8668,398.3866666666667,0.18,0.0096,438.2139748883215,278.768764798043,122160.368496858,20.130342696351196,24591.300817542968,9.75148220395392,-4.86219641798511,116994.87,28094.869999999995,4.415149567547716,-12.470494373019092
2024-12-30,SKU0047,Pet Supplies,454.74528571428567,70,350,False,-1.8668,-3.0724,-1.8668,-1.8668,400.01,0.18,0.0096,440.00999345028436,74.43957002220802,32754.154717913734,20.456352080661176,6700.305210140928,6.342242888868599,-3.240339752144117,31832.17,7332.169999999997,2.8963929192189486,-8.61770512493668
2024-07-01,SKU0048,Pet Supplies,1025.6879859484775,427,900,True,-1.9437,-0.1011,-0.1011,-0.1011,1077.6966666666667,0.18,0.0017,1185.4268882318372,420.79713963777937,498824.2438176707,24.077983304189697,120106.81814366925,-1.4526605063748588,15.57382990458307,437968.7699999999,53668.76999999989,13.89493452185433,123.79275348339362
2024-07-08,SKU0048,Pet Supplies,971.5341223404254,376,900,True,-1.9437,-0.1011,-0.1011,-0.1011,1041.2033333333331,0.18,0.0017,1145.2452147364556,369.7985617482812,423510.03325864277,21.414209950913577,90691.32768518967,-1.649318683967771,17.88008145072253,365296.82999999996,26896.82999999994,15.935863242679327,237.1822169571279
2024-07-15,SKU0048,Pet Supplies,1098.106783625731,342,900,False,-1.9437,-0.1011,-1.9437,-1.9437,1097.1233333333332,0.18,0.0017,1115.4325557394222,331.75035188551396,370045.1428711115,19.313812801224152,71469.82617414893,-2.996973132890657,1.5777857283136854,375552.51999999996,67752.51999999997,-1.4664732189490937,5.486594704003567
2024-07-22,SKU0048,Pet Supplies,1104.6064469914038,349,900,False,-1.9437,-0.1011,-1.9437,-1.9437,1051.1633333333332,0.18,0.0017,1122.0527832543569,338.53000000000003,379848.52871509746,19.789869653932314,75171.52871509745,-2.9999999999999916,1.5794164800025712,385507.6499999999,71407.64999999992,-1.4679660143974926,5.270974069441481
2024-07-29,SKU0048,Pet Supplies,1077.667116564417,326,900,False,-1.9437,-0.1011,-1.9437,-1.9437,1018.7,0.18,0.0017,,,,,,,,351319.4799999999,57919.47999999995,,
2024-08-05,SKU0048,Pet Supplies,1106.9384615384615,325,900,True,-1.9437,-0.1011,-0.1011,-0.1011,1028.5466666666669,0.18,0.0017,1131.0735704579597,324.2920627570111,366798.18129374925,20.429579162069935,74935.32481243928,-0.21782684399659358,2.180347847517594,359755.0,67255.0,1.9577716206166107,11.419708292973429
2024-08-12,SKU0048,Pet Supplies,959.5762239583332,384,900,True,-1.9437,-0.1011,-0.1011,-0.1011,1066.3566666666666,0.18,0.0017,1172.8054604316803,376.2882984533147,441312.9711225933,23.26093027664345,102653.50251461007,-2.008255611115961,22.221187973349153,368477.26999999996,22877.26999999996,19.766674107901782,348.7139528213386
2024-08-19,SKU0048,Pet Supplies,1110.6742903225806,310,900,False,-1.9437,-0.1011,-1.9437,-1.9437,1081.0966666666666,0.18,0.0017,1128.216463103087,300.70000000000005,339254.69045509835,20.228074183157403,68624.6904550983,-2.9999999999999805,1.5794164800025712,344309.03,65309.03,-1.4679660143974926,5.07687903969527
2024-08-26,SKU0048,Pet Supplies,1044.7386930091184,329,900,False,-1.9437,-0.1011,-1.9437,-1.9437,1054.1533333333334,0.18,0.0017,,,,,,,,343719.02999999997,47619.02999999995,,
2024-09-02,SKU0048,Pet Supplies,1084.2875746268658,268,900,False,-1.9437,-0.1011,-1.9437,-1.9437,1044.2133333333334,0.18,0.0017,1101.4129912711426,259.96000000000004,286323.32121084625,18.286781876314308,52359.32121084623,-2.9999999999999916,1.5794164800025712,290589.07,49389.07000000002,-1.4679660143975037,6.013984897561775
2024-09-09,SKU0048,Pet Supplies,952.6792574257428,404,900,False,-1.9437,-0.1011,-1.9437,-1.9437,1054.7333333333331,0.18,0.0017,,,,,,,,384882.4200000001,21282.420000000082,,
2024-09-16,SKU0048,Pet Supplies,992.98476340694,317,900,True,-1.9437,-0.1011,-0.1011,-0.1011,1039.01,0.18,0.0017,1142.8466030073926,312.5270241158255,357170.4478587806,21.24927373178023,75896.12615453768,-1.4110334019477921,15.092058319835155,314776.17,29476.16999999999,13.468070933953058,157.48299780649145
2024-09-23,SKU0048,Pet Supplies,973.51211143695,341,900,True,-1.9437,-0.1011,-0.1011,-0.1011,1040.9033333333334,0.18,0.0017,1144.9628645456123,335.4531541327968,384081.40427674784,21.394830533899263,82173.56555723072,-1.6266410167751322,17.611568576747636,331967.62999999995,25067.629999999957,15.698450561805654,227.80747744095015
2024-09-30,SKU0048,Pet Supplies,1148.2026910299005,301,900,False,-1.9437,-0.1011,-1.9437,-1.9437,1049.8,0.18,0.0017,1154.7715557030615,297.6808828087694,343753.4161441434,22.062507033951707,75840.62161625092,-1.102696741272624,0.5720997454960575,345609.01000000007,74709.01000000005,-0.5369055210269758,1.5146922924702988
2024-10-07,SKU0048,Pet Supplies,978.0578839590444,293,900,False,-1.9437,-0.1011,-1.9437,-1.9437,1010.82,0.18,0.0017,,,,,,,,286570.96,22870.960000000003,,
2024-10-14,SKU0048,Pet Supplies,950.1121824104234,307,900,False,-1.9437,-0.1011,-1.9437,-1.9437,1048.6066666666668,0.18,0.0017,,,,,,,,291684.44,15384.439999999993,,
2024-10-21,SKU0048,Pet Supplies,1009.9711923076924,260,900,False,-1.9437,-0.1011,-1.9437,-1.9437,1030.7,0.18,0.0017,,,,,,,,262592.51,28592.510000000017,,
2024-10-28,SKU0048,Pet Supplies,1161.7254285714284,245,900,False,-1.9437,-0.1011,-1.9437,-1.9437,1074.4533333333334,0.18,0.0017,1180.073911442666,237.65000000000003,280444.5650543496,23.733590644357992,66559.56505434959,-2.9999999999999916,1.5794164800025712,284622.73,64122.72999999997,-1.4679660143975037,3.8002671663380783
2024-11-04,SKU0048,Pet Supplies,958.2577507598784,329,900,False,-1.9437,-0.1011,-1.9437,-1.9437,1055.87,0.18,0.0017,,,,,,,,315266.8,19166.799999999985,,
2024-11-11,SKU0048,Pet Supplies,1044.0963425925927,216,900,False,-1.9437,-0.1011,-1.9437,-1.9437,1075.3166666666668,0.18,0.0017,,,,,,,,225524.81000000003,31124.81000000002,,
2024-11-18,SKU0048,Pet Supplies,957.8680759493672,395,900,False,-1.9437,-0.1011,-1.9437,-1.9437,1042.7733333333333,0.18,0.0017,,,,,,,,378357.89,22857.890000000025,,
2024-11-25,SKU0048,Pet Supplies,1120.2081132075473,212,900,False,-1.9437,-0.1011,-1.9437,-1.9437,1025.5366666666666,0.18,0.0017,1128.0884592894124,209.13098261255232,235918.24796507505,20.219022489875154,47700.363613777954,-1.3533100884187244,0.7034716129042273,237484.12000000002,46684.120000000024,-0.6593586278210828,2.1768507444885454
2024-12-02,SKU0048,Pet Supplies,1078.5251760563378,284,900,False,-1.9437,-0.1011,-1.9437,-1.9437,982.4066666666666,0.18,0.0017,,,,,,,,306301.14999999997,50701.14999999995,,
2024-12-09,SKU0048,Pet Supplies,996.4777469135802,324,900,False,-1.9437,-0.1011,-1.9437,-1.9437,1040.5833333333333,0.18,0.0017,,,,,,,,322858.79,31258.78999999998,,
2024-12-16,SKU0048,Pet Supplies,1096.5809652509654,259,900,False,-1.9437,-0.1011,-1.9437,-1.9437,998.5833333333334,0.18,0.0017,1098.4278396903533,258.1542341628478,283563.7977384145,18.064713267490568,51224.98699185148,-0.32655051627498155,0.16842116523199113,284014.47000000003,50914.47000000004,-0.1586793312275736,0.6098796508172244
2024-12-23,SKU0048,Pet Supplies,1094.917027027027,333,900,False,-1.9437,-0.1011,-1.9437,-1.9437,1073.7866666666666,0.18,0.0017,1112.210326994246,323.01000000000005,359255.05772241147,19.080053641269952,68546.05772241144,-2.9999999999999805,1.5794164800025712,364607.37,64907.36999999998,-1.4679660143974926,5.605970049951892
2024-12-30,SKU0048,Pet Supplies,1063.514153846154,65,900,False,-1.9437,-0.1011,-1.9437,-1.9437,1108.1,0.18,0.0017,,,,,,,,69128.42000000001,10628.420000000006,,
2024-07-01,SKU0049,Pet Supplies,2260.0543920595533,403,1800,True,-2.1919,-0.5177,-0.5177,-0.5177,2231.31,0.18,0.1568,2396.81362459299,390.927063545629,936979.3121282931,24.9002933924133,233310.59774616096,-2.9957658695709766,6.051147840243343,910801.9199999999,185401.91999999995,2.874103748957091,25.84044315515235
2024-07-08,SKU0049,Pet Supplies,2204.6889701897016,369,1800,True,-2.1919,-0.5177,-0.5177,-0.5177,2354.2000000000003,0.18,0.1568,2338.151787768882,357.9413577746086,836921.2255971221,23.016118567836813,192626.78160282664,-2.9969220123011953,6.053589389876457,813530.2299999999,149330.22999999992,2.8752460246157296,28.993829047759956
2024-07-15,SKU0049,Pet Supplies,2413.188722627737,274,1800,False,-2.1919,-0.5177,-2.1919,-2.1919,2149.5066666666667,0.18,0.1568,2364.272485833044,286.57928382566786,677551.5157587652,23.866643511448903,161708.80487256302,4.5909794984189345,-2.0270373525294816,661213.71,168013.71,2.4708812766095267,-3.752613478648248
2024-07-22,SKU0049,Pet Supplies,2017.739520766773,313,1800,False,-2.1919,-0.5177,-2.1919,-2.1919,2195.7966666666666,0.18,0.1568,,,,,,,,631552.47,68152.46999999996,,
2024-07-29,SKU0049,Pet Supplies,2249.251548821549,297,1800,False,-2.1919,-0.5177,-2.1919,-2.1919,2232.8566666666666,0.18,0.1568,2280.725909641382,288.09000000000003,657054.3273085858,21.077758954252005,138492.3273085857,-2.9999999999999916,1.3993259596208008,668027.7100000001,133427.71000000005,-1.6426538191678164,3.7957762361249037
2024-08-05,SKU0049,Pet Supplies,1939.3710695187167,374,1800,True,-2.1919,-0.5177,-0.5177,-0.5177,2231.8,0.18,0.1568,,,,,,,,725324.78,52124.78000000004,,
2024-08-12,SKU0049,Pet Supplies,2241.6661329305134,331,1800,True,-2.1919,-0.5177,-0.5177,-0.5177,2269.7066666666665,0.18,0.1568,2377.330542552311,321.08276493446664,763319.8637658516,24.28482418488119,185370.8868838117,-2.996143524330319,6.051945364604516,741991.49,146191.48999999993,2.8744768711365776,26.800053056311146
2024-08-19,SKU0049,Pet Supplies,2386.045257142857,350,1800,False,-2.1919,-0.5177,-2.1919,-2.1919,2217.1633333333334,0.18,0.1568,2419.4338078343576,339.50000000000006,821397.7777597646,25.60242837925848,210297.77775976443,-2.9999999999999805,1.3993259596208008,835115.8399999999,205115.83999999988,-1.6426538191678053,2.526346946079139
2024-08-26,SKU0049,Pet Supplies,2159.409925925926,270,1800,False,-2.1919,-0.5177,-2.1919,-2.1919,2180.8,0.18,0.1568,,,,,,,,583040.68,97040.68000000002,,
2024-09-02,SKU0049,Pet Supplies,2226.5445985401457,274,1800,False,-2.1919,-0.5177,-2.1919,-2.1919,2231.9,0.18,0.1568,2257.7012151100525,265.78000000000003,600051.8289519498,20.272886954518547,121647.82895194978,-2.9999999999999916,1.3993259596208008,610073.22,116873.21999999991,-1.6426538191678275,4.085289129494218
2024-09-09,SKU0049,Pet Supplies,2347.374746376812,276,1800,False,-2.1919,-0.5177,-2.1919,-2.1919,2158.98,0.18,0.1568,2374.8488909315697,269.0495059962371,638951.9209208504,24.205703913484648,154662.8101276236,-2.5182949288996115,1.170420044654752,647875.43,151075.43000000005,-1.3773495128762137,2.3745622485559448
2024-09-16,SKU0049,Pet Supplies,2199.5527181208054,298,1800,True,-2.1919,-0.5177,-0.5177,-0.5177,2098.66,0.18,0.1568,2308.4457506518356,290.63785228569003,670921.715087477,22.025458060180355,147773.580973235,-2.470519367218116,4.950689821340748,655466.71,119066.70999999999,2.357862703275515,24.109905256670828
2024-09-23,SKU0049,Pet Supplies,2218.3473566878984,314,1800,True,-2.1919,-0.5177,-0.5177,-0.5177,2116.8266666666664,0.18,0.1568,2328.47737290849,306.2216981752793,713030.295294751,22.6962640503726,161831.23857924814,-2.4771661862167837,4.964507289111886,696561.0700000001,131361.0700000001,2.3643620070169735,23.195737199193054
2024-09-30,SKU0049,Pet Supplies,2301.657558685446,213,1800,False,-2.1919,-0.5177,-2.1919,-2.1919,2179.07,0.18,0.1568,2333.865250405706,206.61000000000004,482199.899386323,22.874724678852036,110301.89938632291,-2.9999999999999805,1.3993259596208008,490253.06,106853.06,-1.6426538191677942,3.2276468135988834
2024-10-07,SKU0049,Pet Supplies,2370.775333333333,225,1800,False,-2.1919,-0.5177,-2.1919,-2.1919,2104.153333333333,0.18,0.1568,2314.482246145777,237.16925194652043,548924.0229618963,22.228826641575047,122019.36945815953,5.4085564206757475,-2.374458954253056,533424.45,128424.44999999994,2.9056735141961276,-4.9874307749345315
2024-10-14,SKU0049,Pet Supplies,2338.818885017421,287,1800,False,-2.1919,-0.5177,-2.1919,-2.1919,2138.6,0.18,0.1568,2352.297050226499,283.4078349598746,666659.4141871914,23.479052110927874,156525.31125941715,-1.2516254495210433,0.5762808439516043,671241.0199999998,154641.01999999984,-0.6825574832730497,1.218493811937682
2024-10-21,SKU0049,Pet Supplies,2106.6651502145924,233,1800,False,-2.1919,-0.5177,-2.1919,-2.1919,2188.76,0.18,0.1568,,,,,,,,490852.98000000004,71452.98000000003,,
2024-10-28,SKU0049,Pet Supplies,2318.070962199313,291,1800,False,-2.1919,-0.5177,-2.1919,-2.1919,2212.4066666666663,0.18,0.1568,2350.5083309357997,282.27000000000004,663477.9865732483,23.42082024089775,155391.9865732482,-2.9999999999999916,1.3993259596208008,674558.65,150758.65000000002,-1.6426538191677942,3.073347083731637
2024-11-04,SKU0049,Pet Supplies,2365.988259259259,270,1800,False,-2.1919,-0.5177,-2.1919,-2.1919,2229.94,0.18,0.1568,2399.096147172654,261.90000000000003,628323.2809445182,24.971743957768915,156903.28094451813,-2.9999999999999916,1.3993259596208008,638816.83,152816.8299999999,-1.6426538191678164,2.6740843561001926
2024-11-11,SKU0049,Pet Supplies,2123.4375187969927,266,1800,False,-2.1919,-0.5177,-2.1919,-2.1919,2210.693333333333,0.18,0.1568,,,,,,,,564834.38,86034.38000000005,,
2024-11-18,SKU0049,Pet Supplies,2228.0578402366864,338,1800,False,-2.1919,-0.5177,-2.1919,-2.1919,2268.9666666666667,0.18,0.1568,2259.2356319904848,327.86000000000007,740712.9943044005,20.327035634874356,150564.99430440037,-2.9999999999999805,1.3993259596208008,753083.55,144683.55,-1.6426538191678053,4.06504008534514
2024-11-25,SKU0049,Pet Supplies,2428.1291139240507,237,1800,False,-2.1919,-0.5177,-2.1919,-2.1919,2217.18,0.18,0.1568,2438.85564351246,234.72121830617266,572451.1679181294,26.19489370811529,149952.97496701856,-0.9615112632182843,0.4417610878638456,575466.6,148866.6,-0.5239977579707733,0.7297640753658241
2024-12-02,SKU0049,Pet Supplies,2145.323813229572,257,1800,False,-2.1919,-0.5177,-2.1919,-2.1919,2277.8566666666666,0.18,0.1568,,,,,,,,551348.22,88748.21999999997,,
2024-12-09,SKU0049,Pet Supplies,2114.307122093024,344,1800,False,-2.1919,-0.5177,-2.1919,-2.1919,2272.11,0.18,0.1568,,,,,,,,727321.6500000004,108121.65000000031,,
2024-12-16,SKU0049,Pet Supplies,2042.7739240506328,395,1800,False,-2.1919,-0.5177,-2.1919,-2.1919,2212.2133333333336,0.18,0.1568,,,,,,,,806895.7,95895.69999999995,,
2024-12-23,SKU0049,Pet Supplies,2297.9270312500003,320,1800,False,-2.1919,-0.5177,-2.1919,-2.1919,2280.833333333333,0.18,0.1568,2330.082520731425,310.4000000000001,723257.6144350346,22.749517067104964,164537.6144350344,-2.9999999999999694,1.3993259596208008,735336.6500000001,159336.65000000008,-1.6426538191678053,3.2641356743940086
2024-12-30,SKU0049,Pet Supplies,2340.185625,48,1800,False,-2.1919,-0.5177,-2.1919,-2.1919,2311.543333333333,0.18,0.1568,2372.9324499539393,46.56000000000001,110483.73486985544,24.144490500142997,26675.73486985542,-2.9999999999999805,1.3993259596208008,112328.91,25928.910000000003,-1.6426538191678053,2.8802786922219825
